===== Calculation =====
sK = 4853
Inv(sK) = 93
Vk = 
Track Vigenere Key
(0, 0), 1, k
(1, 0), 2, e
(2, 0), 3, y
(3, 0), 4, k
(4, 0), 5, e
(5, 0), 6, y
(6, 0), 7, k
(7, 0), 8, e
(8, 0), 9, y
(9, 0), 10, k
(10, 0), 11, e
(11, 0), 12, y
(12, 0), 13, k
(13, 0), 14, e
(14, 0), 15, y
(15, 0), 16, k
(16, 0), 17, e
(17, 0), 18, y
(18, 0), 19, k
(19, 0), 20, e
(20, 0), 21, y
(21, 0), 22, k
(22, 0), 23, e
(23, 0), 24, y
(24, 0), 25, k
(25, 0), 26, e
(26, 0), 27, y
(27, 0), 28, k
(28, 0), 29, e
(29, 0), 30, y
(30, 0), 31, k
(31, 0), 32, e
(32, 0), 33, y
(33, 0), 34, k
(34, 0), 35, e
(35, 0), 36, y
(36, 0), 37, k
(37, 0), 38, e
(38, 0), 39, y
(39, 0), 40, k
(40, 0), 41, e
(41, 0), 42, y
(42, 0), 43, k
(43, 0), 44, e
(44, 0), 45, y
(45, 0), 46, k
(46, 0), 47, e
(47, 0), 48, y
(48, 0), 49, k
(49, 0), 50, e
(50, 0), 51, y
(51, 0), 52, k
(52, 0), 53, e
(53, 0), 54, y
(54, 0), 55, k
(55, 0), 56, e
(56, 0), 57, y
(57, 0), 58, k
(58, 0), 59, e
(59, 0), 60, y
(60, 0), 61, k
(61, 0), 62, e
(62, 0), 63, y
(63, 0), 64, k
(64, 0), 65, e
(65, 0), 66, y
(66, 0), 67, k
(67, 0), 68, e
(68, 0), 69, y
(69, 0), 70, k
(70, 0), 71, e
(71, 0), 72, y
(72, 0), 73, k
(73, 0), 74, e
(74, 0), 75, y
(75, 0), 76, k
(76, 0), 77, e
(77, 0), 78, y
(78, 0), 79, k
(79, 0), 80, e
(80, 0), 81, y
(81, 0), 82, k
(82, 0), 83, e
(83, 0), 84, y
(84, 0), 85, k
(85, 0), 86, e
(86, 0), 87, y
(87, 0), 88, k
(88, 0), 89, e
(89, 0), 90, y
(90, 0), 91, k
(91, 0), 92, e
(92, 0), 93, y
(93, 0), 94, k
(94, 0), 95, e
(95, 0), 96, y
(96, 0), 97, k
(97, 0), 98, e
(98, 0), 99, y
(99, 0), 100, k
(0, 1), 101, e
(1, 1), 102, y
(2, 1), 103, k
(3, 1), 104, e
(4, 1), 105, y
(5, 1), 106, k
(6, 1), 107, e
(7, 1), 108, y
(8, 1), 109, k
(9, 1), 110, e
(10, 1), 111, y
(11, 1), 112, k
(12, 1), 113, e
(13, 1), 114, y
(14, 1), 115, k
(15, 1), 116, e
(16, 1), 117, y
(17, 1), 118, k
(18, 1), 119, e
(19, 1), 120, y
(20, 1), 121, k
(21, 1), 122, e
(22, 1), 123, y
(23, 1), 124, k
(24, 1), 125, e
(25, 1), 126, y
(26, 1), 127, k
(27, 1), 128, e
(28, 1), 129, y
(29, 1), 130, k
(30, 1), 131, e
(31, 1), 132, y
(32, 1), 133, k
(33, 1), 134, e
(34, 1), 135, y
(35, 1), 136, k
(36, 1), 137, e
(37, 1), 138, y
(38, 1), 139, k
(39, 1), 140, e
(40, 1), 141, y
(41, 1), 142, k
(42, 1), 143, e
(43, 1), 144, y
(44, 1), 145, k
(45, 1), 146, e
(46, 1), 147, y
(47, 1), 148, k
(48, 1), 149, e
(49, 1), 150, y
(50, 1), 151, k
(51, 1), 152, e
(52, 1), 153, y
(53, 1), 154, k
(54, 1), 155, e
(55, 1), 156, y
(56, 1), 157, k
(57, 1), 158, e
(58, 1), 159, y
(59, 1), 160, k
(60, 1), 161, e
(61, 1), 162, y
(62, 1), 163, k
(63, 1), 164, e
(64, 1), 165, y
(65, 1), 166, k
(66, 1), 167, e
(67, 1), 168, y
(68, 1), 169, k
(69, 1), 170, e
(70, 1), 171, y
(71, 1), 172, k
(72, 1), 173, e
(73, 1), 174, y
(74, 1), 175, k
(75, 1), 176, e
(76, 1), 177, y
(77, 1), 178, k
(78, 1), 179, e
(79, 1), 180, y
(80, 1), 181, k
(81, 1), 182, e
(82, 1), 183, y
(83, 1), 184, k
(84, 1), 185, e
(85, 1), 186, y
(86, 1), 187, k
(87, 1), 188, e
(88, 1), 189, y
(89, 1), 190, k
(90, 1), 191, e
(91, 1), 192, y
(92, 1), 193, k
(93, 1), 194, e
(94, 1), 195, y
(95, 1), 196, k
(96, 1), 197, e
(97, 1), 198, y
(98, 1), 199, k
(99, 1), 200, e
(0, 2), 201, y
(1, 2), 202, k
(2, 2), 203, e
(3, 2), 204, y
(4, 2), 205, k
(5, 2), 206, e
(6, 2), 207, y
(7, 2), 208, k
(8, 2), 209, e
(9, 2), 210, y
(10, 2), 211, k
(11, 2), 212, e
(12, 2), 213, y
(13, 2), 214, k
(14, 2), 215, e
(15, 2), 216, y
(16, 2), 217, k
(17, 2), 218, e
(18, 2), 219, y
(19, 2), 220, k
(20, 2), 221, e
(21, 2), 222, y
(22, 2), 223, k
(23, 2), 224, e
(24, 2), 225, y
(25, 2), 226, k
(26, 2), 227, e
(27, 2), 228, y
(28, 2), 229, k
(29, 2), 230, e
(30, 2), 231, y
(31, 2), 232, k
(32, 2), 233, e
(33, 2), 234, y
(34, 2), 235, k
(35, 2), 236, e
(36, 2), 237, y
(37, 2), 238, k
(38, 2), 239, e
(39, 2), 240, y
(40, 2), 241, k
(41, 2), 242, e
(42, 2), 243, y
(43, 2), 244, k
(44, 2), 245, e
(45, 2), 246, y
(46, 2), 247, k
(47, 2), 248, e
(48, 2), 249, y
(49, 2), 250, k
(50, 2), 251, e
(51, 2), 252, y
(52, 2), 253, k
(53, 2), 254, e
(54, 2), 255, y
(55, 2), 256, k
(56, 2), 257, e
(57, 2), 258, y
(58, 2), 259, k
(59, 2), 260, e
(60, 2), 261, y
(61, 2), 262, k
(62, 2), 263, e
(63, 2), 264, y
(64, 2), 265, k
(65, 2), 266, e
(66, 2), 267, y
(67, 2), 268, k
(68, 2), 269, e
(69, 2), 270, y
(70, 2), 271, k
(71, 2), 272, e
(72, 2), 273, y
(73, 2), 274, k
(74, 2), 275, e
(75, 2), 276, y
(76, 2), 277, k
(77, 2), 278, e
(78, 2), 279, y
(79, 2), 280, k
(80, 2), 281, e
(81, 2), 282, y
(82, 2), 283, k
(83, 2), 284, e
(84, 2), 285, y
(85, 2), 286, k
(86, 2), 287, e
(87, 2), 288, y
(88, 2), 289, k
(89, 2), 290, e
(90, 2), 291, y
(91, 2), 292, k
(92, 2), 293, e
(93, 2), 294, y
(94, 2), 295, k
(95, 2), 296, e
(96, 2), 297, y
(97, 2), 298, k
(98, 2), 299, e
(99, 2), 300, y
(0, 3), 301, k
(1, 3), 302, e
(2, 3), 303, y
(3, 3), 304, k
(4, 3), 305, e
(5, 3), 306, y
(6, 3), 307, k
(7, 3), 308, e
(8, 3), 309, y
(9, 3), 310, k
(10, 3), 311, e
(11, 3), 312, y
(12, 3), 313, k
(13, 3), 314, e
(14, 3), 315, y
(15, 3), 316, k
(16, 3), 317, e
(17, 3), 318, y
(18, 3), 319, k
(19, 3), 320, e
(20, 3), 321, y
(21, 3), 322, k
(22, 3), 323, e
(23, 3), 324, y
(24, 3), 325, k
(25, 3), 326, e
(26, 3), 327, y
(27, 3), 328, k
(28, 3), 329, e
(29, 3), 330, y
(30, 3), 331, k
(31, 3), 332, e
(32, 3), 333, y
(33, 3), 334, k
(34, 3), 335, e
(35, 3), 336, y
(36, 3), 337, k
(37, 3), 338, e
(38, 3), 339, y
(39, 3), 340, k
(40, 3), 341, e
(41, 3), 342, y
(42, 3), 343, k
(43, 3), 344, e
(44, 3), 345, y
(45, 3), 346, k
(46, 3), 347, e
(47, 3), 348, y
(48, 3), 349, k
(49, 3), 350, e
(50, 3), 351, y
(51, 3), 352, k
(52, 3), 353, e
(53, 3), 354, y
(54, 3), 355, k
(55, 3), 356, e
(56, 3), 357, y
(57, 3), 358, k
(58, 3), 359, e
(59, 3), 360, y
(60, 3), 361, k
(61, 3), 362, e
(62, 3), 363, y
(63, 3), 364, k
(64, 3), 365, e
(65, 3), 366, y
(66, 3), 367, k
(67, 3), 368, e
(68, 3), 369, y
(69, 3), 370, k
(70, 3), 371, e
(71, 3), 372, y
(72, 3), 373, k
(73, 3), 374, e
(74, 3), 375, y
(75, 3), 376, k
(76, 3), 377, e
(77, 3), 378, y
(78, 3), 379, k
(79, 3), 380, e
(80, 3), 381, y
(81, 3), 382, k
(82, 3), 383, e
(83, 3), 384, y
(84, 3), 385, k
(85, 3), 386, e
(86, 3), 387, y
(87, 3), 388, k
(88, 3), 389, e
(89, 3), 390, y
(90, 3), 391, k
(91, 3), 392, e
(92, 3), 393, y
(93, 3), 394, k
(94, 3), 395, e
(95, 3), 396, y
(96, 3), 397, k
(97, 3), 398, e
(98, 3), 399, y
(99, 3), 400, k
(0, 4), 401, e
(1, 4), 402, y
(2, 4), 403, k
(3, 4), 404, e
(4, 4), 405, y
(5, 4), 406, k
(6, 4), 407, e
(7, 4), 408, y
(8, 4), 409, k
(9, 4), 410, e
(10, 4), 411, y
(11, 4), 412, k
(12, 4), 413, e
(13, 4), 414, y
(14, 4), 415, k
(15, 4), 416, e
(16, 4), 417, y
(17, 4), 418, k
(18, 4), 419, e
(19, 4), 420, y
(20, 4), 421, k
(21, 4), 422, e
(22, 4), 423, y
(23, 4), 424, k
(24, 4), 425, e
(25, 4), 426, y
(26, 4), 427, k
(27, 4), 428, e
(28, 4), 429, y
(29, 4), 430, k
(30, 4), 431, e
(31, 4), 432, y
(32, 4), 433, k
(33, 4), 434, e
(34, 4), 435, y
(35, 4), 436, k
(36, 4), 437, e
(37, 4), 438, y
(38, 4), 439, k
(39, 4), 440, e
(40, 4), 441, y
(41, 4), 442, k
(42, 4), 443, e
(43, 4), 444, y
(44, 4), 445, k
(45, 4), 446, e
(46, 4), 447, y
(47, 4), 448, k
(48, 4), 449, e
(49, 4), 450, y
(50, 4), 451, k
(51, 4), 452, e
(52, 4), 453, y
(53, 4), 454, k
(54, 4), 455, e
(55, 4), 456, y
(56, 4), 457, k
(57, 4), 458, e
(58, 4), 459, y
(59, 4), 460, k
(60, 4), 461, e
(61, 4), 462, y
(62, 4), 463, k
(63, 4), 464, e
(64, 4), 465, y
(65, 4), 466, k
(66, 4), 467, e
(67, 4), 468, y
(68, 4), 469, k
(69, 4), 470, e
(70, 4), 471, y
(71, 4), 472, k
(72, 4), 473, e
(73, 4), 474, y
(74, 4), 475, k
(75, 4), 476, e
(76, 4), 477, y
(77, 4), 478, k
(78, 4), 479, e
(79, 4), 480, y
(80, 4), 481, k
(81, 4), 482, e
(82, 4), 483, y
(83, 4), 484, k
(84, 4), 485, e
(85, 4), 486, y
(86, 4), 487, k
(87, 4), 488, e
(88, 4), 489, y
(89, 4), 490, k
(90, 4), 491, e
(91, 4), 492, y
(92, 4), 493, k
(93, 4), 494, e
(94, 4), 495, y
(95, 4), 496, k
(96, 4), 497, e
(97, 4), 498, y
(98, 4), 499, k
(99, 4), 500, e
(0, 5), 501, y
(1, 5), 502, k
(2, 5), 503, e
(3, 5), 504, y
(4, 5), 505, k
(5, 5), 506, e
(6, 5), 507, y
(7, 5), 508, k
(8, 5), 509, e
(9, 5), 510, y
(10, 5), 511, k
(11, 5), 512, e
(12, 5), 513, y
(13, 5), 514, k
(14, 5), 515, e
(15, 5), 516, y
(16, 5), 517, k
(17, 5), 518, e
(18, 5), 519, y
(19, 5), 520, k
(20, 5), 521, e
(21, 5), 522, y
(22, 5), 523, k
(23, 5), 524, e
(24, 5), 525, y
(25, 5), 526, k
(26, 5), 527, e
(27, 5), 528, y
(28, 5), 529, k
(29, 5), 530, e
(30, 5), 531, y
(31, 5), 532, k
(32, 5), 533, e
(33, 5), 534, y
(34, 5), 535, k
(35, 5), 536, e
(36, 5), 537, y
(37, 5), 538, k
(38, 5), 539, e
(39, 5), 540, y
(40, 5), 541, k
(41, 5), 542, e
(42, 5), 543, y
(43, 5), 544, k
(44, 5), 545, e
(45, 5), 546, y
(46, 5), 547, k
(47, 5), 548, e
(48, 5), 549, y
(49, 5), 550, k
(50, 5), 551, e
(51, 5), 552, y
(52, 5), 553, k
(53, 5), 554, e
(54, 5), 555, y
(55, 5), 556, k
(56, 5), 557, e
(57, 5), 558, y
(58, 5), 559, k
(59, 5), 560, e
(60, 5), 561, y
(61, 5), 562, k
(62, 5), 563, e
(63, 5), 564, y
(64, 5), 565, k
(65, 5), 566, e
(66, 5), 567, y
(67, 5), 568, k
(68, 5), 569, e
(69, 5), 570, y
(70, 5), 571, k
(71, 5), 572, e
(72, 5), 573, y
(73, 5), 574, k
(74, 5), 575, e
(75, 5), 576, y
(76, 5), 577, k
(77, 5), 578, e
(78, 5), 579, y
(79, 5), 580, k
(80, 5), 581, e
(81, 5), 582, y
(82, 5), 583, k
(83, 5), 584, e
(84, 5), 585, y
(85, 5), 586, k
(86, 5), 587, e
(87, 5), 588, y
(88, 5), 589, k
(89, 5), 590, e
(90, 5), 591, y
(91, 5), 592, k
(92, 5), 593, e
(93, 5), 594, y
(94, 5), 595, k
(95, 5), 596, e
(96, 5), 597, y
(97, 5), 598, k
(98, 5), 599, e
(99, 5), 600, y
(0, 6), 601, k
(1, 6), 602, e
(2, 6), 603, y
(3, 6), 604, k
(4, 6), 605, e
(5, 6), 606, y
(6, 6), 607, k
(7, 6), 608, e
(8, 6), 609, y
(9, 6), 610, k
(10, 6), 611, e
(11, 6), 612, y
(12, 6), 613, k
(13, 6), 614, e
(14, 6), 615, y
(15, 6), 616, k
(16, 6), 617, e
(17, 6), 618, y
(18, 6), 619, k
(19, 6), 620, e
(20, 6), 621, y
(21, 6), 622, k
(22, 6), 623, e
(23, 6), 624, y
(24, 6), 625, k
(25, 6), 626, e
(26, 6), 627, y
(27, 6), 628, k
(28, 6), 629, e
(29, 6), 630, y
(30, 6), 631, k
(31, 6), 632, e
(32, 6), 633, y
(33, 6), 634, k
(34, 6), 635, e
(35, 6), 636, y
(36, 6), 637, k
(37, 6), 638, e
(38, 6), 639, y
(39, 6), 640, k
(40, 6), 641, e
(41, 6), 642, y
(42, 6), 643, k
(43, 6), 644, e
(44, 6), 645, y
(45, 6), 646, k
(46, 6), 647, e
(47, 6), 648, y
(48, 6), 649, k
(49, 6), 650, e
(50, 6), 651, y
(51, 6), 652, k
(52, 6), 653, e
(53, 6), 654, y
(54, 6), 655, k
(55, 6), 656, e
(56, 6), 657, y
(57, 6), 658, k
(58, 6), 659, e
(59, 6), 660, y
(60, 6), 661, k
(61, 6), 662, e
(62, 6), 663, y
(63, 6), 664, k
(64, 6), 665, e
(65, 6), 666, y
(66, 6), 667, k
(67, 6), 668, e
(68, 6), 669, y
(69, 6), 670, k
(70, 6), 671, e
(71, 6), 672, y
(72, 6), 673, k
(73, 6), 674, e
(74, 6), 675, y
(75, 6), 676, k
(76, 6), 677, e
(77, 6), 678, y
(78, 6), 679, k
(79, 6), 680, e
(80, 6), 681, y
(81, 6), 682, k
(82, 6), 683, e
(83, 6), 684, y
(84, 6), 685, k
(85, 6), 686, e
(86, 6), 687, y
(87, 6), 688, k
(88, 6), 689, e
(89, 6), 690, y
(90, 6), 691, k
(91, 6), 692, e
(92, 6), 693, y
(93, 6), 694, k
(94, 6), 695, e
(95, 6), 696, y
(96, 6), 697, k
(97, 6), 698, e
(98, 6), 699, y
(99, 6), 700, k
(0, 7), 701, e
(1, 7), 702, y
(2, 7), 703, k
(3, 7), 704, e
(4, 7), 705, y
(5, 7), 706, k
(6, 7), 707, e
(7, 7), 708, y
(8, 7), 709, k
(9, 7), 710, e
(10, 7), 711, y
(11, 7), 712, k
(12, 7), 713, e
(13, 7), 714, y
(14, 7), 715, k
(15, 7), 716, e
(16, 7), 717, y
(17, 7), 718, k
(18, 7), 719, e
(19, 7), 720, y
(20, 7), 721, k
(21, 7), 722, e
(22, 7), 723, y
(23, 7), 724, k
(24, 7), 725, e
(25, 7), 726, y
(26, 7), 727, k
(27, 7), 728, e
(28, 7), 729, y
(29, 7), 730, k
(30, 7), 731, e
(31, 7), 732, y
(32, 7), 733, k
(33, 7), 734, e
(34, 7), 735, y
(35, 7), 736, k
(36, 7), 737, e
(37, 7), 738, y
(38, 7), 739, k
(39, 7), 740, e
(40, 7), 741, y
(41, 7), 742, k
(42, 7), 743, e
(43, 7), 744, y
(44, 7), 745, k
(45, 7), 746, e
(46, 7), 747, y
(47, 7), 748, k
(48, 7), 749, e
(49, 7), 750, y
(50, 7), 751, k
(51, 7), 752, e
(52, 7), 753, y
(53, 7), 754, k
(54, 7), 755, e
(55, 7), 756, y
(56, 7), 757, k
(57, 7), 758, e
(58, 7), 759, y
(59, 7), 760, k
(60, 7), 761, e
(61, 7), 762, y
(62, 7), 763, k
(63, 7), 764, e
(64, 7), 765, y
(65, 7), 766, k
(66, 7), 767, e
(67, 7), 768, y
(68, 7), 769, k
(69, 7), 770, e
(70, 7), 771, y
(71, 7), 772, k
(72, 7), 773, e
(73, 7), 774, y
(74, 7), 775, k
(75, 7), 776, e
(76, 7), 777, y
(77, 7), 778, k
(78, 7), 779, e
(79, 7), 780, y
(80, 7), 781, k
(81, 7), 782, e
(82, 7), 783, y
(83, 7), 784, k
(84, 7), 785, e
(85, 7), 786, y
(86, 7), 787, k
(87, 7), 788, e
(88, 7), 789, y
(89, 7), 790, k
(90, 7), 791, e
(91, 7), 792, y
(92, 7), 793, k
(93, 7), 794, e
(94, 7), 795, y
(95, 7), 796, k
(96, 7), 797, e
(97, 7), 798, y
(98, 7), 799, k
(99, 7), 800, e
(0, 8), 801, y
(1, 8), 802, k
(2, 8), 803, e
(3, 8), 804, y
(4, 8), 805, k
(5, 8), 806, e
(6, 8), 807, y
(7, 8), 808, k
(8, 8), 809, e
(9, 8), 810, y
(10, 8), 811, k
(11, 8), 812, e
(12, 8), 813, y
(13, 8), 814, k
(14, 8), 815, e
(15, 8), 816, y
(16, 8), 817, k
(17, 8), 818, e
(18, 8), 819, y
(19, 8), 820, k
(20, 8), 821, e
(21, 8), 822, y
(22, 8), 823, k
(23, 8), 824, e
(24, 8), 825, y
(25, 8), 826, k
(26, 8), 827, e
(27, 8), 828, y
(28, 8), 829, k
(29, 8), 830, e
(30, 8), 831, y
(31, 8), 832, k
(32, 8), 833, e
(33, 8), 834, y
(34, 8), 835, k
(35, 8), 836, e
(36, 8), 837, y
(37, 8), 838, k
(38, 8), 839, e
(39, 8), 840, y
(40, 8), 841, k
(41, 8), 842, e
(42, 8), 843, y
(43, 8), 844, k
(44, 8), 845, e
(45, 8), 846, y
(46, 8), 847, k
(47, 8), 848, e
(48, 8), 849, y
(49, 8), 850, k
(50, 8), 851, e
(51, 8), 852, y
(52, 8), 853, k
(53, 8), 854, e
(54, 8), 855, y
(55, 8), 856, k
(56, 8), 857, e
(57, 8), 858, y
(58, 8), 859, k
(59, 8), 860, e
(60, 8), 861, y
(61, 8), 862, k
(62, 8), 863, e
(63, 8), 864, y
(64, 8), 865, k
(65, 8), 866, e
(66, 8), 867, y
(67, 8), 868, k
(68, 8), 869, e
(69, 8), 870, y
(70, 8), 871, k
(71, 8), 872, e
(72, 8), 873, y
(73, 8), 874, k
(74, 8), 875, e
(75, 8), 876, y
(76, 8), 877, k
(77, 8), 878, e
(78, 8), 879, y
(79, 8), 880, k
(80, 8), 881, e
(81, 8), 882, y
(82, 8), 883, k
(83, 8), 884, e
(84, 8), 885, y
(85, 8), 886, k
(86, 8), 887, e
(87, 8), 888, y
(88, 8), 889, k
(89, 8), 890, e
(90, 8), 891, y
(91, 8), 892, k
(92, 8), 893, e
(93, 8), 894, y
(94, 8), 895, k
(95, 8), 896, e
(96, 8), 897, y
(97, 8), 898, k
(98, 8), 899, e
(99, 8), 900, y
(0, 9), 901, k
(1, 9), 902, e
(2, 9), 903, y
(3, 9), 904, k
(4, 9), 905, e
(5, 9), 906, y
(6, 9), 907, k
(7, 9), 908, e
(8, 9), 909, y
(9, 9), 910, k
(10, 9), 911, e
(11, 9), 912, y
(12, 9), 913, k
(13, 9), 914, e
(14, 9), 915, y
(15, 9), 916, k
(16, 9), 917, e
(17, 9), 918, y
(18, 9), 919, k
(19, 9), 920, e
(20, 9), 921, y
(21, 9), 922, k
(22, 9), 923, e
(23, 9), 924, y
(24, 9), 925, k
(25, 9), 926, e
(26, 9), 927, y
(27, 9), 928, k
(28, 9), 929, e
(29, 9), 930, y
(30, 9), 931, k
(31, 9), 932, e
(32, 9), 933, y
(33, 9), 934, k
(34, 9), 935, e
(35, 9), 936, y
(36, 9), 937, k
(37, 9), 938, e
(38, 9), 939, y
(39, 9), 940, k
(40, 9), 941, e
(41, 9), 942, y
(42, 9), 943, k
(43, 9), 944, e
(44, 9), 945, y
(45, 9), 946, k
(46, 9), 947, e
(47, 9), 948, y
(48, 9), 949, k
(49, 9), 950, e
(50, 9), 951, y
(51, 9), 952, k
(52, 9), 953, e
(53, 9), 954, y
(54, 9), 955, k
(55, 9), 956, e
(56, 9), 957, y
(57, 9), 958, k
(58, 9), 959, e
(59, 9), 960, y
(60, 9), 961, k
(61, 9), 962, e
(62, 9), 963, y
(63, 9), 964, k
(64, 9), 965, e
(65, 9), 966, y
(66, 9), 967, k
(67, 9), 968, e
(68, 9), 969, y
(69, 9), 970, k
(70, 9), 971, e
(71, 9), 972, y
(72, 9), 973, k
(73, 9), 974, e
(74, 9), 975, y
(75, 9), 976, k
(76, 9), 977, e
(77, 9), 978, y
(78, 9), 979, k
(79, 9), 980, e
(80, 9), 981, y
(81, 9), 982, k
(82, 9), 983, e
(83, 9), 984, y
(84, 9), 985, k
(85, 9), 986, e
(86, 9), 987, y
(87, 9), 988, k
(88, 9), 989, e
(89, 9), 990, y
(90, 9), 991, k
(91, 9), 992, e
(92, 9), 993, y
(93, 9), 994, k
(94, 9), 995, e
(95, 9), 996, y
(96, 9), 997, k
(97, 9), 998, e
(98, 9), 999, y
(99, 9), 1000, k
(0, 10), 1001, e
(1, 10), 1002, y
(2, 10), 1003, k
(3, 10), 1004, e
(4, 10), 1005, y
(5, 10), 1006, k
(6, 10), 1007, e
(7, 10), 1008, y
(8, 10), 1009, k
(9, 10), 1010, e
(10, 10), 1011, y
(11, 10), 1012, k
(12, 10), 1013, e
(13, 10), 1014, y
(14, 10), 1015, k
(15, 10), 1016, e
(16, 10), 1017, y
(17, 10), 1018, k
(18, 10), 1019, e
(19, 10), 1020, y
(20, 10), 1021, k
(21, 10), 1022, e
(22, 10), 1023, y
(23, 10), 1024, k
(24, 10), 1025, e
(25, 10), 1026, y
(26, 10), 1027, k
(27, 10), 1028, e
(28, 10), 1029, y
(29, 10), 1030, k
(30, 10), 1031, e
(31, 10), 1032, y
(32, 10), 1033, k
(33, 10), 1034, e
(34, 10), 1035, y
(35, 10), 1036, k
(36, 10), 1037, e
(37, 10), 1038, y
(38, 10), 1039, k
(39, 10), 1040, e
(40, 10), 1041, y
(41, 10), 1042, k
(42, 10), 1043, e
(43, 10), 1044, y
(44, 10), 1045, k
(45, 10), 1046, e
(46, 10), 1047, y
(47, 10), 1048, k
(48, 10), 1049, e
(49, 10), 1050, y
(50, 10), 1051, k
(51, 10), 1052, e
(52, 10), 1053, y
(53, 10), 1054, k
(54, 10), 1055, e
(55, 10), 1056, y
(56, 10), 1057, k
(57, 10), 1058, e
(58, 10), 1059, y
(59, 10), 1060, k
(60, 10), 1061, e
(61, 10), 1062, y
(62, 10), 1063, k
(63, 10), 1064, e
(64, 10), 1065, y
(65, 10), 1066, k
(66, 10), 1067, e
(67, 10), 1068, y
(68, 10), 1069, k
(69, 10), 1070, e
(70, 10), 1071, y
(71, 10), 1072, k
(72, 10), 1073, e
(73, 10), 1074, y
(74, 10), 1075, k
(75, 10), 1076, e
(76, 10), 1077, y
(77, 10), 1078, k
(78, 10), 1079, e
(79, 10), 1080, y
(80, 10), 1081, k
(81, 10), 1082, e
(82, 10), 1083, y
(83, 10), 1084, k
(84, 10), 1085, e
(85, 10), 1086, y
(86, 10), 1087, k
(87, 10), 1088, e
(88, 10), 1089, y
(89, 10), 1090, k
(90, 10), 1091, e
(91, 10), 1092, y
(92, 10), 1093, k
(93, 10), 1094, e
(94, 10), 1095, y
(95, 10), 1096, k
(96, 10), 1097, e
(97, 10), 1098, y
(98, 10), 1099, k
(99, 10), 1100, e
(0, 11), 1101, y
(1, 11), 1102, k
(2, 11), 1103, e
(3, 11), 1104, y
(4, 11), 1105, k
(5, 11), 1106, e
(6, 11), 1107, y
(7, 11), 1108, k
(8, 11), 1109, e
(9, 11), 1110, y
(10, 11), 1111, k
(11, 11), 1112, e
(12, 11), 1113, y
(13, 11), 1114, k
(14, 11), 1115, e
(15, 11), 1116, y
(16, 11), 1117, k
(17, 11), 1118, e
(18, 11), 1119, y
(19, 11), 1120, k
(20, 11), 1121, e
(21, 11), 1122, y
(22, 11), 1123, k
(23, 11), 1124, e
(24, 11), 1125, y
(25, 11), 1126, k
(26, 11), 1127, e
(27, 11), 1128, y
(28, 11), 1129, k
(29, 11), 1130, e
(30, 11), 1131, y
(31, 11), 1132, k
(32, 11), 1133, e
(33, 11), 1134, y
(34, 11), 1135, k
(35, 11), 1136, e
(36, 11), 1137, y
(37, 11), 1138, k
(38, 11), 1139, e
(39, 11), 1140, y
(40, 11), 1141, k
(41, 11), 1142, e
(42, 11), 1143, y
(43, 11), 1144, k
(44, 11), 1145, e
(45, 11), 1146, y
(46, 11), 1147, k
(47, 11), 1148, e
(48, 11), 1149, y
(49, 11), 1150, k
(50, 11), 1151, e
(51, 11), 1152, y
(52, 11), 1153, k
(53, 11), 1154, e
(54, 11), 1155, y
(55, 11), 1156, k
(56, 11), 1157, e
(57, 11), 1158, y
(58, 11), 1159, k
(59, 11), 1160, e
(60, 11), 1161, y
(61, 11), 1162, k
(62, 11), 1163, e
(63, 11), 1164, y
(64, 11), 1165, k
(65, 11), 1166, e
(66, 11), 1167, y
(67, 11), 1168, k
(68, 11), 1169, e
(69, 11), 1170, y
(70, 11), 1171, k
(71, 11), 1172, e
(72, 11), 1173, y
(73, 11), 1174, k
(74, 11), 1175, e
(75, 11), 1176, y
(76, 11), 1177, k
(77, 11), 1178, e
(78, 11), 1179, y
(79, 11), 1180, k
(80, 11), 1181, e
(81, 11), 1182, y
(82, 11), 1183, k
(83, 11), 1184, e
(84, 11), 1185, y
(85, 11), 1186, k
(86, 11), 1187, e
(87, 11), 1188, y
(88, 11), 1189, k
(89, 11), 1190, e
(90, 11), 1191, y
(91, 11), 1192, k
(92, 11), 1193, e
(93, 11), 1194, y
(94, 11), 1195, k
(95, 11), 1196, e
(96, 11), 1197, y
(97, 11), 1198, k
(98, 11), 1199, e
(99, 11), 1200, y
(0, 12), 1201, k
(1, 12), 1202, e
(2, 12), 1203, y
(3, 12), 1204, k
(4, 12), 1205, e
(5, 12), 1206, y
(6, 12), 1207, k
(7, 12), 1208, e
(8, 12), 1209, y
(9, 12), 1210, k
(10, 12), 1211, e
(11, 12), 1212, y
(12, 12), 1213, k
(13, 12), 1214, e
(14, 12), 1215, y
(15, 12), 1216, k
(16, 12), 1217, e
(17, 12), 1218, y
(18, 12), 1219, k
(19, 12), 1220, e
(20, 12), 1221, y
(21, 12), 1222, k
(22, 12), 1223, e
(23, 12), 1224, y
(24, 12), 1225, k
(25, 12), 1226, e
(26, 12), 1227, y
(27, 12), 1228, k
(28, 12), 1229, e
(29, 12), 1230, y
(30, 12), 1231, k
(31, 12), 1232, e
(32, 12), 1233, y
(33, 12), 1234, k
(34, 12), 1235, e
(35, 12), 1236, y
(36, 12), 1237, k
(37, 12), 1238, e
(38, 12), 1239, y
(39, 12), 1240, k
(40, 12), 1241, e
(41, 12), 1242, y
(42, 12), 1243, k
(43, 12), 1244, e
(44, 12), 1245, y
(45, 12), 1246, k
(46, 12), 1247, e
(47, 12), 1248, y
(48, 12), 1249, k
(49, 12), 1250, e
(50, 12), 1251, y
(51, 12), 1252, k
(52, 12), 1253, e
(53, 12), 1254, y
(54, 12), 1255, k
(55, 12), 1256, e
(56, 12), 1257, y
(57, 12), 1258, k
(58, 12), 1259, e
(59, 12), 1260, y
(60, 12), 1261, k
(61, 12), 1262, e
(62, 12), 1263, y
(63, 12), 1264, k
(64, 12), 1265, e
(65, 12), 1266, y
(66, 12), 1267, k
(67, 12), 1268, e
(68, 12), 1269, y
(69, 12), 1270, k
(70, 12), 1271, e
(71, 12), 1272, y
(72, 12), 1273, k
(73, 12), 1274, e
(74, 12), 1275, y
(75, 12), 1276, k
(76, 12), 1277, e
(77, 12), 1278, y
(78, 12), 1279, k
(79, 12), 1280, e
(80, 12), 1281, y
(81, 12), 1282, k
(82, 12), 1283, e
(83, 12), 1284, y
(84, 12), 1285, k
(85, 12), 1286, e
(86, 12), 1287, y
(87, 12), 1288, k
(88, 12), 1289, e
(89, 12), 1290, y
(90, 12), 1291, k
(91, 12), 1292, e
(92, 12), 1293, y
(93, 12), 1294, k
(94, 12), 1295, e
(95, 12), 1296, y
(96, 12), 1297, k
(97, 12), 1298, e
(98, 12), 1299, y
(99, 12), 1300, k
(0, 13), 1301, e
(1, 13), 1302, y
(2, 13), 1303, k
(3, 13), 1304, e
(4, 13), 1305, y
(5, 13), 1306, k
(6, 13), 1307, e
(7, 13), 1308, y
(8, 13), 1309, k
(9, 13), 1310, e
(10, 13), 1311, y
(11, 13), 1312, k
(12, 13), 1313, e
(13, 13), 1314, y
(14, 13), 1315, k
(15, 13), 1316, e
(16, 13), 1317, y
(17, 13), 1318, k
(18, 13), 1319, e
(19, 13), 1320, y
(20, 13), 1321, k
(21, 13), 1322, e
(22, 13), 1323, y
(23, 13), 1324, k
(24, 13), 1325, e
(25, 13), 1326, y
(26, 13), 1327, k
(27, 13), 1328, e
(28, 13), 1329, y
(29, 13), 1330, k
(30, 13), 1331, e
(31, 13), 1332, y
(32, 13), 1333, k
(33, 13), 1334, e
(34, 13), 1335, y
(35, 13), 1336, k
(36, 13), 1337, e
(37, 13), 1338, y
(38, 13), 1339, k
(39, 13), 1340, e
(40, 13), 1341, y
(41, 13), 1342, k
(42, 13), 1343, e
(43, 13), 1344, y
(44, 13), 1345, k
(45, 13), 1346, e
(46, 13), 1347, y
(47, 13), 1348, k
(48, 13), 1349, e
(49, 13), 1350, y
(50, 13), 1351, k
(51, 13), 1352, e
(52, 13), 1353, y
(53, 13), 1354, k
(54, 13), 1355, e
(55, 13), 1356, y
(56, 13), 1357, k
(57, 13), 1358, e
(58, 13), 1359, y
(59, 13), 1360, k
(60, 13), 1361, e
(61, 13), 1362, y
(62, 13), 1363, k
(63, 13), 1364, e
(64, 13), 1365, y
(65, 13), 1366, k
(66, 13), 1367, e
(67, 13), 1368, y
(68, 13), 1369, k
(69, 13), 1370, e
(70, 13), 1371, y
(71, 13), 1372, k
(72, 13), 1373, e
(73, 13), 1374, y
(74, 13), 1375, k
(75, 13), 1376, e
(76, 13), 1377, y
(77, 13), 1378, k
(78, 13), 1379, e
(79, 13), 1380, y
(80, 13), 1381, k
(81, 13), 1382, e
(82, 13), 1383, y
(83, 13), 1384, k
(84, 13), 1385, e
(85, 13), 1386, y
(86, 13), 1387, k
(87, 13), 1388, e
(88, 13), 1389, y
(89, 13), 1390, k
(90, 13), 1391, e
(91, 13), 1392, y
(92, 13), 1393, k
(93, 13), 1394, e
(94, 13), 1395, y
(95, 13), 1396, k
(96, 13), 1397, e
(97, 13), 1398, y
(98, 13), 1399, k
(99, 13), 1400, e
(0, 14), 1401, y
(1, 14), 1402, k
(2, 14), 1403, e
(3, 14), 1404, y
(4, 14), 1405, k
(5, 14), 1406, e
(6, 14), 1407, y
(7, 14), 1408, k
(8, 14), 1409, e
(9, 14), 1410, y
(10, 14), 1411, k
(11, 14), 1412, e
(12, 14), 1413, y
(13, 14), 1414, k
(14, 14), 1415, e
(15, 14), 1416, y
(16, 14), 1417, k
(17, 14), 1418, e
(18, 14), 1419, y
(19, 14), 1420, k
(20, 14), 1421, e
(21, 14), 1422, y
(22, 14), 1423, k
(23, 14), 1424, e
(24, 14), 1425, y
(25, 14), 1426, k
(26, 14), 1427, e
(27, 14), 1428, y
(28, 14), 1429, k
(29, 14), 1430, e
(30, 14), 1431, y
(31, 14), 1432, k
(32, 14), 1433, e
(33, 14), 1434, y
(34, 14), 1435, k
(35, 14), 1436, e
(36, 14), 1437, y
(37, 14), 1438, k
(38, 14), 1439, e
(39, 14), 1440, y
(40, 14), 1441, k
(41, 14), 1442, e
(42, 14), 1443, y
(43, 14), 1444, k
(44, 14), 1445, e
(45, 14), 1446, y
(46, 14), 1447, k
(47, 14), 1448, e
(48, 14), 1449, y
(49, 14), 1450, k
(50, 14), 1451, e
(51, 14), 1452, y
(52, 14), 1453, k
(53, 14), 1454, e
(54, 14), 1455, y
(55, 14), 1456, k
(56, 14), 1457, e
(57, 14), 1458, y
(58, 14), 1459, k
(59, 14), 1460, e
(60, 14), 1461, y
(61, 14), 1462, k
(62, 14), 1463, e
(63, 14), 1464, y
(64, 14), 1465, k
(65, 14), 1466, e
(66, 14), 1467, y
(67, 14), 1468, k
(68, 14), 1469, e
(69, 14), 1470, y
(70, 14), 1471, k
(71, 14), 1472, e
(72, 14), 1473, y
(73, 14), 1474, k
(74, 14), 1475, e
(75, 14), 1476, y
(76, 14), 1477, k
(77, 14), 1478, e
(78, 14), 1479, y
(79, 14), 1480, k
(80, 14), 1481, e
(81, 14), 1482, y
(82, 14), 1483, k
(83, 14), 1484, e
(84, 14), 1485, y
(85, 14), 1486, k
(86, 14), 1487, e
(87, 14), 1488, y
(88, 14), 1489, k
(89, 14), 1490, e
(90, 14), 1491, y
(91, 14), 1492, k
(92, 14), 1493, e
(93, 14), 1494, y
(94, 14), 1495, k
(95, 14), 1496, e
(96, 14), 1497, y
(97, 14), 1498, k
(98, 14), 1499, e
(99, 14), 1500, y
(0, 15), 1501, k
(1, 15), 1502, e
(2, 15), 1503, y
(3, 15), 1504, k
(4, 15), 1505, e
(5, 15), 1506, y
(6, 15), 1507, k
(7, 15), 1508, e
(8, 15), 1509, y
(9, 15), 1510, k
(10, 15), 1511, e
(11, 15), 1512, y
(12, 15), 1513, k
(13, 15), 1514, e
(14, 15), 1515, y
(15, 15), 1516, k
(16, 15), 1517, e
(17, 15), 1518, y
(18, 15), 1519, k
(19, 15), 1520, e
(20, 15), 1521, y
(21, 15), 1522, k
(22, 15), 1523, e
(23, 15), 1524, y
(24, 15), 1525, k
(25, 15), 1526, e
(26, 15), 1527, y
(27, 15), 1528, k
(28, 15), 1529, e
(29, 15), 1530, y
(30, 15), 1531, k
(31, 15), 1532, e
(32, 15), 1533, y
(33, 15), 1534, k
(34, 15), 1535, e
(35, 15), 1536, y
(36, 15), 1537, k
(37, 15), 1538, e
(38, 15), 1539, y
(39, 15), 1540, k
(40, 15), 1541, e
(41, 15), 1542, y
(42, 15), 1543, k
(43, 15), 1544, e
(44, 15), 1545, y
(45, 15), 1546, k
(46, 15), 1547, e
(47, 15), 1548, y
(48, 15), 1549, k
(49, 15), 1550, e
(50, 15), 1551, y
(51, 15), 1552, k
(52, 15), 1553, e
(53, 15), 1554, y
(54, 15), 1555, k
(55, 15), 1556, e
(56, 15), 1557, y
(57, 15), 1558, k
(58, 15), 1559, e
(59, 15), 1560, y
(60, 15), 1561, k
(61, 15), 1562, e
(62, 15), 1563, y
(63, 15), 1564, k
(64, 15), 1565, e
(65, 15), 1566, y
(66, 15), 1567, k
(67, 15), 1568, e
(68, 15), 1569, y
(69, 15), 1570, k
(70, 15), 1571, e
(71, 15), 1572, y
(72, 15), 1573, k
(73, 15), 1574, e
(74, 15), 1575, y
(75, 15), 1576, k
(76, 15), 1577, e
(77, 15), 1578, y
(78, 15), 1579, k
(79, 15), 1580, e
(80, 15), 1581, y
(81, 15), 1582, k
(82, 15), 1583, e
(83, 15), 1584, y
(84, 15), 1585, k
(85, 15), 1586, e
(86, 15), 1587, y
(87, 15), 1588, k
(88, 15), 1589, e
(89, 15), 1590, y
(90, 15), 1591, k
(91, 15), 1592, e
(92, 15), 1593, y
(93, 15), 1594, k
(94, 15), 1595, e
(95, 15), 1596, y
(96, 15), 1597, k
(97, 15), 1598, e
(98, 15), 1599, y
(99, 15), 1600, k
(0, 16), 1601, e
(1, 16), 1602, y
(2, 16), 1603, k
(3, 16), 1604, e
(4, 16), 1605, y
(5, 16), 1606, k
(6, 16), 1607, e
(7, 16), 1608, y
(8, 16), 1609, k
(9, 16), 1610, e
(10, 16), 1611, y
(11, 16), 1612, k
(12, 16), 1613, e
(13, 16), 1614, y
(14, 16), 1615, k
(15, 16), 1616, e
(16, 16), 1617, y
(17, 16), 1618, k
(18, 16), 1619, e
(19, 16), 1620, y
(20, 16), 1621, k
(21, 16), 1622, e
(22, 16), 1623, y
(23, 16), 1624, k
(24, 16), 1625, e
(25, 16), 1626, y
(26, 16), 1627, k
(27, 16), 1628, e
(28, 16), 1629, y
(29, 16), 1630, k
(30, 16), 1631, e
(31, 16), 1632, y
(32, 16), 1633, k
(33, 16), 1634, e
(34, 16), 1635, y
(35, 16), 1636, k
(36, 16), 1637, e
(37, 16), 1638, y
(38, 16), 1639, k
(39, 16), 1640, e
(40, 16), 1641, y
(41, 16), 1642, k
(42, 16), 1643, e
(43, 16), 1644, y
(44, 16), 1645, k
(45, 16), 1646, e
(46, 16), 1647, y
(47, 16), 1648, k
(48, 16), 1649, e
(49, 16), 1650, y
(50, 16), 1651, k
(51, 16), 1652, e
(52, 16), 1653, y
(53, 16), 1654, k
(54, 16), 1655, e
(55, 16), 1656, y
(56, 16), 1657, k
(57, 16), 1658, e
(58, 16), 1659, y
(59, 16), 1660, k
(60, 16), 1661, e
(61, 16), 1662, y
(62, 16), 1663, k
(63, 16), 1664, e
(64, 16), 1665, y
(65, 16), 1666, k
(66, 16), 1667, e
(67, 16), 1668, y
(68, 16), 1669, k
(69, 16), 1670, e
(70, 16), 1671, y
(71, 16), 1672, k
(72, 16), 1673, e
(73, 16), 1674, y
(74, 16), 1675, k
(75, 16), 1676, e
(76, 16), 1677, y
(77, 16), 1678, k
(78, 16), 1679, e
(79, 16), 1680, y
(80, 16), 1681, k
(81, 16), 1682, e
(82, 16), 1683, y
(83, 16), 1684, k
(84, 16), 1685, e
(85, 16), 1686, y
(86, 16), 1687, k
(87, 16), 1688, e
(88, 16), 1689, y
(89, 16), 1690, k
(90, 16), 1691, e
(91, 16), 1692, y
(92, 16), 1693, k
(93, 16), 1694, e
(94, 16), 1695, y
(95, 16), 1696, k
(96, 16), 1697, e
(97, 16), 1698, y
(98, 16), 1699, k
(99, 16), 1700, e
(0, 17), 1701, y
(1, 17), 1702, k
(2, 17), 1703, e
(3, 17), 1704, y
(4, 17), 1705, k
(5, 17), 1706, e
(6, 17), 1707, y
(7, 17), 1708, k
(8, 17), 1709, e
(9, 17), 1710, y
(10, 17), 1711, k
(11, 17), 1712, e
(12, 17), 1713, y
(13, 17), 1714, k
(14, 17), 1715, e
(15, 17), 1716, y
(16, 17), 1717, k
(17, 17), 1718, e
(18, 17), 1719, y
(19, 17), 1720, k
(20, 17), 1721, e
(21, 17), 1722, y
(22, 17), 1723, k
(23, 17), 1724, e
(24, 17), 1725, y
(25, 17), 1726, k
(26, 17), 1727, e
(27, 17), 1728, y
(28, 17), 1729, k
(29, 17), 1730, e
(30, 17), 1731, y
(31, 17), 1732, k
(32, 17), 1733, e
(33, 17), 1734, y
(34, 17), 1735, k
(35, 17), 1736, e
(36, 17), 1737, y
(37, 17), 1738, k
(38, 17), 1739, e
(39, 17), 1740, y
(40, 17), 1741, k
(41, 17), 1742, e
(42, 17), 1743, y
(43, 17), 1744, k
(44, 17), 1745, e
(45, 17), 1746, y
(46, 17), 1747, k
(47, 17), 1748, e
(48, 17), 1749, y
(49, 17), 1750, k
(50, 17), 1751, e
(51, 17), 1752, y
(52, 17), 1753, k
(53, 17), 1754, e
(54, 17), 1755, y
(55, 17), 1756, k
(56, 17), 1757, e
(57, 17), 1758, y
(58, 17), 1759, k
(59, 17), 1760, e
(60, 17), 1761, y
(61, 17), 1762, k
(62, 17), 1763, e
(63, 17), 1764, y
(64, 17), 1765, k
(65, 17), 1766, e
(66, 17), 1767, y
(67, 17), 1768, k
(68, 17), 1769, e
(69, 17), 1770, y
(70, 17), 1771, k
(71, 17), 1772, e
(72, 17), 1773, y
(73, 17), 1774, k
(74, 17), 1775, e
(75, 17), 1776, y
(76, 17), 1777, k
(77, 17), 1778, e
(78, 17), 1779, y
(79, 17), 1780, k
(80, 17), 1781, e
(81, 17), 1782, y
(82, 17), 1783, k
(83, 17), 1784, e
(84, 17), 1785, y
(85, 17), 1786, k
(86, 17), 1787, e
(87, 17), 1788, y
(88, 17), 1789, k
(89, 17), 1790, e
(90, 17), 1791, y
(91, 17), 1792, k
(92, 17), 1793, e
(93, 17), 1794, y
(94, 17), 1795, k
(95, 17), 1796, e
(96, 17), 1797, y
(97, 17), 1798, k
(98, 17), 1799, e
(99, 17), 1800, y
(0, 18), 1801, k
(1, 18), 1802, e
(2, 18), 1803, y
(3, 18), 1804, k
(4, 18), 1805, e
(5, 18), 1806, y
(6, 18), 1807, k
(7, 18), 1808, e
(8, 18), 1809, y
(9, 18), 1810, k
(10, 18), 1811, e
(11, 18), 1812, y
(12, 18), 1813, k
(13, 18), 1814, e
(14, 18), 1815, y
(15, 18), 1816, k
(16, 18), 1817, e
(17, 18), 1818, y
(18, 18), 1819, k
(19, 18), 1820, e
(20, 18), 1821, y
(21, 18), 1822, k
(22, 18), 1823, e
(23, 18), 1824, y
(24, 18), 1825, k
(25, 18), 1826, e
(26, 18), 1827, y
(27, 18), 1828, k
(28, 18), 1829, e
(29, 18), 1830, y
(30, 18), 1831, k
(31, 18), 1832, e
(32, 18), 1833, y
(33, 18), 1834, k
(34, 18), 1835, e
(35, 18), 1836, y
(36, 18), 1837, k
(37, 18), 1838, e
(38, 18), 1839, y
(39, 18), 1840, k
(40, 18), 1841, e
(41, 18), 1842, y
(42, 18), 1843, k
(43, 18), 1844, e
(44, 18), 1845, y
(45, 18), 1846, k
(46, 18), 1847, e
(47, 18), 1848, y
(48, 18), 1849, k
(49, 18), 1850, e
(50, 18), 1851, y
(51, 18), 1852, k
(52, 18), 1853, e
(53, 18), 1854, y
(54, 18), 1855, k
(55, 18), 1856, e
(56, 18), 1857, y
(57, 18), 1858, k
(58, 18), 1859, e
(59, 18), 1860, y
(60, 18), 1861, k
(61, 18), 1862, e
(62, 18), 1863, y
(63, 18), 1864, k
(64, 18), 1865, e
(65, 18), 1866, y
(66, 18), 1867, k
(67, 18), 1868, e
(68, 18), 1869, y
(69, 18), 1870, k
(70, 18), 1871, e
(71, 18), 1872, y
(72, 18), 1873, k
(73, 18), 1874, e
(74, 18), 1875, y
(75, 18), 1876, k
(76, 18), 1877, e
(77, 18), 1878, y
(78, 18), 1879, k
(79, 18), 1880, e
(80, 18), 1881, y
(81, 18), 1882, k
(82, 18), 1883, e
(83, 18), 1884, y
(84, 18), 1885, k
(85, 18), 1886, e
(86, 18), 1887, y
(87, 18), 1888, k
(88, 18), 1889, e
(89, 18), 1890, y
(90, 18), 1891, k
(91, 18), 1892, e
(92, 18), 1893, y
(93, 18), 1894, k
(94, 18), 1895, e
(95, 18), 1896, y
(96, 18), 1897, k
(97, 18), 1898, e
(98, 18), 1899, y
(99, 18), 1900, k
(0, 19), 1901, e
(1, 19), 1902, y
(2, 19), 1903, k
(3, 19), 1904, e
(4, 19), 1905, y
(5, 19), 1906, k
(6, 19), 1907, e
(7, 19), 1908, y
(8, 19), 1909, k
(9, 19), 1910, e
(10, 19), 1911, y
(11, 19), 1912, k
(12, 19), 1913, e
(13, 19), 1914, y
(14, 19), 1915, k
(15, 19), 1916, e
(16, 19), 1917, y
(17, 19), 1918, k
(18, 19), 1919, e
(19, 19), 1920, y
(20, 19), 1921, k
(21, 19), 1922, e
(22, 19), 1923, y
(23, 19), 1924, k
(24, 19), 1925, e
(25, 19), 1926, y
(26, 19), 1927, k
(27, 19), 1928, e
(28, 19), 1929, y
(29, 19), 1930, k
(30, 19), 1931, e
(31, 19), 1932, y
(32, 19), 1933, k
(33, 19), 1934, e
(34, 19), 1935, y
(35, 19), 1936, k
(36, 19), 1937, e
(37, 19), 1938, y
(38, 19), 1939, k
(39, 19), 1940, e
(40, 19), 1941, y
(41, 19), 1942, k
(42, 19), 1943, e
(43, 19), 1944, y
(44, 19), 1945, k
(45, 19), 1946, e
(46, 19), 1947, y
(47, 19), 1948, k
(48, 19), 1949, e
(49, 19), 1950, y
(50, 19), 1951, k
(51, 19), 1952, e
(52, 19), 1953, y
(53, 19), 1954, k
(54, 19), 1955, e
(55, 19), 1956, y
(56, 19), 1957, k
(57, 19), 1958, e
(58, 19), 1959, y
(59, 19), 1960, k
(60, 19), 1961, e
(61, 19), 1962, y
(62, 19), 1963, k
(63, 19), 1964, e
(64, 19), 1965, y
(65, 19), 1966, k
(66, 19), 1967, e
(67, 19), 1968, y
(68, 19), 1969, k
(69, 19), 1970, e
(70, 19), 1971, y
(71, 19), 1972, k
(72, 19), 1973, e
(73, 19), 1974, y
(74, 19), 1975, k
(75, 19), 1976, e
(76, 19), 1977, y
(77, 19), 1978, k
(78, 19), 1979, e
(79, 19), 1980, y
(80, 19), 1981, k
(81, 19), 1982, e
(82, 19), 1983, y
(83, 19), 1984, k
(84, 19), 1985, e
(85, 19), 1986, y
(86, 19), 1987, k
(87, 19), 1988, e
(88, 19), 1989, y
(89, 19), 1990, k
(90, 19), 1991, e
(91, 19), 1992, y
(92, 19), 1993, k
(93, 19), 1994, e
(94, 19), 1995, y
(95, 19), 1996, k
(96, 19), 1997, e
(97, 19), 1998, y
(98, 19), 1999, k
(99, 19), 2000, e
(0, 20), 2001, y
(1, 20), 2002, k
(2, 20), 2003, e
(3, 20), 2004, y
(4, 20), 2005, k
(5, 20), 2006, e
(6, 20), 2007, y
(7, 20), 2008, k
(8, 20), 2009, e
(9, 20), 2010, y
(10, 20), 2011, k
(11, 20), 2012, e
(12, 20), 2013, y
(13, 20), 2014, k
(14, 20), 2015, e
(15, 20), 2016, y
(16, 20), 2017, k
(17, 20), 2018, e
(18, 20), 2019, y
(19, 20), 2020, k
(20, 20), 2021, e
(21, 20), 2022, y
(22, 20), 2023, k
(23, 20), 2024, e
(24, 20), 2025, y
(25, 20), 2026, k
(26, 20), 2027, e
(27, 20), 2028, y
(28, 20), 2029, k
(29, 20), 2030, e
(30, 20), 2031, y
(31, 20), 2032, k
(32, 20), 2033, e
(33, 20), 2034, y
(34, 20), 2035, k
(35, 20), 2036, e
(36, 20), 2037, y
(37, 20), 2038, k
(38, 20), 2039, e
(39, 20), 2040, y
(40, 20), 2041, k
(41, 20), 2042, e
(42, 20), 2043, y
(43, 20), 2044, k
(44, 20), 2045, e
(45, 20), 2046, y
(46, 20), 2047, k
(47, 20), 2048, e
(48, 20), 2049, y
(49, 20), 2050, k
(50, 20), 2051, e
(51, 20), 2052, y
(52, 20), 2053, k
(53, 20), 2054, e
(54, 20), 2055, y
(55, 20), 2056, k
(56, 20), 2057, e
(57, 20), 2058, y
(58, 20), 2059, k
(59, 20), 2060, e
(60, 20), 2061, y
(61, 20), 2062, k
(62, 20), 2063, e
(63, 20), 2064, y
(64, 20), 2065, k
(65, 20), 2066, e
(66, 20), 2067, y
(67, 20), 2068, k
(68, 20), 2069, e
(69, 20), 2070, y
(70, 20), 2071, k
(71, 20), 2072, e
(72, 20), 2073, y
(73, 20), 2074, k
(74, 20), 2075, e
(75, 20), 2076, y
(76, 20), 2077, k
(77, 20), 2078, e
(78, 20), 2079, y
(79, 20), 2080, k
(80, 20), 2081, e
(81, 20), 2082, y
(82, 20), 2083, k
(83, 20), 2084, e
(84, 20), 2085, y
(85, 20), 2086, k
(86, 20), 2087, e
(87, 20), 2088, y
(88, 20), 2089, k
(89, 20), 2090, e
(90, 20), 2091, y
(91, 20), 2092, k
(92, 20), 2093, e
(93, 20), 2094, y
(94, 20), 2095, k
(95, 20), 2096, e
(96, 20), 2097, y
(97, 20), 2098, k
(98, 20), 2099, e
(99, 20), 2100, y
(0, 21), 2101, k
(1, 21), 2102, e
(2, 21), 2103, y
(3, 21), 2104, k
(4, 21), 2105, e
(5, 21), 2106, y
(6, 21), 2107, k
(7, 21), 2108, e
(8, 21), 2109, y
(9, 21), 2110, k
(10, 21), 2111, e
(11, 21), 2112, y
(12, 21), 2113, k
(13, 21), 2114, e
(14, 21), 2115, y
(15, 21), 2116, k
(16, 21), 2117, e
(17, 21), 2118, y
(18, 21), 2119, k
(19, 21), 2120, e
(20, 21), 2121, y
(21, 21), 2122, k
(22, 21), 2123, e
(23, 21), 2124, y
(24, 21), 2125, k
(25, 21), 2126, e
(26, 21), 2127, y
(27, 21), 2128, k
(28, 21), 2129, e
(29, 21), 2130, y
(30, 21), 2131, k
(31, 21), 2132, e
(32, 21), 2133, y
(33, 21), 2134, k
(34, 21), 2135, e
(35, 21), 2136, y
(36, 21), 2137, k
(37, 21), 2138, e
(38, 21), 2139, y
(39, 21), 2140, k
(40, 21), 2141, e
(41, 21), 2142, y
(42, 21), 2143, k
(43, 21), 2144, e
(44, 21), 2145, y
(45, 21), 2146, k
(46, 21), 2147, e
(47, 21), 2148, y
(48, 21), 2149, k
(49, 21), 2150, e
(50, 21), 2151, y
(51, 21), 2152, k
(52, 21), 2153, e
(53, 21), 2154, y
(54, 21), 2155, k
(55, 21), 2156, e
(56, 21), 2157, y
(57, 21), 2158, k
(58, 21), 2159, e
(59, 21), 2160, y
(60, 21), 2161, k
(61, 21), 2162, e
(62, 21), 2163, y
(63, 21), 2164, k
(64, 21), 2165, e
(65, 21), 2166, y
(66, 21), 2167, k
(67, 21), 2168, e
(68, 21), 2169, y
(69, 21), 2170, k
(70, 21), 2171, e
(71, 21), 2172, y
(72, 21), 2173, k
(73, 21), 2174, e
(74, 21), 2175, y
(75, 21), 2176, k
(76, 21), 2177, e
(77, 21), 2178, y
(78, 21), 2179, k
(79, 21), 2180, e
(80, 21), 2181, y
(81, 21), 2182, k
(82, 21), 2183, e
(83, 21), 2184, y
(84, 21), 2185, k
(85, 21), 2186, e
(86, 21), 2187, y
(87, 21), 2188, k
(88, 21), 2189, e
(89, 21), 2190, y
(90, 21), 2191, k
(91, 21), 2192, e
(92, 21), 2193, y
(93, 21), 2194, k
(94, 21), 2195, e
(95, 21), 2196, y
(96, 21), 2197, k
(97, 21), 2198, e
(98, 21), 2199, y
(99, 21), 2200, k
(0, 22), 2201, e
(1, 22), 2202, y
(2, 22), 2203, k
(3, 22), 2204, e
(4, 22), 2205, y
(5, 22), 2206, k
(6, 22), 2207, e
(7, 22), 2208, y
(8, 22), 2209, k
(9, 22), 2210, e
(10, 22), 2211, y
(11, 22), 2212, k
(12, 22), 2213, e
(13, 22), 2214, y
(14, 22), 2215, k
(15, 22), 2216, e
(16, 22), 2217, y
(17, 22), 2218, k
(18, 22), 2219, e
(19, 22), 2220, y
(20, 22), 2221, k
(21, 22), 2222, e
(22, 22), 2223, y
(23, 22), 2224, k
(24, 22), 2225, e
(25, 22), 2226, y
(26, 22), 2227, k
(27, 22), 2228, e
(28, 22), 2229, y
(29, 22), 2230, k
(30, 22), 2231, e
(31, 22), 2232, y
(32, 22), 2233, k
(33, 22), 2234, e
(34, 22), 2235, y
(35, 22), 2236, k
(36, 22), 2237, e
(37, 22), 2238, y
(38, 22), 2239, k
(39, 22), 2240, e
(40, 22), 2241, y
(41, 22), 2242, k
(42, 22), 2243, e
(43, 22), 2244, y
(44, 22), 2245, k
(45, 22), 2246, e
(46, 22), 2247, y
(47, 22), 2248, k
(48, 22), 2249, e
(49, 22), 2250, y
(50, 22), 2251, k
(51, 22), 2252, e
(52, 22), 2253, y
(53, 22), 2254, k
(54, 22), 2255, e
(55, 22), 2256, y
(56, 22), 2257, k
(57, 22), 2258, e
(58, 22), 2259, y
(59, 22), 2260, k
(60, 22), 2261, e
(61, 22), 2262, y
(62, 22), 2263, k
(63, 22), 2264, e
(64, 22), 2265, y
(65, 22), 2266, k
(66, 22), 2267, e
(67, 22), 2268, y
(68, 22), 2269, k
(69, 22), 2270, e
(70, 22), 2271, y
(71, 22), 2272, k
(72, 22), 2273, e
(73, 22), 2274, y
(74, 22), 2275, k
(75, 22), 2276, e
(76, 22), 2277, y
(77, 22), 2278, k
(78, 22), 2279, e
(79, 22), 2280, y
(80, 22), 2281, k
(81, 22), 2282, e
(82, 22), 2283, y
(83, 22), 2284, k
(84, 22), 2285, e
(85, 22), 2286, y
(86, 22), 2287, k
(87, 22), 2288, e
(88, 22), 2289, y
(89, 22), 2290, k
(90, 22), 2291, e
(91, 22), 2292, y
(92, 22), 2293, k
(93, 22), 2294, e
(94, 22), 2295, y
(95, 22), 2296, k
(96, 22), 2297, e
(97, 22), 2298, y
(98, 22), 2299, k
(99, 22), 2300, e
(0, 23), 2301, y
(1, 23), 2302, k
(2, 23), 2303, e
(3, 23), 2304, y
(4, 23), 2305, k
(5, 23), 2306, e
(6, 23), 2307, y
(7, 23), 2308, k
(8, 23), 2309, e
(9, 23), 2310, y
(10, 23), 2311, k
(11, 23), 2312, e
(12, 23), 2313, y
(13, 23), 2314, k
(14, 23), 2315, e
(15, 23), 2316, y
(16, 23), 2317, k
(17, 23), 2318, e
(18, 23), 2319, y
(19, 23), 2320, k
(20, 23), 2321, e
(21, 23), 2322, y
(22, 23), 2323, k
(23, 23), 2324, e
(24, 23), 2325, y
(25, 23), 2326, k
(26, 23), 2327, e
(27, 23), 2328, y
(28, 23), 2329, k
(29, 23), 2330, e
(30, 23), 2331, y
(31, 23), 2332, k
(32, 23), 2333, e
(33, 23), 2334, y
(34, 23), 2335, k
(35, 23), 2336, e
(36, 23), 2337, y
(37, 23), 2338, k
(38, 23), 2339, e
(39, 23), 2340, y
(40, 23), 2341, k
(41, 23), 2342, e
(42, 23), 2343, y
(43, 23), 2344, k
(44, 23), 2345, e
(45, 23), 2346, y
(46, 23), 2347, k
(47, 23), 2348, e
(48, 23), 2349, y
(49, 23), 2350, k
(50, 23), 2351, e
(51, 23), 2352, y
(52, 23), 2353, k
(53, 23), 2354, e
(54, 23), 2355, y
(55, 23), 2356, k
(56, 23), 2357, e
(57, 23), 2358, y
(58, 23), 2359, k
(59, 23), 2360, e
(60, 23), 2361, y
(61, 23), 2362, k
(62, 23), 2363, e
(63, 23), 2364, y
(64, 23), 2365, k
(65, 23), 2366, e
(66, 23), 2367, y
(67, 23), 2368, k
(68, 23), 2369, e
(69, 23), 2370, y
(70, 23), 2371, k
(71, 23), 2372, e
(72, 23), 2373, y
(73, 23), 2374, k
(74, 23), 2375, e
(75, 23), 2376, y
(76, 23), 2377, k
(77, 23), 2378, e
(78, 23), 2379, y
(79, 23), 2380, k
(80, 23), 2381, e
(81, 23), 2382, y
(82, 23), 2383, k
(83, 23), 2384, e
(84, 23), 2385, y
(85, 23), 2386, k
(86, 23), 2387, e
(87, 23), 2388, y
(88, 23), 2389, k
(89, 23), 2390, e
(90, 23), 2391, y
(91, 23), 2392, k
(92, 23), 2393, e
(93, 23), 2394, y
(94, 23), 2395, k
(95, 23), 2396, e
(96, 23), 2397, y
(97, 23), 2398, k
(98, 23), 2399, e
(99, 23), 2400, y
(0, 24), 2401, k
(1, 24), 2402, e
(2, 24), 2403, y
(3, 24), 2404, k
(4, 24), 2405, e
(5, 24), 2406, y
(6, 24), 2407, k
(7, 24), 2408, e
(8, 24), 2409, y
(9, 24), 2410, k
(10, 24), 2411, e
(11, 24), 2412, y
(12, 24), 2413, k
(13, 24), 2414, e
(14, 24), 2415, y
(15, 24), 2416, k
(16, 24), 2417, e
(17, 24), 2418, y
(18, 24), 2419, k
(19, 24), 2420, e
(20, 24), 2421, y
(21, 24), 2422, k
(22, 24), 2423, e
(23, 24), 2424, y
(24, 24), 2425, k
(25, 24), 2426, e
(26, 24), 2427, y
(27, 24), 2428, k
(28, 24), 2429, e
(29, 24), 2430, y
(30, 24), 2431, k
(31, 24), 2432, e
(32, 24), 2433, y
(33, 24), 2434, k
(34, 24), 2435, e
(35, 24), 2436, y
(36, 24), 2437, k
(37, 24), 2438, e
(38, 24), 2439, y
(39, 24), 2440, k
(40, 24), 2441, e
(41, 24), 2442, y
(42, 24), 2443, k
(43, 24), 2444, e
(44, 24), 2445, y
(45, 24), 2446, k
(46, 24), 2447, e
(47, 24), 2448, y
(48, 24), 2449, k
(49, 24), 2450, e
(50, 24), 2451, y
(51, 24), 2452, k
(52, 24), 2453, e
(53, 24), 2454, y
(54, 24), 2455, k
(55, 24), 2456, e
(56, 24), 2457, y
(57, 24), 2458, k
(58, 24), 2459, e
(59, 24), 2460, y
(60, 24), 2461, k
(61, 24), 2462, e
(62, 24), 2463, y
(63, 24), 2464, k
(64, 24), 2465, e
(65, 24), 2466, y
(66, 24), 2467, k
(67, 24), 2468, e
(68, 24), 2469, y
(69, 24), 2470, k
(70, 24), 2471, e
(71, 24), 2472, y
(72, 24), 2473, k
(73, 24), 2474, e
(74, 24), 2475, y
(75, 24), 2476, k
(76, 24), 2477, e
(77, 24), 2478, y
(78, 24), 2479, k
(79, 24), 2480, e
(80, 24), 2481, y
(81, 24), 2482, k
(82, 24), 2483, e
(83, 24), 2484, y
(84, 24), 2485, k
(85, 24), 2486, e
(86, 24), 2487, y
(87, 24), 2488, k
(88, 24), 2489, e
(89, 24), 2490, y
(90, 24), 2491, k
(91, 24), 2492, e
(92, 24), 2493, y
(93, 24), 2494, k
(94, 24), 2495, e
(95, 24), 2496, y
(96, 24), 2497, k
(97, 24), 2498, e
(98, 24), 2499, y
(99, 24), 2500, k
(0, 25), 2501, e
(1, 25), 2502, y
(2, 25), 2503, k
(3, 25), 2504, e
(4, 25), 2505, y
(5, 25), 2506, k
(6, 25), 2507, e
(7, 25), 2508, y
(8, 25), 2509, k
(9, 25), 2510, e
(10, 25), 2511, y
(11, 25), 2512, k
(12, 25), 2513, e
(13, 25), 2514, y
(14, 25), 2515, k
(15, 25), 2516, e
(16, 25), 2517, y
(17, 25), 2518, k
(18, 25), 2519, e
(19, 25), 2520, y
(20, 25), 2521, k
(21, 25), 2522, e
(22, 25), 2523, y
(23, 25), 2524, k
(24, 25), 2525, e
(25, 25), 2526, y
(26, 25), 2527, k
(27, 25), 2528, e
(28, 25), 2529, y
(29, 25), 2530, k
(30, 25), 2531, e
(31, 25), 2532, y
(32, 25), 2533, k
(33, 25), 2534, e
(34, 25), 2535, y
(35, 25), 2536, k
(36, 25), 2537, e
(37, 25), 2538, y
(38, 25), 2539, k
(39, 25), 2540, e
(40, 25), 2541, y
(41, 25), 2542, k
(42, 25), 2543, e
(43, 25), 2544, y
(44, 25), 2545, k
(45, 25), 2546, e
(46, 25), 2547, y
(47, 25), 2548, k
(48, 25), 2549, e
(49, 25), 2550, y
(50, 25), 2551, k
(51, 25), 2552, e
(52, 25), 2553, y
(53, 25), 2554, k
(54, 25), 2555, e
(55, 25), 2556, y
(56, 25), 2557, k
(57, 25), 2558, e
(58, 25), 2559, y
(59, 25), 2560, k
(60, 25), 2561, e
(61, 25), 2562, y
(62, 25), 2563, k
(63, 25), 2564, e
(64, 25), 2565, y
(65, 25), 2566, k
(66, 25), 2567, e
(67, 25), 2568, y
(68, 25), 2569, k
(69, 25), 2570, e
(70, 25), 2571, y
(71, 25), 2572, k
(72, 25), 2573, e
(73, 25), 2574, y
(74, 25), 2575, k
(75, 25), 2576, e
(76, 25), 2577, y
(77, 25), 2578, k
(78, 25), 2579, e
(79, 25), 2580, y
(80, 25), 2581, k
(81, 25), 2582, e
(82, 25), 2583, y
(83, 25), 2584, k
(84, 25), 2585, e
(85, 25), 2586, y
(86, 25), 2587, k
(87, 25), 2588, e
(88, 25), 2589, y
(89, 25), 2590, k
(90, 25), 2591, e
(91, 25), 2592, y
(92, 25), 2593, k
(93, 25), 2594, e
(94, 25), 2595, y
(95, 25), 2596, k
(96, 25), 2597, e
(97, 25), 2598, y
(98, 25), 2599, k
(99, 25), 2600, e
(0, 26), 2601, y
(1, 26), 2602, k
(2, 26), 2603, e
(3, 26), 2604, y
(4, 26), 2605, k
(5, 26), 2606, e
(6, 26), 2607, y
(7, 26), 2608, k
(8, 26), 2609, e
(9, 26), 2610, y
(10, 26), 2611, k
(11, 26), 2612, e
(12, 26), 2613, y
(13, 26), 2614, k
(14, 26), 2615, e
(15, 26), 2616, y
(16, 26), 2617, k
(17, 26), 2618, e
(18, 26), 2619, y
(19, 26), 2620, k
(20, 26), 2621, e
(21, 26), 2622, y
(22, 26), 2623, k
(23, 26), 2624, e
(24, 26), 2625, y
(25, 26), 2626, k
(26, 26), 2627, e
(27, 26), 2628, y
(28, 26), 2629, k
(29, 26), 2630, e
(30, 26), 2631, y
(31, 26), 2632, k
(32, 26), 2633, e
(33, 26), 2634, y
(34, 26), 2635, k
(35, 26), 2636, e
(36, 26), 2637, y
(37, 26), 2638, k
(38, 26), 2639, e
(39, 26), 2640, y
(40, 26), 2641, k
(41, 26), 2642, e
(42, 26), 2643, y
(43, 26), 2644, k
(44, 26), 2645, e
(45, 26), 2646, y
(46, 26), 2647, k
(47, 26), 2648, e
(48, 26), 2649, y
(49, 26), 2650, k
(50, 26), 2651, e
(51, 26), 2652, y
(52, 26), 2653, k
(53, 26), 2654, e
(54, 26), 2655, y
(55, 26), 2656, k
(56, 26), 2657, e
(57, 26), 2658, y
(58, 26), 2659, k
(59, 26), 2660, e
(60, 26), 2661, y
(61, 26), 2662, k
(62, 26), 2663, e
(63, 26), 2664, y
(64, 26), 2665, k
(65, 26), 2666, e
(66, 26), 2667, y
(67, 26), 2668, k
(68, 26), 2669, e
(69, 26), 2670, y
(70, 26), 2671, k
(71, 26), 2672, e
(72, 26), 2673, y
(73, 26), 2674, k
(74, 26), 2675, e
(75, 26), 2676, y
(76, 26), 2677, k
(77, 26), 2678, e
(78, 26), 2679, y
(79, 26), 2680, k
(80, 26), 2681, e
(81, 26), 2682, y
(82, 26), 2683, k
(83, 26), 2684, e
(84, 26), 2685, y
(85, 26), 2686, k
(86, 26), 2687, e
(87, 26), 2688, y
(88, 26), 2689, k
(89, 26), 2690, e
(90, 26), 2691, y
(91, 26), 2692, k
(92, 26), 2693, e
(93, 26), 2694, y
(94, 26), 2695, k
(95, 26), 2696, e
(96, 26), 2697, y
(97, 26), 2698, k
(98, 26), 2699, e
(99, 26), 2700, y
(0, 27), 2701, k
(1, 27), 2702, e
(2, 27), 2703, y
(3, 27), 2704, k
(4, 27), 2705, e
(5, 27), 2706, y
(6, 27), 2707, k
(7, 27), 2708, e
(8, 27), 2709, y
(9, 27), 2710, k
(10, 27), 2711, e
(11, 27), 2712, y
(12, 27), 2713, k
(13, 27), 2714, e
(14, 27), 2715, y
(15, 27), 2716, k
(16, 27), 2717, e
(17, 27), 2718, y
(18, 27), 2719, k
(19, 27), 2720, e
(20, 27), 2721, y
(21, 27), 2722, k
(22, 27), 2723, e
(23, 27), 2724, y
(24, 27), 2725, k
(25, 27), 2726, e
(26, 27), 2727, y
(27, 27), 2728, k
(28, 27), 2729, e
(29, 27), 2730, y
(30, 27), 2731, k
(31, 27), 2732, e
(32, 27), 2733, y
(33, 27), 2734, k
(34, 27), 2735, e
(35, 27), 2736, y
(36, 27), 2737, k
(37, 27), 2738, e
(38, 27), 2739, y
(39, 27), 2740, k
(40, 27), 2741, e
(41, 27), 2742, y
(42, 27), 2743, k
(43, 27), 2744, e
(44, 27), 2745, y
(45, 27), 2746, k
(46, 27), 2747, e
(47, 27), 2748, y
(48, 27), 2749, k
(49, 27), 2750, e
(50, 27), 2751, y
(51, 27), 2752, k
(52, 27), 2753, e
(53, 27), 2754, y
(54, 27), 2755, k
(55, 27), 2756, e
(56, 27), 2757, y
(57, 27), 2758, k
(58, 27), 2759, e
(59, 27), 2760, y
(60, 27), 2761, k
(61, 27), 2762, e
(62, 27), 2763, y
(63, 27), 2764, k
(64, 27), 2765, e
(65, 27), 2766, y
(66, 27), 2767, k
(67, 27), 2768, e
(68, 27), 2769, y
(69, 27), 2770, k
(70, 27), 2771, e
(71, 27), 2772, y
(72, 27), 2773, k
(73, 27), 2774, e
(74, 27), 2775, y
(75, 27), 2776, k
(76, 27), 2777, e
(77, 27), 2778, y
(78, 27), 2779, k
(79, 27), 2780, e
(80, 27), 2781, y
(81, 27), 2782, k
(82, 27), 2783, e
(83, 27), 2784, y
(84, 27), 2785, k
(85, 27), 2786, e
(86, 27), 2787, y
(87, 27), 2788, k
(88, 27), 2789, e
(89, 27), 2790, y
(90, 27), 2791, k
(91, 27), 2792, e
(92, 27), 2793, y
(93, 27), 2794, k
(94, 27), 2795, e
(95, 27), 2796, y
(96, 27), 2797, k
(97, 27), 2798, e
(98, 27), 2799, y
(99, 27), 2800, k
(0, 28), 2801, e
(1, 28), 2802, y
(2, 28), 2803, k
(3, 28), 2804, e
(4, 28), 2805, y
(5, 28), 2806, k
(6, 28), 2807, e
(7, 28), 2808, y
(8, 28), 2809, k
(9, 28), 2810, e
(10, 28), 2811, y
(11, 28), 2812, k
(12, 28), 2813, e
(13, 28), 2814, y
(14, 28), 2815, k
(15, 28), 2816, e
(16, 28), 2817, y
(17, 28), 2818, k
(18, 28), 2819, e
(19, 28), 2820, y
(20, 28), 2821, k
(21, 28), 2822, e
(22, 28), 2823, y
(23, 28), 2824, k
(24, 28), 2825, e
(25, 28), 2826, y
(26, 28), 2827, k
(27, 28), 2828, e
(28, 28), 2829, y
(29, 28), 2830, k
(30, 28), 2831, e
(31, 28), 2832, y
(32, 28), 2833, k
(33, 28), 2834, e
(34, 28), 2835, y
(35, 28), 2836, k
(36, 28), 2837, e
(37, 28), 2838, y
(38, 28), 2839, k
(39, 28), 2840, e
(40, 28), 2841, y
(41, 28), 2842, k
(42, 28), 2843, e
(43, 28), 2844, y
(44, 28), 2845, k
(45, 28), 2846, e
(46, 28), 2847, y
(47, 28), 2848, k
(48, 28), 2849, e
(49, 28), 2850, y
(50, 28), 2851, k
(51, 28), 2852, e
(52, 28), 2853, y
(53, 28), 2854, k
(54, 28), 2855, e
(55, 28), 2856, y
(56, 28), 2857, k
(57, 28), 2858, e
(58, 28), 2859, y
(59, 28), 2860, k
(60, 28), 2861, e
(61, 28), 2862, y
(62, 28), 2863, k
(63, 28), 2864, e
(64, 28), 2865, y
(65, 28), 2866, k
(66, 28), 2867, e
(67, 28), 2868, y
(68, 28), 2869, k
(69, 28), 2870, e
(70, 28), 2871, y
(71, 28), 2872, k
(72, 28), 2873, e
(73, 28), 2874, y
(74, 28), 2875, k
(75, 28), 2876, e
(76, 28), 2877, y
(77, 28), 2878, k
(78, 28), 2879, e
(79, 28), 2880, y
(80, 28), 2881, k
(81, 28), 2882, e
(82, 28), 2883, y
(83, 28), 2884, k
(84, 28), 2885, e
(85, 28), 2886, y
(86, 28), 2887, k
(87, 28), 2888, e
(88, 28), 2889, y
(89, 28), 2890, k
(90, 28), 2891, e
(91, 28), 2892, y
(92, 28), 2893, k
(93, 28), 2894, e
(94, 28), 2895, y
(95, 28), 2896, k
(96, 28), 2897, e
(97, 28), 2898, y
(98, 28), 2899, k
(99, 28), 2900, e
(0, 29), 2901, y
(1, 29), 2902, k
(2, 29), 2903, e
(3, 29), 2904, y
(4, 29), 2905, k
(5, 29), 2906, e
(6, 29), 2907, y
(7, 29), 2908, k
(8, 29), 2909, e
(9, 29), 2910, y
(10, 29), 2911, k
(11, 29), 2912, e
(12, 29), 2913, y
(13, 29), 2914, k
(14, 29), 2915, e
(15, 29), 2916, y
(16, 29), 2917, k
(17, 29), 2918, e
(18, 29), 2919, y
(19, 29), 2920, k
(20, 29), 2921, e
(21, 29), 2922, y
(22, 29), 2923, k
(23, 29), 2924, e
(24, 29), 2925, y
(25, 29), 2926, k
(26, 29), 2927, e
(27, 29), 2928, y
(28, 29), 2929, k
(29, 29), 2930, e
(30, 29), 2931, y
(31, 29), 2932, k
(32, 29), 2933, e
(33, 29), 2934, y
(34, 29), 2935, k
(35, 29), 2936, e
(36, 29), 2937, y
(37, 29), 2938, k
(38, 29), 2939, e
(39, 29), 2940, y
(40, 29), 2941, k
(41, 29), 2942, e
(42, 29), 2943, y
(43, 29), 2944, k
(44, 29), 2945, e
(45, 29), 2946, y
(46, 29), 2947, k
(47, 29), 2948, e
(48, 29), 2949, y
(49, 29), 2950, k
(50, 29), 2951, e
(51, 29), 2952, y
(52, 29), 2953, k
(53, 29), 2954, e
(54, 29), 2955, y
(55, 29), 2956, k
(56, 29), 2957, e
(57, 29), 2958, y
(58, 29), 2959, k
(59, 29), 2960, e
(60, 29), 2961, y
(61, 29), 2962, k
(62, 29), 2963, e
(63, 29), 2964, y
(64, 29), 2965, k
(65, 29), 2966, e
(66, 29), 2967, y
(67, 29), 2968, k
(68, 29), 2969, e
(69, 29), 2970, y
(70, 29), 2971, k
(71, 29), 2972, e
(72, 29), 2973, y
(73, 29), 2974, k
(74, 29), 2975, e
(75, 29), 2976, y
(76, 29), 2977, k
(77, 29), 2978, e
(78, 29), 2979, y
(79, 29), 2980, k
(80, 29), 2981, e
(81, 29), 2982, y
(82, 29), 2983, k
(83, 29), 2984, e
(84, 29), 2985, y
(85, 29), 2986, k
(86, 29), 2987, e
(87, 29), 2988, y
(88, 29), 2989, k
(89, 29), 2990, e
(90, 29), 2991, y
(91, 29), 2992, k
(92, 29), 2993, e
(93, 29), 2994, y
(94, 29), 2995, k
(95, 29), 2996, e
(96, 29), 2997, y
(97, 29), 2998, k
(98, 29), 2999, e
(99, 29), 3000, y
(0, 30), 3001, k
(1, 30), 3002, e
(2, 30), 3003, y
(3, 30), 3004, k
(4, 30), 3005, e
(5, 30), 3006, y
(6, 30), 3007, k
(7, 30), 3008, e
(8, 30), 3009, y
(9, 30), 3010, k
(10, 30), 3011, e
(11, 30), 3012, y
(12, 30), 3013, k
(13, 30), 3014, e
(14, 30), 3015, y
(15, 30), 3016, k
(16, 30), 3017, e
(17, 30), 3018, y
(18, 30), 3019, k
(19, 30), 3020, e
(20, 30), 3021, y
(21, 30), 3022, k
(22, 30), 3023, e
(23, 30), 3024, y
(24, 30), 3025, k
(25, 30), 3026, e
(26, 30), 3027, y
(27, 30), 3028, k
(28, 30), 3029, e
(29, 30), 3030, y
(30, 30), 3031, k
(31, 30), 3032, e
(32, 30), 3033, y
(33, 30), 3034, k
(34, 30), 3035, e
(35, 30), 3036, y
(36, 30), 3037, k
(37, 30), 3038, e
(38, 30), 3039, y
(39, 30), 3040, k
(40, 30), 3041, e
(41, 30), 3042, y
(42, 30), 3043, k
(43, 30), 3044, e
(44, 30), 3045, y
(45, 30), 3046, k
(46, 30), 3047, e
(47, 30), 3048, y
(48, 30), 3049, k
(49, 30), 3050, e
(50, 30), 3051, y
(51, 30), 3052, k
(52, 30), 3053, e
(53, 30), 3054, y
(54, 30), 3055, k
(55, 30), 3056, e
(56, 30), 3057, y
(57, 30), 3058, k
(58, 30), 3059, e
(59, 30), 3060, y
(60, 30), 3061, k
(61, 30), 3062, e
(62, 30), 3063, y
(63, 30), 3064, k
(64, 30), 3065, e
(65, 30), 3066, y
(66, 30), 3067, k
(67, 30), 3068, e
(68, 30), 3069, y
(69, 30), 3070, k
(70, 30), 3071, e
(71, 30), 3072, y
(72, 30), 3073, k
(73, 30), 3074, e
(74, 30), 3075, y
(75, 30), 3076, k
(76, 30), 3077, e
(77, 30), 3078, y
(78, 30), 3079, k
(79, 30), 3080, e
(80, 30), 3081, y
(81, 30), 3082, k
(82, 30), 3083, e
(83, 30), 3084, y
(84, 30), 3085, k
(85, 30), 3086, e
(86, 30), 3087, y
(87, 30), 3088, k
(88, 30), 3089, e
(89, 30), 3090, y
(90, 30), 3091, k
(91, 30), 3092, e
(92, 30), 3093, y
(93, 30), 3094, k
(94, 30), 3095, e
(95, 30), 3096, y
(96, 30), 3097, k
(97, 30), 3098, e
(98, 30), 3099, y
(99, 30), 3100, k
(0, 31), 3101, e
(1, 31), 3102, y
(2, 31), 3103, k
(3, 31), 3104, e
(4, 31), 3105, y
(5, 31), 3106, k
(6, 31), 3107, e
(7, 31), 3108, y
(8, 31), 3109, k
(9, 31), 3110, e
(10, 31), 3111, y
(11, 31), 3112, k
(12, 31), 3113, e
(13, 31), 3114, y
(14, 31), 3115, k
(15, 31), 3116, e
(16, 31), 3117, y
(17, 31), 3118, k
(18, 31), 3119, e
(19, 31), 3120, y
(20, 31), 3121, k
(21, 31), 3122, e
(22, 31), 3123, y
(23, 31), 3124, k
(24, 31), 3125, e
(25, 31), 3126, y
(26, 31), 3127, k
(27, 31), 3128, e
(28, 31), 3129, y
(29, 31), 3130, k
(30, 31), 3131, e
(31, 31), 3132, y
(32, 31), 3133, k
(33, 31), 3134, e
(34, 31), 3135, y
(35, 31), 3136, k
(36, 31), 3137, e
(37, 31), 3138, y
(38, 31), 3139, k
(39, 31), 3140, e
(40, 31), 3141, y
(41, 31), 3142, k
(42, 31), 3143, e
(43, 31), 3144, y
(44, 31), 3145, k
(45, 31), 3146, e
(46, 31), 3147, y
(47, 31), 3148, k
(48, 31), 3149, e
(49, 31), 3150, y
(50, 31), 3151, k
(51, 31), 3152, e
(52, 31), 3153, y
(53, 31), 3154, k
(54, 31), 3155, e
(55, 31), 3156, y
(56, 31), 3157, k
(57, 31), 3158, e
(58, 31), 3159, y
(59, 31), 3160, k
(60, 31), 3161, e
(61, 31), 3162, y
(62, 31), 3163, k
(63, 31), 3164, e
(64, 31), 3165, y
(65, 31), 3166, k
(66, 31), 3167, e
(67, 31), 3168, y
(68, 31), 3169, k
(69, 31), 3170, e
(70, 31), 3171, y
(71, 31), 3172, k
(72, 31), 3173, e
(73, 31), 3174, y
(74, 31), 3175, k
(75, 31), 3176, e
(76, 31), 3177, y
(77, 31), 3178, k
(78, 31), 3179, e
(79, 31), 3180, y
(80, 31), 3181, k
(81, 31), 3182, e
(82, 31), 3183, y
(83, 31), 3184, k
(84, 31), 3185, e
(85, 31), 3186, y
(86, 31), 3187, k
(87, 31), 3188, e
(88, 31), 3189, y
(89, 31), 3190, k
(90, 31), 3191, e
(91, 31), 3192, y
(92, 31), 3193, k
(93, 31), 3194, e
(94, 31), 3195, y
(95, 31), 3196, k
(96, 31), 3197, e
(97, 31), 3198, y
(98, 31), 3199, k
(99, 31), 3200, e
(0, 32), 3201, y
(1, 32), 3202, k
(2, 32), 3203, e
(3, 32), 3204, y
(4, 32), 3205, k
(5, 32), 3206, e
(6, 32), 3207, y
(7, 32), 3208, k
(8, 32), 3209, e
(9, 32), 3210, y
(10, 32), 3211, k
(11, 32), 3212, e
(12, 32), 3213, y
(13, 32), 3214, k
(14, 32), 3215, e
(15, 32), 3216, y
(16, 32), 3217, k
(17, 32), 3218, e
(18, 32), 3219, y
(19, 32), 3220, k
(20, 32), 3221, e
(21, 32), 3222, y
(22, 32), 3223, k
(23, 32), 3224, e
(24, 32), 3225, y
(25, 32), 3226, k
(26, 32), 3227, e
(27, 32), 3228, y
(28, 32), 3229, k
(29, 32), 3230, e
(30, 32), 3231, y
(31, 32), 3232, k
(32, 32), 3233, e
(33, 32), 3234, y
(34, 32), 3235, k
(35, 32), 3236, e
(36, 32), 3237, y
(37, 32), 3238, k
(38, 32), 3239, e
(39, 32), 3240, y
(40, 32), 3241, k
(41, 32), 3242, e
(42, 32), 3243, y
(43, 32), 3244, k
(44, 32), 3245, e
(45, 32), 3246, y
(46, 32), 3247, k
(47, 32), 3248, e
(48, 32), 3249, y
(49, 32), 3250, k
(50, 32), 3251, e
(51, 32), 3252, y
(52, 32), 3253, k
(53, 32), 3254, e
(54, 32), 3255, y
(55, 32), 3256, k
(56, 32), 3257, e
(57, 32), 3258, y
(58, 32), 3259, k
(59, 32), 3260, e
(60, 32), 3261, y
(61, 32), 3262, k
(62, 32), 3263, e
(63, 32), 3264, y
(64, 32), 3265, k
(65, 32), 3266, e
(66, 32), 3267, y
(67, 32), 3268, k
(68, 32), 3269, e
(69, 32), 3270, y
(70, 32), 3271, k
(71, 32), 3272, e
(72, 32), 3273, y
(73, 32), 3274, k
(74, 32), 3275, e
(75, 32), 3276, y
(76, 32), 3277, k
(77, 32), 3278, e
(78, 32), 3279, y
(79, 32), 3280, k
(80, 32), 3281, e
(81, 32), 3282, y
(82, 32), 3283, k
(83, 32), 3284, e
(84, 32), 3285, y
(85, 32), 3286, k
(86, 32), 3287, e
(87, 32), 3288, y
(88, 32), 3289, k
(89, 32), 3290, e
(90, 32), 3291, y
(91, 32), 3292, k
(92, 32), 3293, e
(93, 32), 3294, y
(94, 32), 3295, k
(95, 32), 3296, e
(96, 32), 3297, y
(97, 32), 3298, k
(98, 32), 3299, e
(99, 32), 3300, y
(0, 33), 3301, k
(1, 33), 3302, e
(2, 33), 3303, y
(3, 33), 3304, k
(4, 33), 3305, e
(5, 33), 3306, y
(6, 33), 3307, k
(7, 33), 3308, e
(8, 33), 3309, y
(9, 33), 3310, k
(10, 33), 3311, e
(11, 33), 3312, y
(12, 33), 3313, k
(13, 33), 3314, e
(14, 33), 3315, y
(15, 33), 3316, k
(16, 33), 3317, e
(17, 33), 3318, y
(18, 33), 3319, k
(19, 33), 3320, e
(20, 33), 3321, y
(21, 33), 3322, k
(22, 33), 3323, e
(23, 33), 3324, y
(24, 33), 3325, k
(25, 33), 3326, e
(26, 33), 3327, y
(27, 33), 3328, k
(28, 33), 3329, e
(29, 33), 3330, y
(30, 33), 3331, k
(31, 33), 3332, e
(32, 33), 3333, y
(33, 33), 3334, k
(34, 33), 3335, e
(35, 33), 3336, y
(36, 33), 3337, k
(37, 33), 3338, e
(38, 33), 3339, y
(39, 33), 3340, k
(40, 33), 3341, e
(41, 33), 3342, y
(42, 33), 3343, k
(43, 33), 3344, e
(44, 33), 3345, y
(45, 33), 3346, k
(46, 33), 3347, e
(47, 33), 3348, y
(48, 33), 3349, k
(49, 33), 3350, e
(50, 33), 3351, y
(51, 33), 3352, k
(52, 33), 3353, e
(53, 33), 3354, y
(54, 33), 3355, k
(55, 33), 3356, e
(56, 33), 3357, y
(57, 33), 3358, k
(58, 33), 3359, e
(59, 33), 3360, y
(60, 33), 3361, k
(61, 33), 3362, e
(62, 33), 3363, y
(63, 33), 3364, k
(64, 33), 3365, e
(65, 33), 3366, y
(66, 33), 3367, k
(67, 33), 3368, e
(68, 33), 3369, y
(69, 33), 3370, k
(70, 33), 3371, e
(71, 33), 3372, y
(72, 33), 3373, k
(73, 33), 3374, e
(74, 33), 3375, y
(75, 33), 3376, k
(76, 33), 3377, e
(77, 33), 3378, y
(78, 33), 3379, k
(79, 33), 3380, e
(80, 33), 3381, y
(81, 33), 3382, k
(82, 33), 3383, e
(83, 33), 3384, y
(84, 33), 3385, k
(85, 33), 3386, e
(86, 33), 3387, y
(87, 33), 3388, k
(88, 33), 3389, e
(89, 33), 3390, y
(90, 33), 3391, k
(91, 33), 3392, e
(92, 33), 3393, y
(93, 33), 3394, k
(94, 33), 3395, e
(95, 33), 3396, y
(96, 33), 3397, k
(97, 33), 3398, e
(98, 33), 3399, y
(99, 33), 3400, k
(0, 34), 3401, e
(1, 34), 3402, y
(2, 34), 3403, k
(3, 34), 3404, e
(4, 34), 3405, y
(5, 34), 3406, k
(6, 34), 3407, e
(7, 34), 3408, y
(8, 34), 3409, k
(9, 34), 3410, e
(10, 34), 3411, y
(11, 34), 3412, k
(12, 34), 3413, e
(13, 34), 3414, y
(14, 34), 3415, k
(15, 34), 3416, e
(16, 34), 3417, y
(17, 34), 3418, k
(18, 34), 3419, e
(19, 34), 3420, y
(20, 34), 3421, k
(21, 34), 3422, e
(22, 34), 3423, y
(23, 34), 3424, k
(24, 34), 3425, e
(25, 34), 3426, y
(26, 34), 3427, k
(27, 34), 3428, e
(28, 34), 3429, y
(29, 34), 3430, k
(30, 34), 3431, e
(31, 34), 3432, y
(32, 34), 3433, k
(33, 34), 3434, e
(34, 34), 3435, y
(35, 34), 3436, k
(36, 34), 3437, e
(37, 34), 3438, y
(38, 34), 3439, k
(39, 34), 3440, e
(40, 34), 3441, y
(41, 34), 3442, k
(42, 34), 3443, e
(43, 34), 3444, y
(44, 34), 3445, k
(45, 34), 3446, e
(46, 34), 3447, y
(47, 34), 3448, k
(48, 34), 3449, e
(49, 34), 3450, y
(50, 34), 3451, k
(51, 34), 3452, e
(52, 34), 3453, y
(53, 34), 3454, k
(54, 34), 3455, e
(55, 34), 3456, y
(56, 34), 3457, k
(57, 34), 3458, e
(58, 34), 3459, y
(59, 34), 3460, k
(60, 34), 3461, e
(61, 34), 3462, y
(62, 34), 3463, k
(63, 34), 3464, e
(64, 34), 3465, y
(65, 34), 3466, k
(66, 34), 3467, e
(67, 34), 3468, y
(68, 34), 3469, k
(69, 34), 3470, e
(70, 34), 3471, y
(71, 34), 3472, k
(72, 34), 3473, e
(73, 34), 3474, y
(74, 34), 3475, k
(75, 34), 3476, e
(76, 34), 3477, y
(77, 34), 3478, k
(78, 34), 3479, e
(79, 34), 3480, y
(80, 34), 3481, k
(81, 34), 3482, e
(82, 34), 3483, y
(83, 34), 3484, k
(84, 34), 3485, e
(85, 34), 3486, y
(86, 34), 3487, k
(87, 34), 3488, e
(88, 34), 3489, y
(89, 34), 3490, k
(90, 34), 3491, e
(91, 34), 3492, y
(92, 34), 3493, k
(93, 34), 3494, e
(94, 34), 3495, y
(95, 34), 3496, k
(96, 34), 3497, e
(97, 34), 3498, y
(98, 34), 3499, k
(99, 34), 3500, e
(0, 35), 3501, y
(1, 35), 3502, k
(2, 35), 3503, e
(3, 35), 3504, y
(4, 35), 3505, k
(5, 35), 3506, e
(6, 35), 3507, y
(7, 35), 3508, k
(8, 35), 3509, e
(9, 35), 3510, y
(10, 35), 3511, k
(11, 35), 3512, e
(12, 35), 3513, y
(13, 35), 3514, k
(14, 35), 3515, e
(15, 35), 3516, y
(16, 35), 3517, k
(17, 35), 3518, e
(18, 35), 3519, y
(19, 35), 3520, k
(20, 35), 3521, e
(21, 35), 3522, y
(22, 35), 3523, k
(23, 35), 3524, e
(24, 35), 3525, y
(25, 35), 3526, k
(26, 35), 3527, e
(27, 35), 3528, y
(28, 35), 3529, k
(29, 35), 3530, e
(30, 35), 3531, y
(31, 35), 3532, k
(32, 35), 3533, e
(33, 35), 3534, y
(34, 35), 3535, k
(35, 35), 3536, e
(36, 35), 3537, y
(37, 35), 3538, k
(38, 35), 3539, e
(39, 35), 3540, y
(40, 35), 3541, k
(41, 35), 3542, e
(42, 35), 3543, y
(43, 35), 3544, k
(44, 35), 3545, e
(45, 35), 3546, y
(46, 35), 3547, k
(47, 35), 3548, e
(48, 35), 3549, y
(49, 35), 3550, k
(50, 35), 3551, e
(51, 35), 3552, y
(52, 35), 3553, k
(53, 35), 3554, e
(54, 35), 3555, y
(55, 35), 3556, k
(56, 35), 3557, e
(57, 35), 3558, y
(58, 35), 3559, k
(59, 35), 3560, e
(60, 35), 3561, y
(61, 35), 3562, k
(62, 35), 3563, e
(63, 35), 3564, y
(64, 35), 3565, k
(65, 35), 3566, e
(66, 35), 3567, y
(67, 35), 3568, k
(68, 35), 3569, e
(69, 35), 3570, y
(70, 35), 3571, k
(71, 35), 3572, e
(72, 35), 3573, y
(73, 35), 3574, k
(74, 35), 3575, e
(75, 35), 3576, y
(76, 35), 3577, k
(77, 35), 3578, e
(78, 35), 3579, y
(79, 35), 3580, k
(80, 35), 3581, e
(81, 35), 3582, y
(82, 35), 3583, k
(83, 35), 3584, e
(84, 35), 3585, y
(85, 35), 3586, k
(86, 35), 3587, e
(87, 35), 3588, y
(88, 35), 3589, k
(89, 35), 3590, e
(90, 35), 3591, y
(91, 35), 3592, k
(92, 35), 3593, e
(93, 35), 3594, y
(94, 35), 3595, k
(95, 35), 3596, e
(96, 35), 3597, y
(97, 35), 3598, k
(98, 35), 3599, e
(99, 35), 3600, y
(0, 36), 3601, k
(1, 36), 3602, e
(2, 36), 3603, y
(3, 36), 3604, k
(4, 36), 3605, e
(5, 36), 3606, y
(6, 36), 3607, k
(7, 36), 3608, e
(8, 36), 3609, y
(9, 36), 3610, k
(10, 36), 3611, e
(11, 36), 3612, y
(12, 36), 3613, k
(13, 36), 3614, e
(14, 36), 3615, y
(15, 36), 3616, k
(16, 36), 3617, e
(17, 36), 3618, y
(18, 36), 3619, k
(19, 36), 3620, e
(20, 36), 3621, y
(21, 36), 3622, k
(22, 36), 3623, e
(23, 36), 3624, y
(24, 36), 3625, k
(25, 36), 3626, e
(26, 36), 3627, y
(27, 36), 3628, k
(28, 36), 3629, e
(29, 36), 3630, y
(30, 36), 3631, k
(31, 36), 3632, e
(32, 36), 3633, y
(33, 36), 3634, k
(34, 36), 3635, e
(35, 36), 3636, y
(36, 36), 3637, k
(37, 36), 3638, e
(38, 36), 3639, y
(39, 36), 3640, k
(40, 36), 3641, e
(41, 36), 3642, y
(42, 36), 3643, k
(43, 36), 3644, e
(44, 36), 3645, y
(45, 36), 3646, k
(46, 36), 3647, e
(47, 36), 3648, y
(48, 36), 3649, k
(49, 36), 3650, e
(50, 36), 3651, y
(51, 36), 3652, k
(52, 36), 3653, e
(53, 36), 3654, y
(54, 36), 3655, k
(55, 36), 3656, e
(56, 36), 3657, y
(57, 36), 3658, k
(58, 36), 3659, e
(59, 36), 3660, y
(60, 36), 3661, k
(61, 36), 3662, e
(62, 36), 3663, y
(63, 36), 3664, k
(64, 36), 3665, e
(65, 36), 3666, y
(66, 36), 3667, k
(67, 36), 3668, e
(68, 36), 3669, y
(69, 36), 3670, k
(70, 36), 3671, e
(71, 36), 3672, y
(72, 36), 3673, k
(73, 36), 3674, e
(74, 36), 3675, y
(75, 36), 3676, k
(76, 36), 3677, e
(77, 36), 3678, y
(78, 36), 3679, k
(79, 36), 3680, e
(80, 36), 3681, y
(81, 36), 3682, k
(82, 36), 3683, e
(83, 36), 3684, y
(84, 36), 3685, k
(85, 36), 3686, e
(86, 36), 3687, y
(87, 36), 3688, k
(88, 36), 3689, e
(89, 36), 3690, y
(90, 36), 3691, k
(91, 36), 3692, e
(92, 36), 3693, y
(93, 36), 3694, k
(94, 36), 3695, e
(95, 36), 3696, y
(96, 36), 3697, k
(97, 36), 3698, e
(98, 36), 3699, y
(99, 36), 3700, k
(0, 37), 3701, e
(1, 37), 3702, y
(2, 37), 3703, k
(3, 37), 3704, e
(4, 37), 3705, y
(5, 37), 3706, k
(6, 37), 3707, e
(7, 37), 3708, y
(8, 37), 3709, k
(9, 37), 3710, e
(10, 37), 3711, y
(11, 37), 3712, k
(12, 37), 3713, e
(13, 37), 3714, y
(14, 37), 3715, k
(15, 37), 3716, e
(16, 37), 3717, y
(17, 37), 3718, k
(18, 37), 3719, e
(19, 37), 3720, y
(20, 37), 3721, k
(21, 37), 3722, e
(22, 37), 3723, y
(23, 37), 3724, k
(24, 37), 3725, e
(25, 37), 3726, y
(26, 37), 3727, k
(27, 37), 3728, e
(28, 37), 3729, y
(29, 37), 3730, k
(30, 37), 3731, e
(31, 37), 3732, y
(32, 37), 3733, k
(33, 37), 3734, e
(34, 37), 3735, y
(35, 37), 3736, k
(36, 37), 3737, e
(37, 37), 3738, y
(38, 37), 3739, k
(39, 37), 3740, e
(40, 37), 3741, y
(41, 37), 3742, k
(42, 37), 3743, e
(43, 37), 3744, y
(44, 37), 3745, k
(45, 37), 3746, e
(46, 37), 3747, y
(47, 37), 3748, k
(48, 37), 3749, e
(49, 37), 3750, y
(50, 37), 3751, k
(51, 37), 3752, e
(52, 37), 3753, y
(53, 37), 3754, k
(54, 37), 3755, e
(55, 37), 3756, y
(56, 37), 3757, k
(57, 37), 3758, e
(58, 37), 3759, y
(59, 37), 3760, k
(60, 37), 3761, e
(61, 37), 3762, y
(62, 37), 3763, k
(63, 37), 3764, e
(64, 37), 3765, y
(65, 37), 3766, k
(66, 37), 3767, e
(67, 37), 3768, y
(68, 37), 3769, k
(69, 37), 3770, e
(70, 37), 3771, y
(71, 37), 3772, k
(72, 37), 3773, e
(73, 37), 3774, y
(74, 37), 3775, k
(75, 37), 3776, e
(76, 37), 3777, y
(77, 37), 3778, k
(78, 37), 3779, e
(79, 37), 3780, y
(80, 37), 3781, k
(81, 37), 3782, e
(82, 37), 3783, y
(83, 37), 3784, k
(84, 37), 3785, e
(85, 37), 3786, y
(86, 37), 3787, k
(87, 37), 3788, e
(88, 37), 3789, y
(89, 37), 3790, k
(90, 37), 3791, e
(91, 37), 3792, y
(92, 37), 3793, k
(93, 37), 3794, e
(94, 37), 3795, y
(95, 37), 3796, k
(96, 37), 3797, e
(97, 37), 3798, y
(98, 37), 3799, k
(99, 37), 3800, e
(0, 38), 3801, y
(1, 38), 3802, k
(2, 38), 3803, e
(3, 38), 3804, y
(4, 38), 3805, k
(5, 38), 3806, e
(6, 38), 3807, y
(7, 38), 3808, k
(8, 38), 3809, e
(9, 38), 3810, y
(10, 38), 3811, k
(11, 38), 3812, e
(12, 38), 3813, y
(13, 38), 3814, k
(14, 38), 3815, e
(15, 38), 3816, y
(16, 38), 3817, k
(17, 38), 3818, e
(18, 38), 3819, y
(19, 38), 3820, k
(20, 38), 3821, e
(21, 38), 3822, y
(22, 38), 3823, k
(23, 38), 3824, e
(24, 38), 3825, y
(25, 38), 3826, k
(26, 38), 3827, e
(27, 38), 3828, y
(28, 38), 3829, k
(29, 38), 3830, e
(30, 38), 3831, y
(31, 38), 3832, k
(32, 38), 3833, e
(33, 38), 3834, y
(34, 38), 3835, k
(35, 38), 3836, e
(36, 38), 3837, y
(37, 38), 3838, k
(38, 38), 3839, e
(39, 38), 3840, y
(40, 38), 3841, k
(41, 38), 3842, e
(42, 38), 3843, y
(43, 38), 3844, k
(44, 38), 3845, e
(45, 38), 3846, y
(46, 38), 3847, k
(47, 38), 3848, e
(48, 38), 3849, y
(49, 38), 3850, k
(50, 38), 3851, e
(51, 38), 3852, y
(52, 38), 3853, k
(53, 38), 3854, e
(54, 38), 3855, y
(55, 38), 3856, k
(56, 38), 3857, e
(57, 38), 3858, y
(58, 38), 3859, k
(59, 38), 3860, e
(60, 38), 3861, y
(61, 38), 3862, k
(62, 38), 3863, e
(63, 38), 3864, y
(64, 38), 3865, k
(65, 38), 3866, e
(66, 38), 3867, y
(67, 38), 3868, k
(68, 38), 3869, e
(69, 38), 3870, y
(70, 38), 3871, k
(71, 38), 3872, e
(72, 38), 3873, y
(73, 38), 3874, k
(74, 38), 3875, e
(75, 38), 3876, y
(76, 38), 3877, k
(77, 38), 3878, e
(78, 38), 3879, y
(79, 38), 3880, k
(80, 38), 3881, e
(81, 38), 3882, y
(82, 38), 3883, k
(83, 38), 3884, e
(84, 38), 3885, y
(85, 38), 3886, k
(86, 38), 3887, e
(87, 38), 3888, y
(88, 38), 3889, k
(89, 38), 3890, e
(90, 38), 3891, y
(91, 38), 3892, k
(92, 38), 3893, e
(93, 38), 3894, y
(94, 38), 3895, k
(95, 38), 3896, e
(96, 38), 3897, y
(97, 38), 3898, k
(98, 38), 3899, e
(99, 38), 3900, y
(0, 39), 3901, k
(1, 39), 3902, e
(2, 39), 3903, y
(3, 39), 3904, k
(4, 39), 3905, e
(5, 39), 3906, y
(6, 39), 3907, k
(7, 39), 3908, e
(8, 39), 3909, y
(9, 39), 3910, k
(10, 39), 3911, e
(11, 39), 3912, y
(12, 39), 3913, k
(13, 39), 3914, e
(14, 39), 3915, y
(15, 39), 3916, k
(16, 39), 3917, e
(17, 39), 3918, y
(18, 39), 3919, k
(19, 39), 3920, e
(20, 39), 3921, y
(21, 39), 3922, k
(22, 39), 3923, e
(23, 39), 3924, y
(24, 39), 3925, k
(25, 39), 3926, e
(26, 39), 3927, y
(27, 39), 3928, k
(28, 39), 3929, e
(29, 39), 3930, y
(30, 39), 3931, k
(31, 39), 3932, e
(32, 39), 3933, y
(33, 39), 3934, k
(34, 39), 3935, e
(35, 39), 3936, y
(36, 39), 3937, k
(37, 39), 3938, e
(38, 39), 3939, y
(39, 39), 3940, k
(40, 39), 3941, e
(41, 39), 3942, y
(42, 39), 3943, k
(43, 39), 3944, e
(44, 39), 3945, y
(45, 39), 3946, k
(46, 39), 3947, e
(47, 39), 3948, y
(48, 39), 3949, k
(49, 39), 3950, e
(50, 39), 3951, y
(51, 39), 3952, k
(52, 39), 3953, e
(53, 39), 3954, y
(54, 39), 3955, k
(55, 39), 3956, e
(56, 39), 3957, y
(57, 39), 3958, k
(58, 39), 3959, e
(59, 39), 3960, y
(60, 39), 3961, k
(61, 39), 3962, e
(62, 39), 3963, y
(63, 39), 3964, k
(64, 39), 3965, e
(65, 39), 3966, y
(66, 39), 3967, k
(67, 39), 3968, e
(68, 39), 3969, y
(69, 39), 3970, k
(70, 39), 3971, e
(71, 39), 3972, y
(72, 39), 3973, k
(73, 39), 3974, e
(74, 39), 3975, y
(75, 39), 3976, k
(76, 39), 3977, e
(77, 39), 3978, y
(78, 39), 3979, k
(79, 39), 3980, e
(80, 39), 3981, y
(81, 39), 3982, k
(82, 39), 3983, e
(83, 39), 3984, y
(84, 39), 3985, k
(85, 39), 3986, e
(86, 39), 3987, y
(87, 39), 3988, k
(88, 39), 3989, e
(89, 39), 3990, y
(90, 39), 3991, k
(91, 39), 3992, e
(92, 39), 3993, y
(93, 39), 3994, k
(94, 39), 3995, e
(95, 39), 3996, y
(96, 39), 3997, k
(97, 39), 3998, e
(98, 39), 3999, y
(99, 39), 4000, k
(0, 40), 4001, e
(1, 40), 4002, y
(2, 40), 4003, k
(3, 40), 4004, e
(4, 40), 4005, y
(5, 40), 4006, k
(6, 40), 4007, e
(7, 40), 4008, y
(8, 40), 4009, k
(9, 40), 4010, e
(10, 40), 4011, y
(11, 40), 4012, k
(12, 40), 4013, e
(13, 40), 4014, y
(14, 40), 4015, k
(15, 40), 4016, e
(16, 40), 4017, y
(17, 40), 4018, k
(18, 40), 4019, e
(19, 40), 4020, y
(20, 40), 4021, k
(21, 40), 4022, e
(22, 40), 4023, y
(23, 40), 4024, k
(24, 40), 4025, e
(25, 40), 4026, y
(26, 40), 4027, k
(27, 40), 4028, e
(28, 40), 4029, y
(29, 40), 4030, k
(30, 40), 4031, e
(31, 40), 4032, y
(32, 40), 4033, k
(33, 40), 4034, e
(34, 40), 4035, y
(35, 40), 4036, k
(36, 40), 4037, e
(37, 40), 4038, y
(38, 40), 4039, k
(39, 40), 4040, e
(40, 40), 4041, y
(41, 40), 4042, k
(42, 40), 4043, e
(43, 40), 4044, y
(44, 40), 4045, k
(45, 40), 4046, e
(46, 40), 4047, y
(47, 40), 4048, k
(48, 40), 4049, e
(49, 40), 4050, y
(50, 40), 4051, k
(51, 40), 4052, e
(52, 40), 4053, y
(53, 40), 4054, k
(54, 40), 4055, e
(55, 40), 4056, y
(56, 40), 4057, k
(57, 40), 4058, e
(58, 40), 4059, y
(59, 40), 4060, k
(60, 40), 4061, e
(61, 40), 4062, y
(62, 40), 4063, k
(63, 40), 4064, e
(64, 40), 4065, y
(65, 40), 4066, k
(66, 40), 4067, e
(67, 40), 4068, y
(68, 40), 4069, k
(69, 40), 4070, e
(70, 40), 4071, y
(71, 40), 4072, k
(72, 40), 4073, e
(73, 40), 4074, y
(74, 40), 4075, k
(75, 40), 4076, e
(76, 40), 4077, y
(77, 40), 4078, k
(78, 40), 4079, e
(79, 40), 4080, y
(80, 40), 4081, k
(81, 40), 4082, e
(82, 40), 4083, y
(83, 40), 4084, k
(84, 40), 4085, e
(85, 40), 4086, y
(86, 40), 4087, k
(87, 40), 4088, e
(88, 40), 4089, y
(89, 40), 4090, k
(90, 40), 4091, e
(91, 40), 4092, y
(92, 40), 4093, k
(93, 40), 4094, e
(94, 40), 4095, y
(95, 40), 4096, k
(96, 40), 4097, e
(97, 40), 4098, y
(98, 40), 4099, k
(99, 40), 4100, e
(0, 41), 4101, y
(1, 41), 4102, k
(2, 41), 4103, e
(3, 41), 4104, y
(4, 41), 4105, k
(5, 41), 4106, e
(6, 41), 4107, y
(7, 41), 4108, k
(8, 41), 4109, e
(9, 41), 4110, y
(10, 41), 4111, k
(11, 41), 4112, e
(12, 41), 4113, y
(13, 41), 4114, k
(14, 41), 4115, e
(15, 41), 4116, y
(16, 41), 4117, k
(17, 41), 4118, e
(18, 41), 4119, y
(19, 41), 4120, k
(20, 41), 4121, e
(21, 41), 4122, y
(22, 41), 4123, k
(23, 41), 4124, e
(24, 41), 4125, y
(25, 41), 4126, k
(26, 41), 4127, e
(27, 41), 4128, y
(28, 41), 4129, k
(29, 41), 4130, e
(30, 41), 4131, y
(31, 41), 4132, k
(32, 41), 4133, e
(33, 41), 4134, y
(34, 41), 4135, k
(35, 41), 4136, e
(36, 41), 4137, y
(37, 41), 4138, k
(38, 41), 4139, e
(39, 41), 4140, y
(40, 41), 4141, k
(41, 41), 4142, e
(42, 41), 4143, y
(43, 41), 4144, k
(44, 41), 4145, e
(45, 41), 4146, y
(46, 41), 4147, k
(47, 41), 4148, e
(48, 41), 4149, y
(49, 41), 4150, k
(50, 41), 4151, e
(51, 41), 4152, y
(52, 41), 4153, k
(53, 41), 4154, e
(54, 41), 4155, y
(55, 41), 4156, k
(56, 41), 4157, e
(57, 41), 4158, y
(58, 41), 4159, k
(59, 41), 4160, e
(60, 41), 4161, y
(61, 41), 4162, k
(62, 41), 4163, e
(63, 41), 4164, y
(64, 41), 4165, k
(65, 41), 4166, e
(66, 41), 4167, y
(67, 41), 4168, k
(68, 41), 4169, e
(69, 41), 4170, y
(70, 41), 4171, k
(71, 41), 4172, e
(72, 41), 4173, y
(73, 41), 4174, k
(74, 41), 4175, e
(75, 41), 4176, y
(76, 41), 4177, k
(77, 41), 4178, e
(78, 41), 4179, y
(79, 41), 4180, k
(80, 41), 4181, e
(81, 41), 4182, y
(82, 41), 4183, k
(83, 41), 4184, e
(84, 41), 4185, y
(85, 41), 4186, k
(86, 41), 4187, e
(87, 41), 4188, y
(88, 41), 4189, k
(89, 41), 4190, e
(90, 41), 4191, y
(91, 41), 4192, k
(92, 41), 4193, e
(93, 41), 4194, y
(94, 41), 4195, k
(95, 41), 4196, e
(96, 41), 4197, y
(97, 41), 4198, k
(98, 41), 4199, e
(99, 41), 4200, y
(0, 42), 4201, k
(1, 42), 4202, e
(2, 42), 4203, y
(3, 42), 4204, k
(4, 42), 4205, e
(5, 42), 4206, y
(6, 42), 4207, k
(7, 42), 4208, e
(8, 42), 4209, y
(9, 42), 4210, k
(10, 42), 4211, e
(11, 42), 4212, y
(12, 42), 4213, k
(13, 42), 4214, e
(14, 42), 4215, y
(15, 42), 4216, k
(16, 42), 4217, e
(17, 42), 4218, y
(18, 42), 4219, k
(19, 42), 4220, e
(20, 42), 4221, y
(21, 42), 4222, k
(22, 42), 4223, e
(23, 42), 4224, y
(24, 42), 4225, k
(25, 42), 4226, e
(26, 42), 4227, y
(27, 42), 4228, k
(28, 42), 4229, e
(29, 42), 4230, y
(30, 42), 4231, k
(31, 42), 4232, e
(32, 42), 4233, y
(33, 42), 4234, k
(34, 42), 4235, e
(35, 42), 4236, y
(36, 42), 4237, k
(37, 42), 4238, e
(38, 42), 4239, y
(39, 42), 4240, k
(40, 42), 4241, e
(41, 42), 4242, y
(42, 42), 4243, k
(43, 42), 4244, e
(44, 42), 4245, y
(45, 42), 4246, k
(46, 42), 4247, e
(47, 42), 4248, y
(48, 42), 4249, k
(49, 42), 4250, e
(50, 42), 4251, y
(51, 42), 4252, k
(52, 42), 4253, e
(53, 42), 4254, y
(54, 42), 4255, k
(55, 42), 4256, e
(56, 42), 4257, y
(57, 42), 4258, k
(58, 42), 4259, e
(59, 42), 4260, y
(60, 42), 4261, k
(61, 42), 4262, e
(62, 42), 4263, y
(63, 42), 4264, k
(64, 42), 4265, e
(65, 42), 4266, y
(66, 42), 4267, k
(67, 42), 4268, e
(68, 42), 4269, y
(69, 42), 4270, k
(70, 42), 4271, e
(71, 42), 4272, y
(72, 42), 4273, k
(73, 42), 4274, e
(74, 42), 4275, y
(75, 42), 4276, k
(76, 42), 4277, e
(77, 42), 4278, y
(78, 42), 4279, k
(79, 42), 4280, e
(80, 42), 4281, y
(81, 42), 4282, k
(82, 42), 4283, e
(83, 42), 4284, y
(84, 42), 4285, k
(85, 42), 4286, e
(86, 42), 4287, y
(87, 42), 4288, k
(88, 42), 4289, e
(89, 42), 4290, y
(90, 42), 4291, k
(91, 42), 4292, e
(92, 42), 4293, y
(93, 42), 4294, k
(94, 42), 4295, e
(95, 42), 4296, y
(96, 42), 4297, k
(97, 42), 4298, e
(98, 42), 4299, y
(99, 42), 4300, k
(0, 43), 4301, e
(1, 43), 4302, y
(2, 43), 4303, k
(3, 43), 4304, e
(4, 43), 4305, y
(5, 43), 4306, k
(6, 43), 4307, e
(7, 43), 4308, y
(8, 43), 4309, k
(9, 43), 4310, e
(10, 43), 4311, y
(11, 43), 4312, k
(12, 43), 4313, e
(13, 43), 4314, y
(14, 43), 4315, k
(15, 43), 4316, e
(16, 43), 4317, y
(17, 43), 4318, k
(18, 43), 4319, e
(19, 43), 4320, y
(20, 43), 4321, k
(21, 43), 4322, e
(22, 43), 4323, y
(23, 43), 4324, k
(24, 43), 4325, e
(25, 43), 4326, y
(26, 43), 4327, k
(27, 43), 4328, e
(28, 43), 4329, y
(29, 43), 4330, k
(30, 43), 4331, e
(31, 43), 4332, y
(32, 43), 4333, k
(33, 43), 4334, e
(34, 43), 4335, y
(35, 43), 4336, k
(36, 43), 4337, e
(37, 43), 4338, y
(38, 43), 4339, k
(39, 43), 4340, e
(40, 43), 4341, y
(41, 43), 4342, k
(42, 43), 4343, e
(43, 43), 4344, y
(44, 43), 4345, k
(45, 43), 4346, e
(46, 43), 4347, y
(47, 43), 4348, k
(48, 43), 4349, e
(49, 43), 4350, y
(50, 43), 4351, k
(51, 43), 4352, e
(52, 43), 4353, y
(53, 43), 4354, k
(54, 43), 4355, e
(55, 43), 4356, y
(56, 43), 4357, k
(57, 43), 4358, e
(58, 43), 4359, y
(59, 43), 4360, k
(60, 43), 4361, e
(61, 43), 4362, y
(62, 43), 4363, k
(63, 43), 4364, e
(64, 43), 4365, y
(65, 43), 4366, k
(66, 43), 4367, e
(67, 43), 4368, y
(68, 43), 4369, k
(69, 43), 4370, e
(70, 43), 4371, y
(71, 43), 4372, k
(72, 43), 4373, e
(73, 43), 4374, y
(74, 43), 4375, k
(75, 43), 4376, e
(76, 43), 4377, y
(77, 43), 4378, k
(78, 43), 4379, e
(79, 43), 4380, y
(80, 43), 4381, k
(81, 43), 4382, e
(82, 43), 4383, y
(83, 43), 4384, k
(84, 43), 4385, e
(85, 43), 4386, y
(86, 43), 4387, k
(87, 43), 4388, e
(88, 43), 4389, y
(89, 43), 4390, k
(90, 43), 4391, e
(91, 43), 4392, y
(92, 43), 4393, k
(93, 43), 4394, e
(94, 43), 4395, y
(95, 43), 4396, k
(96, 43), 4397, e
(97, 43), 4398, y
(98, 43), 4399, k
(99, 43), 4400, e
(0, 44), 4401, y
(1, 44), 4402, k
(2, 44), 4403, e
(3, 44), 4404, y
(4, 44), 4405, k
(5, 44), 4406, e
(6, 44), 4407, y
(7, 44), 4408, k
(8, 44), 4409, e
(9, 44), 4410, y
(10, 44), 4411, k
(11, 44), 4412, e
(12, 44), 4413, y
(13, 44), 4414, k
(14, 44), 4415, e
(15, 44), 4416, y
(16, 44), 4417, k
(17, 44), 4418, e
(18, 44), 4419, y
(19, 44), 4420, k
(20, 44), 4421, e
(21, 44), 4422, y
(22, 44), 4423, k
(23, 44), 4424, e
(24, 44), 4425, y
(25, 44), 4426, k
(26, 44), 4427, e
(27, 44), 4428, y
(28, 44), 4429, k
(29, 44), 4430, e
(30, 44), 4431, y
(31, 44), 4432, k
(32, 44), 4433, e
(33, 44), 4434, y
(34, 44), 4435, k
(35, 44), 4436, e
(36, 44), 4437, y
(37, 44), 4438, k
(38, 44), 4439, e
(39, 44), 4440, y
(40, 44), 4441, k
(41, 44), 4442, e
(42, 44), 4443, y
(43, 44), 4444, k
(44, 44), 4445, e
(45, 44), 4446, y
(46, 44), 4447, k
(47, 44), 4448, e
(48, 44), 4449, y
(49, 44), 4450, k
(50, 44), 4451, e
(51, 44), 4452, y
(52, 44), 4453, k
(53, 44), 4454, e
(54, 44), 4455, y
(55, 44), 4456, k
(56, 44), 4457, e
(57, 44), 4458, y
(58, 44), 4459, k
(59, 44), 4460, e
(60, 44), 4461, y
(61, 44), 4462, k
(62, 44), 4463, e
(63, 44), 4464, y
(64, 44), 4465, k
(65, 44), 4466, e
(66, 44), 4467, y
(67, 44), 4468, k
(68, 44), 4469, e
(69, 44), 4470, y
(70, 44), 4471, k
(71, 44), 4472, e
(72, 44), 4473, y
(73, 44), 4474, k
(74, 44), 4475, e
(75, 44), 4476, y
(76, 44), 4477, k
(77, 44), 4478, e
(78, 44), 4479, y
(79, 44), 4480, k
(80, 44), 4481, e
(81, 44), 4482, y
(82, 44), 4483, k
(83, 44), 4484, e
(84, 44), 4485, y
(85, 44), 4486, k
(86, 44), 4487, e
(87, 44), 4488, y
(88, 44), 4489, k
(89, 44), 4490, e
(90, 44), 4491, y
(91, 44), 4492, k
(92, 44), 4493, e
(93, 44), 4494, y
(94, 44), 4495, k
(95, 44), 4496, e
(96, 44), 4497, y
(97, 44), 4498, k
(98, 44), 4499, e
(99, 44), 4500, y
(0, 45), 4501, k
(1, 45), 4502, e
(2, 45), 4503, y
(3, 45), 4504, k
(4, 45), 4505, e
(5, 45), 4506, y
(6, 45), 4507, k
(7, 45), 4508, e
(8, 45), 4509, y
(9, 45), 4510, k
(10, 45), 4511, e
(11, 45), 4512, y
(12, 45), 4513, k
(13, 45), 4514, e
(14, 45), 4515, y
(15, 45), 4516, k
(16, 45), 4517, e
(17, 45), 4518, y
(18, 45), 4519, k
(19, 45), 4520, e
(20, 45), 4521, y
(21, 45), 4522, k
(22, 45), 4523, e
(23, 45), 4524, y
(24, 45), 4525, k
(25, 45), 4526, e
(26, 45), 4527, y
(27, 45), 4528, k
(28, 45), 4529, e
(29, 45), 4530, y
(30, 45), 4531, k
(31, 45), 4532, e
(32, 45), 4533, y
(33, 45), 4534, k
(34, 45), 4535, e
(35, 45), 4536, y
(36, 45), 4537, k
(37, 45), 4538, e
(38, 45), 4539, y
(39, 45), 4540, k
(40, 45), 4541, e
(41, 45), 4542, y
(42, 45), 4543, k
(43, 45), 4544, e
(44, 45), 4545, y
(45, 45), 4546, k
(46, 45), 4547, e
(47, 45), 4548, y
(48, 45), 4549, k
(49, 45), 4550, e
(50, 45), 4551, y
(51, 45), 4552, k
(52, 45), 4553, e
(53, 45), 4554, y
(54, 45), 4555, k
(55, 45), 4556, e
(56, 45), 4557, y
(57, 45), 4558, k
(58, 45), 4559, e
(59, 45), 4560, y
(60, 45), 4561, k
(61, 45), 4562, e
(62, 45), 4563, y
(63, 45), 4564, k
(64, 45), 4565, e
(65, 45), 4566, y
(66, 45), 4567, k
(67, 45), 4568, e
(68, 45), 4569, y
(69, 45), 4570, k
(70, 45), 4571, e
(71, 45), 4572, y
(72, 45), 4573, k
(73, 45), 4574, e
(74, 45), 4575, y
(75, 45), 4576, k
(76, 45), 4577, e
(77, 45), 4578, y
(78, 45), 4579, k
(79, 45), 4580, e
(80, 45), 4581, y
(81, 45), 4582, k
(82, 45), 4583, e
(83, 45), 4584, y
(84, 45), 4585, k
(85, 45), 4586, e
(86, 45), 4587, y
(87, 45), 4588, k
(88, 45), 4589, e
(89, 45), 4590, y
(90, 45), 4591, k
(91, 45), 4592, e
(92, 45), 4593, y
(93, 45), 4594, k
(94, 45), 4595, e
(95, 45), 4596, y
(96, 45), 4597, k
(97, 45), 4598, e
(98, 45), 4599, y
(99, 45), 4600, k
(0, 46), 4601, e
(1, 46), 4602, y
(2, 46), 4603, k
(3, 46), 4604, e
(4, 46), 4605, y
(5, 46), 4606, k
(6, 46), 4607, e
(7, 46), 4608, y
(8, 46), 4609, k
(9, 46), 4610, e
(10, 46), 4611, y
(11, 46), 4612, k
(12, 46), 4613, e
(13, 46), 4614, y
(14, 46), 4615, k
(15, 46), 4616, e
(16, 46), 4617, y
(17, 46), 4618, k
(18, 46), 4619, e
(19, 46), 4620, y
(20, 46), 4621, k
(21, 46), 4622, e
(22, 46), 4623, y
(23, 46), 4624, k
(24, 46), 4625, e
(25, 46), 4626, y
(26, 46), 4627, k
(27, 46), 4628, e
(28, 46), 4629, y
(29, 46), 4630, k
(30, 46), 4631, e
(31, 46), 4632, y
(32, 46), 4633, k
(33, 46), 4634, e
(34, 46), 4635, y
(35, 46), 4636, k
(36, 46), 4637, e
(37, 46), 4638, y
(38, 46), 4639, k
(39, 46), 4640, e
(40, 46), 4641, y
(41, 46), 4642, k
(42, 46), 4643, e
(43, 46), 4644, y
(44, 46), 4645, k
(45, 46), 4646, e
(46, 46), 4647, y
(47, 46), 4648, k
(48, 46), 4649, e
(49, 46), 4650, y
(50, 46), 4651, k
(51, 46), 4652, e
(52, 46), 4653, y
(53, 46), 4654, k
(54, 46), 4655, e
(55, 46), 4656, y
(56, 46), 4657, k
(57, 46), 4658, e
(58, 46), 4659, y
(59, 46), 4660, k
(60, 46), 4661, e
(61, 46), 4662, y
(62, 46), 4663, k
(63, 46), 4664, e
(64, 46), 4665, y
(65, 46), 4666, k
(66, 46), 4667, e
(67, 46), 4668, y
(68, 46), 4669, k
(69, 46), 4670, e
(70, 46), 4671, y
(71, 46), 4672, k
(72, 46), 4673, e
(73, 46), 4674, y
(74, 46), 4675, k
(75, 46), 4676, e
(76, 46), 4677, y
(77, 46), 4678, k
(78, 46), 4679, e
(79, 46), 4680, y
(80, 46), 4681, k
(81, 46), 4682, e
(82, 46), 4683, y
(83, 46), 4684, k
(84, 46), 4685, e
(85, 46), 4686, y
(86, 46), 4687, k
(87, 46), 4688, e
(88, 46), 4689, y
(89, 46), 4690, k
(90, 46), 4691, e
(91, 46), 4692, y
(92, 46), 4693, k
(93, 46), 4694, e
(94, 46), 4695, y
(95, 46), 4696, k
(96, 46), 4697, e
(97, 46), 4698, y
(98, 46), 4699, k
(99, 46), 4700, e
(0, 47), 4701, y
(1, 47), 4702, k
(2, 47), 4703, e
(3, 47), 4704, y
(4, 47), 4705, k
(5, 47), 4706, e
(6, 47), 4707, y
(7, 47), 4708, k
(8, 47), 4709, e
(9, 47), 4710, y
(10, 47), 4711, k
(11, 47), 4712, e
(12, 47), 4713, y
(13, 47), 4714, k
(14, 47), 4715, e
(15, 47), 4716, y
(16, 47), 4717, k
(17, 47), 4718, e
(18, 47), 4719, y
(19, 47), 4720, k
(20, 47), 4721, e
(21, 47), 4722, y
(22, 47), 4723, k
(23, 47), 4724, e
(24, 47), 4725, y
(25, 47), 4726, k
(26, 47), 4727, e
(27, 47), 4728, y
(28, 47), 4729, k
(29, 47), 4730, e
(30, 47), 4731, y
(31, 47), 4732, k
(32, 47), 4733, e
(33, 47), 4734, y
(34, 47), 4735, k
(35, 47), 4736, e
(36, 47), 4737, y
(37, 47), 4738, k
(38, 47), 4739, e
(39, 47), 4740, y
(40, 47), 4741, k
(41, 47), 4742, e
(42, 47), 4743, y
(43, 47), 4744, k
(44, 47), 4745, e
(45, 47), 4746, y
(46, 47), 4747, k
(47, 47), 4748, e
(48, 47), 4749, y
(49, 47), 4750, k
(50, 47), 4751, e
(51, 47), 4752, y
(52, 47), 4753, k
(53, 47), 4754, e
(54, 47), 4755, y
(55, 47), 4756, k
(56, 47), 4757, e
(57, 47), 4758, y
(58, 47), 4759, k
(59, 47), 4760, e
(60, 47), 4761, y
(61, 47), 4762, k
(62, 47), 4763, e
(63, 47), 4764, y
(64, 47), 4765, k
(65, 47), 4766, e
(66, 47), 4767, y
(67, 47), 4768, k
(68, 47), 4769, e
(69, 47), 4770, y
(70, 47), 4771, k
(71, 47), 4772, e
(72, 47), 4773, y
(73, 47), 4774, k
(74, 47), 4775, e
(75, 47), 4776, y
(76, 47), 4777, k
(77, 47), 4778, e
(78, 47), 4779, y
(79, 47), 4780, k
(80, 47), 4781, e
(81, 47), 4782, y
(82, 47), 4783, k
(83, 47), 4784, e
(84, 47), 4785, y
(85, 47), 4786, k
(86, 47), 4787, e
(87, 47), 4788, y
(88, 47), 4789, k
(89, 47), 4790, e
(90, 47), 4791, y
(91, 47), 4792, k
(92, 47), 4793, e
(93, 47), 4794, y
(94, 47), 4795, k
(95, 47), 4796, e
(96, 47), 4797, y
(97, 47), 4798, k
(98, 47), 4799, e
(99, 47), 4800, y
(0, 48), 4801, k
(1, 48), 4802, e
(2, 48), 4803, y
(3, 48), 4804, k
(4, 48), 4805, e
(5, 48), 4806, y
(6, 48), 4807, k
(7, 48), 4808, e
(8, 48), 4809, y
(9, 48), 4810, k
(10, 48), 4811, e
(11, 48), 4812, y
(12, 48), 4813, k
(13, 48), 4814, e
(14, 48), 4815, y
(15, 48), 4816, k
(16, 48), 4817, e
(17, 48), 4818, y
(18, 48), 4819, k
(19, 48), 4820, e
(20, 48), 4821, y
(21, 48), 4822, k
(22, 48), 4823, e
(23, 48), 4824, y
(24, 48), 4825, k
(25, 48), 4826, e
(26, 48), 4827, y
(27, 48), 4828, k
(28, 48), 4829, e
(29, 48), 4830, y
(30, 48), 4831, k
(31, 48), 4832, e
(32, 48), 4833, y
(33, 48), 4834, k
(34, 48), 4835, e
(35, 48), 4836, y
(36, 48), 4837, k
(37, 48), 4838, e
(38, 48), 4839, y
(39, 48), 4840, k
(40, 48), 4841, e
(41, 48), 4842, y
(42, 48), 4843, k
(43, 48), 4844, e
(44, 48), 4845, y
(45, 48), 4846, k
(46, 48), 4847, e
(47, 48), 4848, y
(48, 48), 4849, k
(49, 48), 4850, e
(50, 48), 4851, y
(51, 48), 4852, k
(52, 48), 4853, e
(53, 48), 4854, y
(54, 48), 4855, k
(55, 48), 4856, e
(56, 48), 4857, y
(57, 48), 4858, k
(58, 48), 4859, e
(59, 48), 4860, y
(60, 48), 4861, k
(61, 48), 4862, e
(62, 48), 4863, y
(63, 48), 4864, k
(64, 48), 4865, e
(65, 48), 4866, y
(66, 48), 4867, k
(67, 48), 4868, e
(68, 48), 4869, y
(69, 48), 4870, k
(70, 48), 4871, e
(71, 48), 4872, y
(72, 48), 4873, k
(73, 48), 4874, e
(74, 48), 4875, y
(75, 48), 4876, k
(76, 48), 4877, e
(77, 48), 4878, y
(78, 48), 4879, k
(79, 48), 4880, e
(80, 48), 4881, y
(81, 48), 4882, k
(82, 48), 4883, e
(83, 48), 4884, y
(84, 48), 4885, k
(85, 48), 4886, e
(86, 48), 4887, y
(87, 48), 4888, k
(88, 48), 4889, e
(89, 48), 4890, y
(90, 48), 4891, k
(91, 48), 4892, e
(92, 48), 4893, y
(93, 48), 4894, k
(94, 48), 4895, e
(95, 48), 4896, y
(96, 48), 4897, k
(97, 48), 4898, e
(98, 48), 4899, y
(99, 48), 4900, k
(0, 49), 4901, e
(1, 49), 4902, y
(2, 49), 4903, k
(3, 49), 4904, e
(4, 49), 4905, y
(5, 49), 4906, k
(6, 49), 4907, e
(7, 49), 4908, y
(8, 49), 4909, k
(9, 49), 4910, e
(10, 49), 4911, y
(11, 49), 4912, k
(12, 49), 4913, e
(13, 49), 4914, y
(14, 49), 4915, k
(15, 49), 4916, e
(16, 49), 4917, y
(17, 49), 4918, k
(18, 49), 4919, e
(19, 49), 4920, y
(20, 49), 4921, k
(21, 49), 4922, e
(22, 49), 4923, y
(23, 49), 4924, k
(24, 49), 4925, e
(25, 49), 4926, y
(26, 49), 4927, k
(27, 49), 4928, e
(28, 49), 4929, y
(29, 49), 4930, k
(30, 49), 4931, e
(31, 49), 4932, y
(32, 49), 4933, k
(33, 49), 4934, e
(34, 49), 4935, y
(35, 49), 4936, k
(36, 49), 4937, e
(37, 49), 4938, y
(38, 49), 4939, k
(39, 49), 4940, e
(40, 49), 4941, y
(41, 49), 4942, k
(42, 49), 4943, e
(43, 49), 4944, y
(44, 49), 4945, k
(45, 49), 4946, e
(46, 49), 4947, y
(47, 49), 4948, k
(48, 49), 4949, e
(49, 49), 4950, y
(50, 49), 4951, k
(51, 49), 4952, e
(52, 49), 4953, y
(53, 49), 4954, k
(54, 49), 4955, e
(55, 49), 4956, y
(56, 49), 4957, k
(57, 49), 4958, e
(58, 49), 4959, y
(59, 49), 4960, k
(60, 49), 4961, e
(61, 49), 4962, y
(62, 49), 4963, k
(63, 49), 4964, e
(64, 49), 4965, y
(65, 49), 4966, k
(66, 49), 4967, e
(67, 49), 4968, y
(68, 49), 4969, k
(69, 49), 4970, e
(70, 49), 4971, y
(71, 49), 4972, k
(72, 49), 4973, e
(73, 49), 4974, y
(74, 49), 4975, k
(75, 49), 4976, e
(76, 49), 4977, y
(77, 49), 4978, k
(78, 49), 4979, e
(79, 49), 4980, y
(80, 49), 4981, k
(81, 49), 4982, e
(82, 49), 4983, y
(83, 49), 4984, k
(84, 49), 4985, e
(85, 49), 4986, y
(86, 49), 4987, k
(87, 49), 4988, e
(88, 49), 4989, y
(89, 49), 4990, k
(90, 49), 4991, e
(91, 49), 4992, y
(92, 49), 4993, k
(93, 49), 4994, e
(94, 49), 4995, y
(95, 49), 4996, k
(96, 49), 4997, e
(97, 49), 4998, y
(98, 49), 4999, k
(99, 49), 5000, e
(0, 50), 5001, y
(1, 50), 5002, k
(2, 50), 5003, e
(3, 50), 5004, y
(4, 50), 5005, k
(5, 50), 5006, e
(6, 50), 5007, y
(7, 50), 5008, k
(8, 50), 5009, e
(9, 50), 5010, y
(10, 50), 5011, k
(11, 50), 5012, e
(12, 50), 5013, y
(13, 50), 5014, k
(14, 50), 5015, e
(15, 50), 5016, y
(16, 50), 5017, k
(17, 50), 5018, e
(18, 50), 5019, y
(19, 50), 5020, k
(20, 50), 5021, e
(21, 50), 5022, y
(22, 50), 5023, k
(23, 50), 5024, e
(24, 50), 5025, y
(25, 50), 5026, k
(26, 50), 5027, e
(27, 50), 5028, y
(28, 50), 5029, k
(29, 50), 5030, e
(30, 50), 5031, y
(31, 50), 5032, k
(32, 50), 5033, e
(33, 50), 5034, y
(34, 50), 5035, k
(35, 50), 5036, e
(36, 50), 5037, y
(37, 50), 5038, k
(38, 50), 5039, e
(39, 50), 5040, y
(40, 50), 5041, k
(41, 50), 5042, e
(42, 50), 5043, y
(43, 50), 5044, k
(44, 50), 5045, e
(45, 50), 5046, y
(46, 50), 5047, k
(47, 50), 5048, e
(48, 50), 5049, y
(49, 50), 5050, k
(50, 50), 5051, e
(51, 50), 5052, y
(52, 50), 5053, k
(53, 50), 5054, e
(54, 50), 5055, y
(55, 50), 5056, k
(56, 50), 5057, e
(57, 50), 5058, y
(58, 50), 5059, k
(59, 50), 5060, e
(60, 50), 5061, y
(61, 50), 5062, k
(62, 50), 5063, e
(63, 50), 5064, y
(64, 50), 5065, k
(65, 50), 5066, e
(66, 50), 5067, y
(67, 50), 5068, k
(68, 50), 5069, e
(69, 50), 5070, y
(70, 50), 5071, k
(71, 50), 5072, e
(72, 50), 5073, y
(73, 50), 5074, k
(74, 50), 5075, e
(75, 50), 5076, y
(76, 50), 5077, k
(77, 50), 5078, e
(78, 50), 5079, y
(79, 50), 5080, k
(80, 50), 5081, e
(81, 50), 5082, y
(82, 50), 5083, k
(83, 50), 5084, e
(84, 50), 5085, y
(85, 50), 5086, k
(86, 50), 5087, e
(87, 50), 5088, y
(88, 50), 5089, k
(89, 50), 5090, e
(90, 50), 5091, y
(91, 50), 5092, k
(92, 50), 5093, e
(93, 50), 5094, y
(94, 50), 5095, k
(95, 50), 5096, e
(96, 50), 5097, y
(97, 50), 5098, k
(98, 50), 5099, e
(99, 50), 5100, y
(0, 51), 5101, k
(1, 51), 5102, e
(2, 51), 5103, y
(3, 51), 5104, k
(4, 51), 5105, e
(5, 51), 5106, y
(6, 51), 5107, k
(7, 51), 5108, e
(8, 51), 5109, y
(9, 51), 5110, k
(10, 51), 5111, e
(11, 51), 5112, y
(12, 51), 5113, k
(13, 51), 5114, e
(14, 51), 5115, y
(15, 51), 5116, k
(16, 51), 5117, e
(17, 51), 5118, y
(18, 51), 5119, k
(19, 51), 5120, e
(20, 51), 5121, y
(21, 51), 5122, k
(22, 51), 5123, e
(23, 51), 5124, y
(24, 51), 5125, k
(25, 51), 5126, e
(26, 51), 5127, y
(27, 51), 5128, k
(28, 51), 5129, e
(29, 51), 5130, y
(30, 51), 5131, k
(31, 51), 5132, e
(32, 51), 5133, y
(33, 51), 5134, k
(34, 51), 5135, e
(35, 51), 5136, y
(36, 51), 5137, k
(37, 51), 5138, e
(38, 51), 5139, y
(39, 51), 5140, k
(40, 51), 5141, e
(41, 51), 5142, y
(42, 51), 5143, k
(43, 51), 5144, e
(44, 51), 5145, y
(45, 51), 5146, k
(46, 51), 5147, e
(47, 51), 5148, y
(48, 51), 5149, k
(49, 51), 5150, e
(50, 51), 5151, y
(51, 51), 5152, k
(52, 51), 5153, e
(53, 51), 5154, y
(54, 51), 5155, k
(55, 51), 5156, e
(56, 51), 5157, y
(57, 51), 5158, k
(58, 51), 5159, e
(59, 51), 5160, y
(60, 51), 5161, k
(61, 51), 5162, e
(62, 51), 5163, y
(63, 51), 5164, k
(64, 51), 5165, e
(65, 51), 5166, y
(66, 51), 5167, k
(67, 51), 5168, e
(68, 51), 5169, y
(69, 51), 5170, k
(70, 51), 5171, e
(71, 51), 5172, y
(72, 51), 5173, k
(73, 51), 5174, e
(74, 51), 5175, y
(75, 51), 5176, k
(76, 51), 5177, e
(77, 51), 5178, y
(78, 51), 5179, k
(79, 51), 5180, e
(80, 51), 5181, y
(81, 51), 5182, k
(82, 51), 5183, e
(83, 51), 5184, y
(84, 51), 5185, k
(85, 51), 5186, e
(86, 51), 5187, y
(87, 51), 5188, k
(88, 51), 5189, e
(89, 51), 5190, y
(90, 51), 5191, k
(91, 51), 5192, e
(92, 51), 5193, y
(93, 51), 5194, k
(94, 51), 5195, e
(95, 51), 5196, y
(96, 51), 5197, k
(97, 51), 5198, e
(98, 51), 5199, y
(99, 51), 5200, k
(0, 52), 5201, e
(1, 52), 5202, y
(2, 52), 5203, k
(3, 52), 5204, e
(4, 52), 5205, y
(5, 52), 5206, k
(6, 52), 5207, e
(7, 52), 5208, y
(8, 52), 5209, k
(9, 52), 5210, e
(10, 52), 5211, y
(11, 52), 5212, k
(12, 52), 5213, e
(13, 52), 5214, y
(14, 52), 5215, k
(15, 52), 5216, e
(16, 52), 5217, y
(17, 52), 5218, k
(18, 52), 5219, e
(19, 52), 5220, y
(20, 52), 5221, k
(21, 52), 5222, e
(22, 52), 5223, y
(23, 52), 5224, k
(24, 52), 5225, e
(25, 52), 5226, y
(26, 52), 5227, k
(27, 52), 5228, e
(28, 52), 5229, y
(29, 52), 5230, k
(30, 52), 5231, e
(31, 52), 5232, y
(32, 52), 5233, k
(33, 52), 5234, e
(34, 52), 5235, y
(35, 52), 5236, k
(36, 52), 5237, e
(37, 52), 5238, y
(38, 52), 5239, k
(39, 52), 5240, e
(40, 52), 5241, y
(41, 52), 5242, k
(42, 52), 5243, e
(43, 52), 5244, y
(44, 52), 5245, k
(45, 52), 5246, e
(46, 52), 5247, y
(47, 52), 5248, k
(48, 52), 5249, e
(49, 52), 5250, y
(50, 52), 5251, k
(51, 52), 5252, e
(52, 52), 5253, y
(53, 52), 5254, k
(54, 52), 5255, e
(55, 52), 5256, y
(56, 52), 5257, k
(57, 52), 5258, e
(58, 52), 5259, y
(59, 52), 5260, k
(60, 52), 5261, e
(61, 52), 5262, y
(62, 52), 5263, k
(63, 52), 5264, e
(64, 52), 5265, y
(65, 52), 5266, k
(66, 52), 5267, e
(67, 52), 5268, y
(68, 52), 5269, k
(69, 52), 5270, e
(70, 52), 5271, y
(71, 52), 5272, k
(72, 52), 5273, e
(73, 52), 5274, y
(74, 52), 5275, k
(75, 52), 5276, e
(76, 52), 5277, y
(77, 52), 5278, k
(78, 52), 5279, e
(79, 52), 5280, y
(80, 52), 5281, k
(81, 52), 5282, e
(82, 52), 5283, y
(83, 52), 5284, k
(84, 52), 5285, e
(85, 52), 5286, y
(86, 52), 5287, k
(87, 52), 5288, e
(88, 52), 5289, y
(89, 52), 5290, k
(90, 52), 5291, e
(91, 52), 5292, y
(92, 52), 5293, k
(93, 52), 5294, e
(94, 52), 5295, y
(95, 52), 5296, k
(96, 52), 5297, e
(97, 52), 5298, y
(98, 52), 5299, k
(99, 52), 5300, e
(0, 53), 5301, y
(1, 53), 5302, k
(2, 53), 5303, e
(3, 53), 5304, y
(4, 53), 5305, k
(5, 53), 5306, e
(6, 53), 5307, y
(7, 53), 5308, k
(8, 53), 5309, e
(9, 53), 5310, y
(10, 53), 5311, k
(11, 53), 5312, e
(12, 53), 5313, y
(13, 53), 5314, k
(14, 53), 5315, e
(15, 53), 5316, y
(16, 53), 5317, k
(17, 53), 5318, e
(18, 53), 5319, y
(19, 53), 5320, k
(20, 53), 5321, e
(21, 53), 5322, y
(22, 53), 5323, k
(23, 53), 5324, e
(24, 53), 5325, y
(25, 53), 5326, k
(26, 53), 5327, e
(27, 53), 5328, y
(28, 53), 5329, k
(29, 53), 5330, e
(30, 53), 5331, y
(31, 53), 5332, k
(32, 53), 5333, e
(33, 53), 5334, y
(34, 53), 5335, k
(35, 53), 5336, e
(36, 53), 5337, y
(37, 53), 5338, k
(38, 53), 5339, e
(39, 53), 5340, y
(40, 53), 5341, k
(41, 53), 5342, e
(42, 53), 5343, y
(43, 53), 5344, k
(44, 53), 5345, e
(45, 53), 5346, y
(46, 53), 5347, k
(47, 53), 5348, e
(48, 53), 5349, y
(49, 53), 5350, k
(50, 53), 5351, e
(51, 53), 5352, y
(52, 53), 5353, k
(53, 53), 5354, e
(54, 53), 5355, y
(55, 53), 5356, k
(56, 53), 5357, e
(57, 53), 5358, y
(58, 53), 5359, k
(59, 53), 5360, e
(60, 53), 5361, y
(61, 53), 5362, k
(62, 53), 5363, e
(63, 53), 5364, y
(64, 53), 5365, k
(65, 53), 5366, e
(66, 53), 5367, y
(67, 53), 5368, k
(68, 53), 5369, e
(69, 53), 5370, y
(70, 53), 5371, k
(71, 53), 5372, e
(72, 53), 5373, y
(73, 53), 5374, k
(74, 53), 5375, e
(75, 53), 5376, y
(76, 53), 5377, k
(77, 53), 5378, e
(78, 53), 5379, y
(79, 53), 5380, k
(80, 53), 5381, e
(81, 53), 5382, y
(82, 53), 5383, k
(83, 53), 5384, e
(84, 53), 5385, y
(85, 53), 5386, k
(86, 53), 5387, e
(87, 53), 5388, y
(88, 53), 5389, k
(89, 53), 5390, e
(90, 53), 5391, y
(91, 53), 5392, k
(92, 53), 5393, e
(93, 53), 5394, y
(94, 53), 5395, k
(95, 53), 5396, e
(96, 53), 5397, y
(97, 53), 5398, k
(98, 53), 5399, e
(99, 53), 5400, y
(0, 54), 5401, k
(1, 54), 5402, e
(2, 54), 5403, y
(3, 54), 5404, k
(4, 54), 5405, e
(5, 54), 5406, y
(6, 54), 5407, k
(7, 54), 5408, e
(8, 54), 5409, y
(9, 54), 5410, k
(10, 54), 5411, e
(11, 54), 5412, y
(12, 54), 5413, k
(13, 54), 5414, e
(14, 54), 5415, y
(15, 54), 5416, k
(16, 54), 5417, e
(17, 54), 5418, y
(18, 54), 5419, k
(19, 54), 5420, e
(20, 54), 5421, y
(21, 54), 5422, k
(22, 54), 5423, e
(23, 54), 5424, y
(24, 54), 5425, k
(25, 54), 5426, e
(26, 54), 5427, y
(27, 54), 5428, k
(28, 54), 5429, e
(29, 54), 5430, y
(30, 54), 5431, k
(31, 54), 5432, e
(32, 54), 5433, y
(33, 54), 5434, k
(34, 54), 5435, e
(35, 54), 5436, y
(36, 54), 5437, k
(37, 54), 5438, e
(38, 54), 5439, y
(39, 54), 5440, k
(40, 54), 5441, e
(41, 54), 5442, y
(42, 54), 5443, k
(43, 54), 5444, e
(44, 54), 5445, y
(45, 54), 5446, k
(46, 54), 5447, e
(47, 54), 5448, y
(48, 54), 5449, k
(49, 54), 5450, e
(50, 54), 5451, y
(51, 54), 5452, k
(52, 54), 5453, e
(53, 54), 5454, y
(54, 54), 5455, k
(55, 54), 5456, e
(56, 54), 5457, y
(57, 54), 5458, k
(58, 54), 5459, e
(59, 54), 5460, y
(60, 54), 5461, k
(61, 54), 5462, e
(62, 54), 5463, y
(63, 54), 5464, k
(64, 54), 5465, e
(65, 54), 5466, y
(66, 54), 5467, k
(67, 54), 5468, e
(68, 54), 5469, y
(69, 54), 5470, k
(70, 54), 5471, e
(71, 54), 5472, y
(72, 54), 5473, k
(73, 54), 5474, e
(74, 54), 5475, y
(75, 54), 5476, k
(76, 54), 5477, e
(77, 54), 5478, y
(78, 54), 5479, k
(79, 54), 5480, e
(80, 54), 5481, y
(81, 54), 5482, k
(82, 54), 5483, e
(83, 54), 5484, y
(84, 54), 5485, k
(85, 54), 5486, e
(86, 54), 5487, y
(87, 54), 5488, k
(88, 54), 5489, e
(89, 54), 5490, y
(90, 54), 5491, k
(91, 54), 5492, e
(92, 54), 5493, y
(93, 54), 5494, k
(94, 54), 5495, e
(95, 54), 5496, y
(96, 54), 5497, k
(97, 54), 5498, e
(98, 54), 5499, y
(99, 54), 5500, k
(0, 55), 5501, e
(1, 55), 5502, y
(2, 55), 5503, k
(3, 55), 5504, e
(4, 55), 5505, y
(5, 55), 5506, k
(6, 55), 5507, e
(7, 55), 5508, y
(8, 55), 5509, k
(9, 55), 5510, e
(10, 55), 5511, y
(11, 55), 5512, k
(12, 55), 5513, e
(13, 55), 5514, y
(14, 55), 5515, k
(15, 55), 5516, e
(16, 55), 5517, y
(17, 55), 5518, k
(18, 55), 5519, e
(19, 55), 5520, y
(20, 55), 5521, k
(21, 55), 5522, e
(22, 55), 5523, y
(23, 55), 5524, k
(24, 55), 5525, e
(25, 55), 5526, y
(26, 55), 5527, k
(27, 55), 5528, e
(28, 55), 5529, y
(29, 55), 5530, k
(30, 55), 5531, e
(31, 55), 5532, y
(32, 55), 5533, k
(33, 55), 5534, e
(34, 55), 5535, y
(35, 55), 5536, k
(36, 55), 5537, e
(37, 55), 5538, y
(38, 55), 5539, k
(39, 55), 5540, e
(40, 55), 5541, y
(41, 55), 5542, k
(42, 55), 5543, e
(43, 55), 5544, y
(44, 55), 5545, k
(45, 55), 5546, e
(46, 55), 5547, y
(47, 55), 5548, k
(48, 55), 5549, e
(49, 55), 5550, y
(50, 55), 5551, k
(51, 55), 5552, e
(52, 55), 5553, y
(53, 55), 5554, k
(54, 55), 5555, e
(55, 55), 5556, y
(56, 55), 5557, k
(57, 55), 5558, e
(58, 55), 5559, y
(59, 55), 5560, k
(60, 55), 5561, e
(61, 55), 5562, y
(62, 55), 5563, k
(63, 55), 5564, e
(64, 55), 5565, y
(65, 55), 5566, k
(66, 55), 5567, e
(67, 55), 5568, y
(68, 55), 5569, k
(69, 55), 5570, e
(70, 55), 5571, y
(71, 55), 5572, k
(72, 55), 5573, e
(73, 55), 5574, y
(74, 55), 5575, k
(75, 55), 5576, e
(76, 55), 5577, y
(77, 55), 5578, k
(78, 55), 5579, e
(79, 55), 5580, y
(80, 55), 5581, k
(81, 55), 5582, e
(82, 55), 5583, y
(83, 55), 5584, k
(84, 55), 5585, e
(85, 55), 5586, y
(86, 55), 5587, k
(87, 55), 5588, e
(88, 55), 5589, y
(89, 55), 5590, k
(90, 55), 5591, e
(91, 55), 5592, y
(92, 55), 5593, k
(93, 55), 5594, e
(94, 55), 5595, y
(95, 55), 5596, k
(96, 55), 5597, e
(97, 55), 5598, y
(98, 55), 5599, k
(99, 55), 5600, e
(0, 56), 5601, y
(1, 56), 5602, k
(2, 56), 5603, e
(3, 56), 5604, y
(4, 56), 5605, k
(5, 56), 5606, e
(6, 56), 5607, y
(7, 56), 5608, k
(8, 56), 5609, e
(9, 56), 5610, y
(10, 56), 5611, k
(11, 56), 5612, e
(12, 56), 5613, y
(13, 56), 5614, k
(14, 56), 5615, e
(15, 56), 5616, y
(16, 56), 5617, k
(17, 56), 5618, e
(18, 56), 5619, y
(19, 56), 5620, k
(20, 56), 5621, e
(21, 56), 5622, y
(22, 56), 5623, k
(23, 56), 5624, e
(24, 56), 5625, y
(25, 56), 5626, k
(26, 56), 5627, e
(27, 56), 5628, y
(28, 56), 5629, k
(29, 56), 5630, e
(30, 56), 5631, y
(31, 56), 5632, k
(32, 56), 5633, e
(33, 56), 5634, y
(34, 56), 5635, k
(35, 56), 5636, e
(36, 56), 5637, y
(37, 56), 5638, k
(38, 56), 5639, e
(39, 56), 5640, y
(40, 56), 5641, k
(41, 56), 5642, e
(42, 56), 5643, y
(43, 56), 5644, k
(44, 56), 5645, e
(45, 56), 5646, y
(46, 56), 5647, k
(47, 56), 5648, e
(48, 56), 5649, y
(49, 56), 5650, k
(50, 56), 5651, e
(51, 56), 5652, y
(52, 56), 5653, k
(53, 56), 5654, e
(54, 56), 5655, y
(55, 56), 5656, k
(56, 56), 5657, e
(57, 56), 5658, y
(58, 56), 5659, k
(59, 56), 5660, e
(60, 56), 5661, y
(61, 56), 5662, k
(62, 56), 5663, e
(63, 56), 5664, y
(64, 56), 5665, k
(65, 56), 5666, e
(66, 56), 5667, y
(67, 56), 5668, k
(68, 56), 5669, e
(69, 56), 5670, y
(70, 56), 5671, k
(71, 56), 5672, e
(72, 56), 5673, y
(73, 56), 5674, k
(74, 56), 5675, e
(75, 56), 5676, y
(76, 56), 5677, k
(77, 56), 5678, e
(78, 56), 5679, y
(79, 56), 5680, k
(80, 56), 5681, e
(81, 56), 5682, y
(82, 56), 5683, k
(83, 56), 5684, e
(84, 56), 5685, y
(85, 56), 5686, k
(86, 56), 5687, e
(87, 56), 5688, y
(88, 56), 5689, k
(89, 56), 5690, e
(90, 56), 5691, y
(91, 56), 5692, k
(92, 56), 5693, e
(93, 56), 5694, y
(94, 56), 5695, k
(95, 56), 5696, e
(96, 56), 5697, y
(97, 56), 5698, k
(98, 56), 5699, e
(99, 56), 5700, y
(0, 57), 5701, k
(1, 57), 5702, e
(2, 57), 5703, y
(3, 57), 5704, k
(4, 57), 5705, e
(5, 57), 5706, y
(6, 57), 5707, k
(7, 57), 5708, e
(8, 57), 5709, y
(9, 57), 5710, k
(10, 57), 5711, e
(11, 57), 5712, y
(12, 57), 5713, k
(13, 57), 5714, e
(14, 57), 5715, y
(15, 57), 5716, k
(16, 57), 5717, e
(17, 57), 5718, y
(18, 57), 5719, k
(19, 57), 5720, e
(20, 57), 5721, y
(21, 57), 5722, k
(22, 57), 5723, e
(23, 57), 5724, y
(24, 57), 5725, k
(25, 57), 5726, e
(26, 57), 5727, y
(27, 57), 5728, k
(28, 57), 5729, e
(29, 57), 5730, y
(30, 57), 5731, k
(31, 57), 5732, e
(32, 57), 5733, y
(33, 57), 5734, k
(34, 57), 5735, e
(35, 57), 5736, y
(36, 57), 5737, k
(37, 57), 5738, e
(38, 57), 5739, y
(39, 57), 5740, k
(40, 57), 5741, e
(41, 57), 5742, y
(42, 57), 5743, k
(43, 57), 5744, e
(44, 57), 5745, y
(45, 57), 5746, k
(46, 57), 5747, e
(47, 57), 5748, y
(48, 57), 5749, k
(49, 57), 5750, e
(50, 57), 5751, y
(51, 57), 5752, k
(52, 57), 5753, e
(53, 57), 5754, y
(54, 57), 5755, k
(55, 57), 5756, e
(56, 57), 5757, y
(57, 57), 5758, k
(58, 57), 5759, e
(59, 57), 5760, y
(60, 57), 5761, k
(61, 57), 5762, e
(62, 57), 5763, y
(63, 57), 5764, k
(64, 57), 5765, e
(65, 57), 5766, y
(66, 57), 5767, k
(67, 57), 5768, e
(68, 57), 5769, y
(69, 57), 5770, k
(70, 57), 5771, e
(71, 57), 5772, y
(72, 57), 5773, k
(73, 57), 5774, e
(74, 57), 5775, y
(75, 57), 5776, k
(76, 57), 5777, e
(77, 57), 5778, y
(78, 57), 5779, k
(79, 57), 5780, e
(80, 57), 5781, y
(81, 57), 5782, k
(82, 57), 5783, e
(83, 57), 5784, y
(84, 57), 5785, k
(85, 57), 5786, e
(86, 57), 5787, y
(87, 57), 5788, k
(88, 57), 5789, e
(89, 57), 5790, y
(90, 57), 5791, k
(91, 57), 5792, e
(92, 57), 5793, y
(93, 57), 5794, k
(94, 57), 5795, e
(95, 57), 5796, y
(96, 57), 5797, k
(97, 57), 5798, e
(98, 57), 5799, y
(99, 57), 5800, k
(0, 58), 5801, e
(1, 58), 5802, y
(2, 58), 5803, k
(3, 58), 5804, e
(4, 58), 5805, y
(5, 58), 5806, k
(6, 58), 5807, e
(7, 58), 5808, y
(8, 58), 5809, k
(9, 58), 5810, e
(10, 58), 5811, y
(11, 58), 5812, k
(12, 58), 5813, e
(13, 58), 5814, y
(14, 58), 5815, k
(15, 58), 5816, e
(16, 58), 5817, y
(17, 58), 5818, k
(18, 58), 5819, e
(19, 58), 5820, y
(20, 58), 5821, k
(21, 58), 5822, e
(22, 58), 5823, y
(23, 58), 5824, k
(24, 58), 5825, e
(25, 58), 5826, y
(26, 58), 5827, k
(27, 58), 5828, e
(28, 58), 5829, y
(29, 58), 5830, k
(30, 58), 5831, e
(31, 58), 5832, y
(32, 58), 5833, k
(33, 58), 5834, e
(34, 58), 5835, y
(35, 58), 5836, k
(36, 58), 5837, e
(37, 58), 5838, y
(38, 58), 5839, k
(39, 58), 5840, e
(40, 58), 5841, y
(41, 58), 5842, k
(42, 58), 5843, e
(43, 58), 5844, y
(44, 58), 5845, k
(45, 58), 5846, e
(46, 58), 5847, y
(47, 58), 5848, k
(48, 58), 5849, e
(49, 58), 5850, y
(50, 58), 5851, k
(51, 58), 5852, e
(52, 58), 5853, y
(53, 58), 5854, k
(54, 58), 5855, e
(55, 58), 5856, y
(56, 58), 5857, k
(57, 58), 5858, e
(58, 58), 5859, y
(59, 58), 5860, k
(60, 58), 5861, e
(61, 58), 5862, y
(62, 58), 5863, k
(63, 58), 5864, e
(64, 58), 5865, y
(65, 58), 5866, k
(66, 58), 5867, e
(67, 58), 5868, y
(68, 58), 5869, k
(69, 58), 5870, e
(70, 58), 5871, y
(71, 58), 5872, k
(72, 58), 5873, e
(73, 58), 5874, y
(74, 58), 5875, k
(75, 58), 5876, e
(76, 58), 5877, y
(77, 58), 5878, k
(78, 58), 5879, e
(79, 58), 5880, y
(80, 58), 5881, k
(81, 58), 5882, e
(82, 58), 5883, y
(83, 58), 5884, k
(84, 58), 5885, e
(85, 58), 5886, y
(86, 58), 5887, k
(87, 58), 5888, e
(88, 58), 5889, y
(89, 58), 5890, k
(90, 58), 5891, e
(91, 58), 5892, y
(92, 58), 5893, k
(93, 58), 5894, e
(94, 58), 5895, y
(95, 58), 5896, k
(96, 58), 5897, e
(97, 58), 5898, y
(98, 58), 5899, k
(99, 58), 5900, e
(0, 59), 5901, y
(1, 59), 5902, k
(2, 59), 5903, e
(3, 59), 5904, y
(4, 59), 5905, k
(5, 59), 5906, e
(6, 59), 5907, y
(7, 59), 5908, k
(8, 59), 5909, e
(9, 59), 5910, y
(10, 59), 5911, k
(11, 59), 5912, e
(12, 59), 5913, y
(13, 59), 5914, k
(14, 59), 5915, e
(15, 59), 5916, y
(16, 59), 5917, k
(17, 59), 5918, e
(18, 59), 5919, y
(19, 59), 5920, k
(20, 59), 5921, e
(21, 59), 5922, y
(22, 59), 5923, k
(23, 59), 5924, e
(24, 59), 5925, y
(25, 59), 5926, k
(26, 59), 5927, e
(27, 59), 5928, y
(28, 59), 5929, k
(29, 59), 5930, e
(30, 59), 5931, y
(31, 59), 5932, k
(32, 59), 5933, e
(33, 59), 5934, y
(34, 59), 5935, k
(35, 59), 5936, e
(36, 59), 5937, y
(37, 59), 5938, k
(38, 59), 5939, e
(39, 59), 5940, y
(40, 59), 5941, k
(41, 59), 5942, e
(42, 59), 5943, y
(43, 59), 5944, k
(44, 59), 5945, e
(45, 59), 5946, y
(46, 59), 5947, k
(47, 59), 5948, e
(48, 59), 5949, y
(49, 59), 5950, k
(50, 59), 5951, e
(51, 59), 5952, y
(52, 59), 5953, k
(53, 59), 5954, e
(54, 59), 5955, y
(55, 59), 5956, k
(56, 59), 5957, e
(57, 59), 5958, y
(58, 59), 5959, k
(59, 59), 5960, e
(60, 59), 5961, y
(61, 59), 5962, k
(62, 59), 5963, e
(63, 59), 5964, y
(64, 59), 5965, k
(65, 59), 5966, e
(66, 59), 5967, y
(67, 59), 5968, k
(68, 59), 5969, e
(69, 59), 5970, y
(70, 59), 5971, k
(71, 59), 5972, e
(72, 59), 5973, y
(73, 59), 5974, k
(74, 59), 5975, e
(75, 59), 5976, y
(76, 59), 5977, k
(77, 59), 5978, e
(78, 59), 5979, y
(79, 59), 5980, k
(80, 59), 5981, e
(81, 59), 5982, y
(82, 59), 5983, k
(83, 59), 5984, e
(84, 59), 5985, y
(85, 59), 5986, k
(86, 59), 5987, e
(87, 59), 5988, y
(88, 59), 5989, k
(89, 59), 5990, e
(90, 59), 5991, y
(91, 59), 5992, k
(92, 59), 5993, e
(93, 59), 5994, y
(94, 59), 5995, k
(95, 59), 5996, e
(96, 59), 5997, y
(97, 59), 5998, k
(98, 59), 5999, e
(99, 59), 6000, y
(0, 60), 6001, k
(1, 60), 6002, e
(2, 60), 6003, y
(3, 60), 6004, k
(4, 60), 6005, e
(5, 60), 6006, y
(6, 60), 6007, k
(7, 60), 6008, e
(8, 60), 6009, y
(9, 60), 6010, k
(10, 60), 6011, e
(11, 60), 6012, y
(12, 60), 6013, k
(13, 60), 6014, e
(14, 60), 6015, y
(15, 60), 6016, k
(16, 60), 6017, e
(17, 60), 6018, y
(18, 60), 6019, k
(19, 60), 6020, e
(20, 60), 6021, y
(21, 60), 6022, k
(22, 60), 6023, e
(23, 60), 6024, y
(24, 60), 6025, k
(25, 60), 6026, e
(26, 60), 6027, y
(27, 60), 6028, k
(28, 60), 6029, e
(29, 60), 6030, y
(30, 60), 6031, k
(31, 60), 6032, e
(32, 60), 6033, y
(33, 60), 6034, k
(34, 60), 6035, e
(35, 60), 6036, y
(36, 60), 6037, k
(37, 60), 6038, e
(38, 60), 6039, y
(39, 60), 6040, k
(40, 60), 6041, e
(41, 60), 6042, y
(42, 60), 6043, k
(43, 60), 6044, e
(44, 60), 6045, y
(45, 60), 6046, k
(46, 60), 6047, e
(47, 60), 6048, y
(48, 60), 6049, k
(49, 60), 6050, e
(50, 60), 6051, y
(51, 60), 6052, k
(52, 60), 6053, e
(53, 60), 6054, y
(54, 60), 6055, k
(55, 60), 6056, e
(56, 60), 6057, y
(57, 60), 6058, k
(58, 60), 6059, e
(59, 60), 6060, y
(60, 60), 6061, k
(61, 60), 6062, e
(62, 60), 6063, y
(63, 60), 6064, k
(64, 60), 6065, e
(65, 60), 6066, y
(66, 60), 6067, k
(67, 60), 6068, e
(68, 60), 6069, y
(69, 60), 6070, k
(70, 60), 6071, e
(71, 60), 6072, y
(72, 60), 6073, k
(73, 60), 6074, e
(74, 60), 6075, y
(75, 60), 6076, k
(76, 60), 6077, e
(77, 60), 6078, y
(78, 60), 6079, k
(79, 60), 6080, e
(80, 60), 6081, y
(81, 60), 6082, k
(82, 60), 6083, e
(83, 60), 6084, y
(84, 60), 6085, k
(85, 60), 6086, e
(86, 60), 6087, y
(87, 60), 6088, k
(88, 60), 6089, e
(89, 60), 6090, y
(90, 60), 6091, k
(91, 60), 6092, e
(92, 60), 6093, y
(93, 60), 6094, k
(94, 60), 6095, e
(95, 60), 6096, y
(96, 60), 6097, k
(97, 60), 6098, e
(98, 60), 6099, y
(99, 60), 6100, k
(0, 61), 6101, e
(1, 61), 6102, y
(2, 61), 6103, k
(3, 61), 6104, e
(4, 61), 6105, y
(5, 61), 6106, k
(6, 61), 6107, e
(7, 61), 6108, y
(8, 61), 6109, k
(9, 61), 6110, e
(10, 61), 6111, y
(11, 61), 6112, k
(12, 61), 6113, e
(13, 61), 6114, y
(14, 61), 6115, k
(15, 61), 6116, e
(16, 61), 6117, y
(17, 61), 6118, k
(18, 61), 6119, e
(19, 61), 6120, y
(20, 61), 6121, k
(21, 61), 6122, e
(22, 61), 6123, y
(23, 61), 6124, k
(24, 61), 6125, e
(25, 61), 6126, y
(26, 61), 6127, k
(27, 61), 6128, e
(28, 61), 6129, y
(29, 61), 6130, k
(30, 61), 6131, e
(31, 61), 6132, y
(32, 61), 6133, k
(33, 61), 6134, e
(34, 61), 6135, y
(35, 61), 6136, k
(36, 61), 6137, e
(37, 61), 6138, y
(38, 61), 6139, k
(39, 61), 6140, e
(40, 61), 6141, y
(41, 61), 6142, k
(42, 61), 6143, e
(43, 61), 6144, y
(44, 61), 6145, k
(45, 61), 6146, e
(46, 61), 6147, y
(47, 61), 6148, k
(48, 61), 6149, e
(49, 61), 6150, y
(50, 61), 6151, k
(51, 61), 6152, e
(52, 61), 6153, y
(53, 61), 6154, k
(54, 61), 6155, e
(55, 61), 6156, y
(56, 61), 6157, k
(57, 61), 6158, e
(58, 61), 6159, y
(59, 61), 6160, k
(60, 61), 6161, e
(61, 61), 6162, y
(62, 61), 6163, k
(63, 61), 6164, e
(64, 61), 6165, y
(65, 61), 6166, k
(66, 61), 6167, e
(67, 61), 6168, y
(68, 61), 6169, k
(69, 61), 6170, e
(70, 61), 6171, y
(71, 61), 6172, k
(72, 61), 6173, e
(73, 61), 6174, y
(74, 61), 6175, k
(75, 61), 6176, e
(76, 61), 6177, y
(77, 61), 6178, k
(78, 61), 6179, e
(79, 61), 6180, y
(80, 61), 6181, k
(81, 61), 6182, e
(82, 61), 6183, y
(83, 61), 6184, k
(84, 61), 6185, e
(85, 61), 6186, y
(86, 61), 6187, k
(87, 61), 6188, e
(88, 61), 6189, y
(89, 61), 6190, k
(90, 61), 6191, e
(91, 61), 6192, y
(92, 61), 6193, k
(93, 61), 6194, e
(94, 61), 6195, y
(95, 61), 6196, k
(96, 61), 6197, e
(97, 61), 6198, y
(98, 61), 6199, k
(99, 61), 6200, e
(0, 62), 6201, y
(1, 62), 6202, k
(2, 62), 6203, e
(3, 62), 6204, y
(4, 62), 6205, k
(5, 62), 6206, e
(6, 62), 6207, y
(7, 62), 6208, k
(8, 62), 6209, e
(9, 62), 6210, y
(10, 62), 6211, k
(11, 62), 6212, e
(12, 62), 6213, y
(13, 62), 6214, k
(14, 62), 6215, e
(15, 62), 6216, y
(16, 62), 6217, k
(17, 62), 6218, e
(18, 62), 6219, y
(19, 62), 6220, k
(20, 62), 6221, e
(21, 62), 6222, y
(22, 62), 6223, k
(23, 62), 6224, e
(24, 62), 6225, y
(25, 62), 6226, k
(26, 62), 6227, e
(27, 62), 6228, y
(28, 62), 6229, k
(29, 62), 6230, e
(30, 62), 6231, y
(31, 62), 6232, k
(32, 62), 6233, e
(33, 62), 6234, y
(34, 62), 6235, k
(35, 62), 6236, e
(36, 62), 6237, y
(37, 62), 6238, k
(38, 62), 6239, e
(39, 62), 6240, y
(40, 62), 6241, k
(41, 62), 6242, e
(42, 62), 6243, y
(43, 62), 6244, k
(44, 62), 6245, e
(45, 62), 6246, y
(46, 62), 6247, k
(47, 62), 6248, e
(48, 62), 6249, y
(49, 62), 6250, k
(50, 62), 6251, e
(51, 62), 6252, y
(52, 62), 6253, k
(53, 62), 6254, e
(54, 62), 6255, y
(55, 62), 6256, k
(56, 62), 6257, e
(57, 62), 6258, y
(58, 62), 6259, k
(59, 62), 6260, e
(60, 62), 6261, y
(61, 62), 6262, k
(62, 62), 6263, e
(63, 62), 6264, y
(64, 62), 6265, k
(65, 62), 6266, e
(66, 62), 6267, y
(67, 62), 6268, k
(68, 62), 6269, e
(69, 62), 6270, y
(70, 62), 6271, k
(71, 62), 6272, e
(72, 62), 6273, y
(73, 62), 6274, k
(74, 62), 6275, e
(75, 62), 6276, y
(76, 62), 6277, k
(77, 62), 6278, e
(78, 62), 6279, y
(79, 62), 6280, k
(80, 62), 6281, e
(81, 62), 6282, y
(82, 62), 6283, k
(83, 62), 6284, e
(84, 62), 6285, y
(85, 62), 6286, k
(86, 62), 6287, e
(87, 62), 6288, y
(88, 62), 6289, k
(89, 62), 6290, e
(90, 62), 6291, y
(91, 62), 6292, k
(92, 62), 6293, e
(93, 62), 6294, y
(94, 62), 6295, k
(95, 62), 6296, e
(96, 62), 6297, y
(97, 62), 6298, k
(98, 62), 6299, e
(99, 62), 6300, y
(0, 63), 6301, k
(1, 63), 6302, e
(2, 63), 6303, y
(3, 63), 6304, k
(4, 63), 6305, e
(5, 63), 6306, y
(6, 63), 6307, k
(7, 63), 6308, e
(8, 63), 6309, y
(9, 63), 6310, k
(10, 63), 6311, e
(11, 63), 6312, y
(12, 63), 6313, k
(13, 63), 6314, e
(14, 63), 6315, y
(15, 63), 6316, k
(16, 63), 6317, e
(17, 63), 6318, y
(18, 63), 6319, k
(19, 63), 6320, e
(20, 63), 6321, y
(21, 63), 6322, k
(22, 63), 6323, e
(23, 63), 6324, y
(24, 63), 6325, k
(25, 63), 6326, e
(26, 63), 6327, y
(27, 63), 6328, k
(28, 63), 6329, e
(29, 63), 6330, y
(30, 63), 6331, k
(31, 63), 6332, e
(32, 63), 6333, y
(33, 63), 6334, k
(34, 63), 6335, e
(35, 63), 6336, y
(36, 63), 6337, k
(37, 63), 6338, e
(38, 63), 6339, y
(39, 63), 6340, k
(40, 63), 6341, e
(41, 63), 6342, y
(42, 63), 6343, k
(43, 63), 6344, e
(44, 63), 6345, y
(45, 63), 6346, k
(46, 63), 6347, e
(47, 63), 6348, y
(48, 63), 6349, k
(49, 63), 6350, e
(50, 63), 6351, y
(51, 63), 6352, k
(52, 63), 6353, e
(53, 63), 6354, y
(54, 63), 6355, k
(55, 63), 6356, e
(56, 63), 6357, y
(57, 63), 6358, k
(58, 63), 6359, e
(59, 63), 6360, y
(60, 63), 6361, k
(61, 63), 6362, e
(62, 63), 6363, y
(63, 63), 6364, k
(64, 63), 6365, e
(65, 63), 6366, y
(66, 63), 6367, k
(67, 63), 6368, e
(68, 63), 6369, y
(69, 63), 6370, k
(70, 63), 6371, e
(71, 63), 6372, y
(72, 63), 6373, k
(73, 63), 6374, e
(74, 63), 6375, y
(75, 63), 6376, k
(76, 63), 6377, e
(77, 63), 6378, y
(78, 63), 6379, k
(79, 63), 6380, e
(80, 63), 6381, y
(81, 63), 6382, k
(82, 63), 6383, e
(83, 63), 6384, y
(84, 63), 6385, k
(85, 63), 6386, e
(86, 63), 6387, y
(87, 63), 6388, k
(88, 63), 6389, e
(89, 63), 6390, y
(90, 63), 6391, k
(91, 63), 6392, e
(92, 63), 6393, y
(93, 63), 6394, k
(94, 63), 6395, e
(95, 63), 6396, y
(96, 63), 6397, k
(97, 63), 6398, e
(98, 63), 6399, y
(99, 63), 6400, k
(0, 64), 6401, e
(1, 64), 6402, y
(2, 64), 6403, k
(3, 64), 6404, e
(4, 64), 6405, y
(5, 64), 6406, k
(6, 64), 6407, e
(7, 64), 6408, y
(8, 64), 6409, k
(9, 64), 6410, e
(10, 64), 6411, y
(11, 64), 6412, k
(12, 64), 6413, e
(13, 64), 6414, y
(14, 64), 6415, k
(15, 64), 6416, e
(16, 64), 6417, y
(17, 64), 6418, k
(18, 64), 6419, e
(19, 64), 6420, y
(20, 64), 6421, k
(21, 64), 6422, e
(22, 64), 6423, y
(23, 64), 6424, k
(24, 64), 6425, e
(25, 64), 6426, y
(26, 64), 6427, k
(27, 64), 6428, e
(28, 64), 6429, y
(29, 64), 6430, k
(30, 64), 6431, e
(31, 64), 6432, y
(32, 64), 6433, k
(33, 64), 6434, e
(34, 64), 6435, y
(35, 64), 6436, k
(36, 64), 6437, e
(37, 64), 6438, y
(38, 64), 6439, k
(39, 64), 6440, e
(40, 64), 6441, y
(41, 64), 6442, k
(42, 64), 6443, e
(43, 64), 6444, y
(44, 64), 6445, k
(45, 64), 6446, e
(46, 64), 6447, y
(47, 64), 6448, k
(48, 64), 6449, e
(49, 64), 6450, y
(50, 64), 6451, k
(51, 64), 6452, e
(52, 64), 6453, y
(53, 64), 6454, k
(54, 64), 6455, e
(55, 64), 6456, y
(56, 64), 6457, k
(57, 64), 6458, e
(58, 64), 6459, y
(59, 64), 6460, k
(60, 64), 6461, e
(61, 64), 6462, y
(62, 64), 6463, k
(63, 64), 6464, e
(64, 64), 6465, y
(65, 64), 6466, k
(66, 64), 6467, e
(67, 64), 6468, y
(68, 64), 6469, k
(69, 64), 6470, e
(70, 64), 6471, y
(71, 64), 6472, k
(72, 64), 6473, e
(73, 64), 6474, y
(74, 64), 6475, k
(75, 64), 6476, e
(76, 64), 6477, y
(77, 64), 6478, k
(78, 64), 6479, e
(79, 64), 6480, y
(80, 64), 6481, k
(81, 64), 6482, e
(82, 64), 6483, y
(83, 64), 6484, k
(84, 64), 6485, e
(85, 64), 6486, y
(86, 64), 6487, k
(87, 64), 6488, e
(88, 64), 6489, y
(89, 64), 6490, k
(90, 64), 6491, e
(91, 64), 6492, y
(92, 64), 6493, k
(93, 64), 6494, e
(94, 64), 6495, y
(95, 64), 6496, k
(96, 64), 6497, e
(97, 64), 6498, y
(98, 64), 6499, k
(99, 64), 6500, e
(0, 65), 6501, y
(1, 65), 6502, k
(2, 65), 6503, e
(3, 65), 6504, y
(4, 65), 6505, k
(5, 65), 6506, e
(6, 65), 6507, y
(7, 65), 6508, k
(8, 65), 6509, e
(9, 65), 6510, y
(10, 65), 6511, k
(11, 65), 6512, e
(12, 65), 6513, y
(13, 65), 6514, k
(14, 65), 6515, e
(15, 65), 6516, y
(16, 65), 6517, k
(17, 65), 6518, e
(18, 65), 6519, y
(19, 65), 6520, k
(20, 65), 6521, e
(21, 65), 6522, y
(22, 65), 6523, k
(23, 65), 6524, e
(24, 65), 6525, y
(25, 65), 6526, k
(26, 65), 6527, e
(27, 65), 6528, y
(28, 65), 6529, k
(29, 65), 6530, e
(30, 65), 6531, y
(31, 65), 6532, k
(32, 65), 6533, e
(33, 65), 6534, y
(34, 65), 6535, k
(35, 65), 6536, e
(36, 65), 6537, y
(37, 65), 6538, k
(38, 65), 6539, e
(39, 65), 6540, y
(40, 65), 6541, k
(41, 65), 6542, e
(42, 65), 6543, y
(43, 65), 6544, k
(44, 65), 6545, e
(45, 65), 6546, y
(46, 65), 6547, k
(47, 65), 6548, e
(48, 65), 6549, y
(49, 65), 6550, k
(50, 65), 6551, e
(51, 65), 6552, y
(52, 65), 6553, k
(53, 65), 6554, e
(54, 65), 6555, y
(55, 65), 6556, k
(56, 65), 6557, e
(57, 65), 6558, y
(58, 65), 6559, k
(59, 65), 6560, e
(60, 65), 6561, y
(61, 65), 6562, k
(62, 65), 6563, e
(63, 65), 6564, y
(64, 65), 6565, k
(65, 65), 6566, e
(66, 65), 6567, y
(67, 65), 6568, k
(68, 65), 6569, e
(69, 65), 6570, y
(70, 65), 6571, k
(71, 65), 6572, e
(72, 65), 6573, y
(73, 65), 6574, k
(74, 65), 6575, e
(75, 65), 6576, y
(76, 65), 6577, k
(77, 65), 6578, e
(78, 65), 6579, y
(79, 65), 6580, k
(80, 65), 6581, e
(81, 65), 6582, y
(82, 65), 6583, k
(83, 65), 6584, e
(84, 65), 6585, y
(85, 65), 6586, k
(86, 65), 6587, e
(87, 65), 6588, y
(88, 65), 6589, k
(89, 65), 6590, e
(90, 65), 6591, y
(91, 65), 6592, k
(92, 65), 6593, e
(93, 65), 6594, y
(94, 65), 6595, k
(95, 65), 6596, e
(96, 65), 6597, y
(97, 65), 6598, k
(98, 65), 6599, e
(99, 65), 6600, y
(0, 66), 6601, k
(1, 66), 6602, e
(2, 66), 6603, y
(3, 66), 6604, k
(4, 66), 6605, e
(5, 66), 6606, y
(6, 66), 6607, k
(7, 66), 6608, e
(8, 66), 6609, y
(9, 66), 6610, k
(10, 66), 6611, e
(11, 66), 6612, y
(12, 66), 6613, k
(13, 66), 6614, e
(14, 66), 6615, y
(15, 66), 6616, k
(16, 66), 6617, e
(17, 66), 6618, y
(18, 66), 6619, k
(19, 66), 6620, e
(20, 66), 6621, y
(21, 66), 6622, k
(22, 66), 6623, e
(23, 66), 6624, y
(24, 66), 6625, k
(25, 66), 6626, e
(26, 66), 6627, y
(27, 66), 6628, k
(28, 66), 6629, e
(29, 66), 6630, y
(30, 66), 6631, k
(31, 66), 6632, e
(32, 66), 6633, y
(33, 66), 6634, k
(34, 66), 6635, e
(35, 66), 6636, y
(36, 66), 6637, k
(37, 66), 6638, e
(38, 66), 6639, y
(39, 66), 6640, k
(40, 66), 6641, e
(41, 66), 6642, y
(42, 66), 6643, k
(43, 66), 6644, e
(44, 66), 6645, y
(45, 66), 6646, k
(46, 66), 6647, e
(47, 66), 6648, y
(48, 66), 6649, k
(49, 66), 6650, e
(50, 66), 6651, y
(51, 66), 6652, k
(52, 66), 6653, e
(53, 66), 6654, y
(54, 66), 6655, k
(55, 66), 6656, e
(56, 66), 6657, y
(57, 66), 6658, k
(58, 66), 6659, e
(59, 66), 6660, y
(60, 66), 6661, k
(61, 66), 6662, e
(62, 66), 6663, y
(63, 66), 6664, k
(64, 66), 6665, e
(65, 66), 6666, y
(66, 66), 6667, k
(67, 66), 6668, e
(68, 66), 6669, y
(69, 66), 6670, k
(70, 66), 6671, e
(71, 66), 6672, y
(72, 66), 6673, k
(73, 66), 6674, e
(74, 66), 6675, y
(75, 66), 6676, k
(76, 66), 6677, e
(77, 66), 6678, y
(78, 66), 6679, k
(79, 66), 6680, e
(80, 66), 6681, y
(81, 66), 6682, k
(82, 66), 6683, e
(83, 66), 6684, y
(84, 66), 6685, k
(85, 66), 6686, e
(86, 66), 6687, y
(87, 66), 6688, k
(88, 66), 6689, e
(89, 66), 6690, y
(90, 66), 6691, k
(91, 66), 6692, e
(92, 66), 6693, y
(93, 66), 6694, k
(94, 66), 6695, e
(95, 66), 6696, y
(96, 66), 6697, k
(97, 66), 6698, e
(98, 66), 6699, y
(99, 66), 6700, k
(0, 67), 6701, e
(1, 67), 6702, y
(2, 67), 6703, k
(3, 67), 6704, e
(4, 67), 6705, y
(5, 67), 6706, k
(6, 67), 6707, e
(7, 67), 6708, y
(8, 67), 6709, k
(9, 67), 6710, e
(10, 67), 6711, y
(11, 67), 6712, k
(12, 67), 6713, e
(13, 67), 6714, y
(14, 67), 6715, k
(15, 67), 6716, e
(16, 67), 6717, y
(17, 67), 6718, k
(18, 67), 6719, e
(19, 67), 6720, y
(20, 67), 6721, k
(21, 67), 6722, e
(22, 67), 6723, y
(23, 67), 6724, k
(24, 67), 6725, e
(25, 67), 6726, y
(26, 67), 6727, k
(27, 67), 6728, e
(28, 67), 6729, y
(29, 67), 6730, k
(30, 67), 6731, e
(31, 67), 6732, y
(32, 67), 6733, k
(33, 67), 6734, e
(34, 67), 6735, y
(35, 67), 6736, k
(36, 67), 6737, e
(37, 67), 6738, y
(38, 67), 6739, k
(39, 67), 6740, e
(40, 67), 6741, y
(41, 67), 6742, k
(42, 67), 6743, e
(43, 67), 6744, y
(44, 67), 6745, k
(45, 67), 6746, e
(46, 67), 6747, y
(47, 67), 6748, k
(48, 67), 6749, e
(49, 67), 6750, y
(50, 67), 6751, k
(51, 67), 6752, e
(52, 67), 6753, y
(53, 67), 6754, k
(54, 67), 6755, e
(55, 67), 6756, y
(56, 67), 6757, k
(57, 67), 6758, e
(58, 67), 6759, y
(59, 67), 6760, k
(60, 67), 6761, e
(61, 67), 6762, y
(62, 67), 6763, k
(63, 67), 6764, e
(64, 67), 6765, y
(65, 67), 6766, k
(66, 67), 6767, e
(67, 67), 6768, y
(68, 67), 6769, k
(69, 67), 6770, e
(70, 67), 6771, y
(71, 67), 6772, k
(72, 67), 6773, e
(73, 67), 6774, y
(74, 67), 6775, k
(75, 67), 6776, e
(76, 67), 6777, y
(77, 67), 6778, k
(78, 67), 6779, e
(79, 67), 6780, y
(80, 67), 6781, k
(81, 67), 6782, e
(82, 67), 6783, y
(83, 67), 6784, k
(84, 67), 6785, e
(85, 67), 6786, y
(86, 67), 6787, k
(87, 67), 6788, e
(88, 67), 6789, y
(89, 67), 6790, k
(90, 67), 6791, e
(91, 67), 6792, y
(92, 67), 6793, k
(93, 67), 6794, e
(94, 67), 6795, y
(95, 67), 6796, k
(96, 67), 6797, e
(97, 67), 6798, y
(98, 67), 6799, k
(99, 67), 6800, e
(0, 68), 6801, y
(1, 68), 6802, k
(2, 68), 6803, e
(3, 68), 6804, y
(4, 68), 6805, k
(5, 68), 6806, e
(6, 68), 6807, y
(7, 68), 6808, k
(8, 68), 6809, e
(9, 68), 6810, y
(10, 68), 6811, k
(11, 68), 6812, e
(12, 68), 6813, y
(13, 68), 6814, k
(14, 68), 6815, e
(15, 68), 6816, y
(16, 68), 6817, k
(17, 68), 6818, e
(18, 68), 6819, y
(19, 68), 6820, k
(20, 68), 6821, e
(21, 68), 6822, y
(22, 68), 6823, k
(23, 68), 6824, e
(24, 68), 6825, y
(25, 68), 6826, k
(26, 68), 6827, e
(27, 68), 6828, y
(28, 68), 6829, k
(29, 68), 6830, e
(30, 68), 6831, y
(31, 68), 6832, k
(32, 68), 6833, e
(33, 68), 6834, y
(34, 68), 6835, k
(35, 68), 6836, e
(36, 68), 6837, y
(37, 68), 6838, k
(38, 68), 6839, e
(39, 68), 6840, y
(40, 68), 6841, k
(41, 68), 6842, e
(42, 68), 6843, y
(43, 68), 6844, k
(44, 68), 6845, e
(45, 68), 6846, y
(46, 68), 6847, k
(47, 68), 6848, e
(48, 68), 6849, y
(49, 68), 6850, k
(50, 68), 6851, e
(51, 68), 6852, y
(52, 68), 6853, k
(53, 68), 6854, e
(54, 68), 6855, y
(55, 68), 6856, k
(56, 68), 6857, e
(57, 68), 6858, y
(58, 68), 6859, k
(59, 68), 6860, e
(60, 68), 6861, y
(61, 68), 6862, k
(62, 68), 6863, e
(63, 68), 6864, y
(64, 68), 6865, k
(65, 68), 6866, e
(66, 68), 6867, y
(67, 68), 6868, k
(68, 68), 6869, e
(69, 68), 6870, y
(70, 68), 6871, k
(71, 68), 6872, e
(72, 68), 6873, y
(73, 68), 6874, k
(74, 68), 6875, e
(75, 68), 6876, y
(76, 68), 6877, k
(77, 68), 6878, e
(78, 68), 6879, y
(79, 68), 6880, k
(80, 68), 6881, e
(81, 68), 6882, y
(82, 68), 6883, k
(83, 68), 6884, e
(84, 68), 6885, y
(85, 68), 6886, k
(86, 68), 6887, e
(87, 68), 6888, y
(88, 68), 6889, k
(89, 68), 6890, e
(90, 68), 6891, y
(91, 68), 6892, k
(92, 68), 6893, e
(93, 68), 6894, y
(94, 68), 6895, k
(95, 68), 6896, e
(96, 68), 6897, y
(97, 68), 6898, k
(98, 68), 6899, e
(99, 68), 6900, y
(0, 69), 6901, k
(1, 69), 6902, e
(2, 69), 6903, y
(3, 69), 6904, k
(4, 69), 6905, e
(5, 69), 6906, y
(6, 69), 6907, k
(7, 69), 6908, e
(8, 69), 6909, y
(9, 69), 6910, k
(10, 69), 6911, e
(11, 69), 6912, y
(12, 69), 6913, k
(13, 69), 6914, e
(14, 69), 6915, y
(15, 69), 6916, k
(16, 69), 6917, e
(17, 69), 6918, y
(18, 69), 6919, k
(19, 69), 6920, e
(20, 69), 6921, y
(21, 69), 6922, k
(22, 69), 6923, e
(23, 69), 6924, y
(24, 69), 6925, k
(25, 69), 6926, e
(26, 69), 6927, y
(27, 69), 6928, k
(28, 69), 6929, e
(29, 69), 6930, y
(30, 69), 6931, k
(31, 69), 6932, e
(32, 69), 6933, y
(33, 69), 6934, k
(34, 69), 6935, e
(35, 69), 6936, y
(36, 69), 6937, k
(37, 69), 6938, e
(38, 69), 6939, y
(39, 69), 6940, k
(40, 69), 6941, e
(41, 69), 6942, y
(42, 69), 6943, k
(43, 69), 6944, e
(44, 69), 6945, y
(45, 69), 6946, k
(46, 69), 6947, e
(47, 69), 6948, y
(48, 69), 6949, k
(49, 69), 6950, e
(50, 69), 6951, y
(51, 69), 6952, k
(52, 69), 6953, e
(53, 69), 6954, y
(54, 69), 6955, k
(55, 69), 6956, e
(56, 69), 6957, y
(57, 69), 6958, k
(58, 69), 6959, e
(59, 69), 6960, y
(60, 69), 6961, k
(61, 69), 6962, e
(62, 69), 6963, y
(63, 69), 6964, k
(64, 69), 6965, e
(65, 69), 6966, y
(66, 69), 6967, k
(67, 69), 6968, e
(68, 69), 6969, y
(69, 69), 6970, k
(70, 69), 6971, e
(71, 69), 6972, y
(72, 69), 6973, k
(73, 69), 6974, e
(74, 69), 6975, y
(75, 69), 6976, k
(76, 69), 6977, e
(77, 69), 6978, y
(78, 69), 6979, k
(79, 69), 6980, e
(80, 69), 6981, y
(81, 69), 6982, k
(82, 69), 6983, e
(83, 69), 6984, y
(84, 69), 6985, k
(85, 69), 6986, e
(86, 69), 6987, y
(87, 69), 6988, k
(88, 69), 6989, e
(89, 69), 6990, y
(90, 69), 6991, k
(91, 69), 6992, e
(92, 69), 6993, y
(93, 69), 6994, k
(94, 69), 6995, e
(95, 69), 6996, y
(96, 69), 6997, k
(97, 69), 6998, e
(98, 69), 6999, y
(99, 69), 7000, k
(0, 70), 7001, e
(1, 70), 7002, y
(2, 70), 7003, k
(3, 70), 7004, e
(4, 70), 7005, y
(5, 70), 7006, k
(6, 70), 7007, e
(7, 70), 7008, y
(8, 70), 7009, k
(9, 70), 7010, e
(10, 70), 7011, y
(11, 70), 7012, k
(12, 70), 7013, e
(13, 70), 7014, y
(14, 70), 7015, k
(15, 70), 7016, e
(16, 70), 7017, y
(17, 70), 7018, k
(18, 70), 7019, e
(19, 70), 7020, y
(20, 70), 7021, k
(21, 70), 7022, e
(22, 70), 7023, y
(23, 70), 7024, k
(24, 70), 7025, e
(25, 70), 7026, y
(26, 70), 7027, k
(27, 70), 7028, e
(28, 70), 7029, y
(29, 70), 7030, k
(30, 70), 7031, e
(31, 70), 7032, y
(32, 70), 7033, k
(33, 70), 7034, e
(34, 70), 7035, y
(35, 70), 7036, k
(36, 70), 7037, e
(37, 70), 7038, y
(38, 70), 7039, k
(39, 70), 7040, e
(40, 70), 7041, y
(41, 70), 7042, k
(42, 70), 7043, e
(43, 70), 7044, y
(44, 70), 7045, k
(45, 70), 7046, e
(46, 70), 7047, y
(47, 70), 7048, k
(48, 70), 7049, e
(49, 70), 7050, y
(50, 70), 7051, k
(51, 70), 7052, e
(52, 70), 7053, y
(53, 70), 7054, k
(54, 70), 7055, e
(55, 70), 7056, y
(56, 70), 7057, k
(57, 70), 7058, e
(58, 70), 7059, y
(59, 70), 7060, k
(60, 70), 7061, e
(61, 70), 7062, y
(62, 70), 7063, k
(63, 70), 7064, e
(64, 70), 7065, y
(65, 70), 7066, k
(66, 70), 7067, e
(67, 70), 7068, y
(68, 70), 7069, k
(69, 70), 7070, e
(70, 70), 7071, y
(71, 70), 7072, k
(72, 70), 7073, e
(73, 70), 7074, y
(74, 70), 7075, k
(75, 70), 7076, e
(76, 70), 7077, y
(77, 70), 7078, k
(78, 70), 7079, e
(79, 70), 7080, y
(80, 70), 7081, k
(81, 70), 7082, e
(82, 70), 7083, y
(83, 70), 7084, k
(84, 70), 7085, e
(85, 70), 7086, y
(86, 70), 7087, k
(87, 70), 7088, e
(88, 70), 7089, y
(89, 70), 7090, k
(90, 70), 7091, e
(91, 70), 7092, y
(92, 70), 7093, k
(93, 70), 7094, e
(94, 70), 7095, y
(95, 70), 7096, k
(96, 70), 7097, e
(97, 70), 7098, y
(98, 70), 7099, k
(99, 70), 7100, e
(0, 71), 7101, y
(1, 71), 7102, k
(2, 71), 7103, e
(3, 71), 7104, y
(4, 71), 7105, k
(5, 71), 7106, e
(6, 71), 7107, y
(7, 71), 7108, k
(8, 71), 7109, e
(9, 71), 7110, y
(10, 71), 7111, k
(11, 71), 7112, e
(12, 71), 7113, y
(13, 71), 7114, k
(14, 71), 7115, e
(15, 71), 7116, y
(16, 71), 7117, k
(17, 71), 7118, e
(18, 71), 7119, y
(19, 71), 7120, k
(20, 71), 7121, e
(21, 71), 7122, y
(22, 71), 7123, k
(23, 71), 7124, e
(24, 71), 7125, y
(25, 71), 7126, k
(26, 71), 7127, e
(27, 71), 7128, y
(28, 71), 7129, k
(29, 71), 7130, e
(30, 71), 7131, y
(31, 71), 7132, k
(32, 71), 7133, e
(33, 71), 7134, y
(34, 71), 7135, k
(35, 71), 7136, e
(36, 71), 7137, y
(37, 71), 7138, k
(38, 71), 7139, e
(39, 71), 7140, y
(40, 71), 7141, k
(41, 71), 7142, e
(42, 71), 7143, y
(43, 71), 7144, k
(44, 71), 7145, e
(45, 71), 7146, y
(46, 71), 7147, k
(47, 71), 7148, e
(48, 71), 7149, y
(49, 71), 7150, k
(50, 71), 7151, e
(51, 71), 7152, y
(52, 71), 7153, k
(53, 71), 7154, e
(54, 71), 7155, y
(55, 71), 7156, k
(56, 71), 7157, e
(57, 71), 7158, y
(58, 71), 7159, k
(59, 71), 7160, e
(60, 71), 7161, y
(61, 71), 7162, k
(62, 71), 7163, e
(63, 71), 7164, y
(64, 71), 7165, k
(65, 71), 7166, e
(66, 71), 7167, y
(67, 71), 7168, k
(68, 71), 7169, e
(69, 71), 7170, y
(70, 71), 7171, k
(71, 71), 7172, e
(72, 71), 7173, y
(73, 71), 7174, k
(74, 71), 7175, e
(75, 71), 7176, y
(76, 71), 7177, k
(77, 71), 7178, e
(78, 71), 7179, y
(79, 71), 7180, k
(80, 71), 7181, e
(81, 71), 7182, y
(82, 71), 7183, k
(83, 71), 7184, e
(84, 71), 7185, y
(85, 71), 7186, k
(86, 71), 7187, e
(87, 71), 7188, y
(88, 71), 7189, k
(89, 71), 7190, e
(90, 71), 7191, y
(91, 71), 7192, k
(92, 71), 7193, e
(93, 71), 7194, y
(94, 71), 7195, k
(95, 71), 7196, e
(96, 71), 7197, y
(97, 71), 7198, k
(98, 71), 7199, e
(99, 71), 7200, y
(0, 72), 7201, k
(1, 72), 7202, e
(2, 72), 7203, y
(3, 72), 7204, k
(4, 72), 7205, e
(5, 72), 7206, y
(6, 72), 7207, k
(7, 72), 7208, e
(8, 72), 7209, y
(9, 72), 7210, k
(10, 72), 7211, e
(11, 72), 7212, y
(12, 72), 7213, k
(13, 72), 7214, e
(14, 72), 7215, y
(15, 72), 7216, k
(16, 72), 7217, e
(17, 72), 7218, y
(18, 72), 7219, k
(19, 72), 7220, e
(20, 72), 7221, y
(21, 72), 7222, k
(22, 72), 7223, e
(23, 72), 7224, y
(24, 72), 7225, k
(25, 72), 7226, e
(26, 72), 7227, y
(27, 72), 7228, k
(28, 72), 7229, e
(29, 72), 7230, y
(30, 72), 7231, k
(31, 72), 7232, e
(32, 72), 7233, y
(33, 72), 7234, k
(34, 72), 7235, e
(35, 72), 7236, y
(36, 72), 7237, k
(37, 72), 7238, e
(38, 72), 7239, y
(39, 72), 7240, k
(40, 72), 7241, e
(41, 72), 7242, y
(42, 72), 7243, k
(43, 72), 7244, e
(44, 72), 7245, y
(45, 72), 7246, k
(46, 72), 7247, e
(47, 72), 7248, y
(48, 72), 7249, k
(49, 72), 7250, e
(50, 72), 7251, y
(51, 72), 7252, k
(52, 72), 7253, e
(53, 72), 7254, y
(54, 72), 7255, k
(55, 72), 7256, e
(56, 72), 7257, y
(57, 72), 7258, k
(58, 72), 7259, e
(59, 72), 7260, y
(60, 72), 7261, k
(61, 72), 7262, e
(62, 72), 7263, y
(63, 72), 7264, k
(64, 72), 7265, e
(65, 72), 7266, y
(66, 72), 7267, k
(67, 72), 7268, e
(68, 72), 7269, y
(69, 72), 7270, k
(70, 72), 7271, e
(71, 72), 7272, y
(72, 72), 7273, k
(73, 72), 7274, e
(74, 72), 7275, y
(75, 72), 7276, k
(76, 72), 7277, e
(77, 72), 7278, y
(78, 72), 7279, k
(79, 72), 7280, e
(80, 72), 7281, y
(81, 72), 7282, k
(82, 72), 7283, e
(83, 72), 7284, y
(84, 72), 7285, k
(85, 72), 7286, e
(86, 72), 7287, y
(87, 72), 7288, k
(88, 72), 7289, e
(89, 72), 7290, y
(90, 72), 7291, k
(91, 72), 7292, e
(92, 72), 7293, y
(93, 72), 7294, k
(94, 72), 7295, e
(95, 72), 7296, y
(96, 72), 7297, k
(97, 72), 7298, e
(98, 72), 7299, y
(99, 72), 7300, k
(0, 73), 7301, e
(1, 73), 7302, y
(2, 73), 7303, k
(3, 73), 7304, e
(4, 73), 7305, y
(5, 73), 7306, k
(6, 73), 7307, e
(7, 73), 7308, y
(8, 73), 7309, k
(9, 73), 7310, e
(10, 73), 7311, y
(11, 73), 7312, k
(12, 73), 7313, e
(13, 73), 7314, y
(14, 73), 7315, k
(15, 73), 7316, e
(16, 73), 7317, y
(17, 73), 7318, k
(18, 73), 7319, e
(19, 73), 7320, y
(20, 73), 7321, k
(21, 73), 7322, e
(22, 73), 7323, y
(23, 73), 7324, k
(24, 73), 7325, e
(25, 73), 7326, y
(26, 73), 7327, k
(27, 73), 7328, e
(28, 73), 7329, y
(29, 73), 7330, k
(30, 73), 7331, e
(31, 73), 7332, y
(32, 73), 7333, k
(33, 73), 7334, e
(34, 73), 7335, y
(35, 73), 7336, k
(36, 73), 7337, e
(37, 73), 7338, y
(38, 73), 7339, k
(39, 73), 7340, e
(40, 73), 7341, y
(41, 73), 7342, k
(42, 73), 7343, e
(43, 73), 7344, y
(44, 73), 7345, k
(45, 73), 7346, e
(46, 73), 7347, y
(47, 73), 7348, k
(48, 73), 7349, e
(49, 73), 7350, y
(50, 73), 7351, k
(51, 73), 7352, e
(52, 73), 7353, y
(53, 73), 7354, k
(54, 73), 7355, e
(55, 73), 7356, y
(56, 73), 7357, k
(57, 73), 7358, e
(58, 73), 7359, y
(59, 73), 7360, k
(60, 73), 7361, e
(61, 73), 7362, y
(62, 73), 7363, k
(63, 73), 7364, e
(64, 73), 7365, y
(65, 73), 7366, k
(66, 73), 7367, e
(67, 73), 7368, y
(68, 73), 7369, k
(69, 73), 7370, e
(70, 73), 7371, y
(71, 73), 7372, k
(72, 73), 7373, e
(73, 73), 7374, y
(74, 73), 7375, k
(75, 73), 7376, e
(76, 73), 7377, y
(77, 73), 7378, k
(78, 73), 7379, e
(79, 73), 7380, y
(80, 73), 7381, k
(81, 73), 7382, e
(82, 73), 7383, y
(83, 73), 7384, k
(84, 73), 7385, e
(85, 73), 7386, y
(86, 73), 7387, k
(87, 73), 7388, e
(88, 73), 7389, y
(89, 73), 7390, k
(90, 73), 7391, e
(91, 73), 7392, y
(92, 73), 7393, k
(93, 73), 7394, e
(94, 73), 7395, y
(95, 73), 7396, k
(96, 73), 7397, e
(97, 73), 7398, y
(98, 73), 7399, k
(99, 73), 7400, e
(0, 74), 7401, y
(1, 74), 7402, k
(2, 74), 7403, e
(3, 74), 7404, y
(4, 74), 7405, k
(5, 74), 7406, e
(6, 74), 7407, y
(7, 74), 7408, k
(8, 74), 7409, e
(9, 74), 7410, y
(10, 74), 7411, k
(11, 74), 7412, e
(12, 74), 7413, y
(13, 74), 7414, k
(14, 74), 7415, e
(15, 74), 7416, y
(16, 74), 7417, k
(17, 74), 7418, e
(18, 74), 7419, y
(19, 74), 7420, k
(20, 74), 7421, e
(21, 74), 7422, y
(22, 74), 7423, k
(23, 74), 7424, e
(24, 74), 7425, y
(25, 74), 7426, k
(26, 74), 7427, e
(27, 74), 7428, y
(28, 74), 7429, k
(29, 74), 7430, e
(30, 74), 7431, y
(31, 74), 7432, k
(32, 74), 7433, e
(33, 74), 7434, y
(34, 74), 7435, k
(35, 74), 7436, e
(36, 74), 7437, y
(37, 74), 7438, k
(38, 74), 7439, e
(39, 74), 7440, y
(40, 74), 7441, k
(41, 74), 7442, e
(42, 74), 7443, y
(43, 74), 7444, k
(44, 74), 7445, e
(45, 74), 7446, y
(46, 74), 7447, k
(47, 74), 7448, e
(48, 74), 7449, y
(49, 74), 7450, k
(50, 74), 7451, e
(51, 74), 7452, y
(52, 74), 7453, k
(53, 74), 7454, e
(54, 74), 7455, y
(55, 74), 7456, k
(56, 74), 7457, e
(57, 74), 7458, y
(58, 74), 7459, k
(59, 74), 7460, e
(60, 74), 7461, y
(61, 74), 7462, k
(62, 74), 7463, e
(63, 74), 7464, y
(64, 74), 7465, k
(65, 74), 7466, e
(66, 74), 7467, y
(67, 74), 7468, k
(68, 74), 7469, e
(69, 74), 7470, y
(70, 74), 7471, k
(71, 74), 7472, e
(72, 74), 7473, y
(73, 74), 7474, k
(74, 74), 7475, e
(75, 74), 7476, y
(76, 74), 7477, k
(77, 74), 7478, e
(78, 74), 7479, y
(79, 74), 7480, k
(80, 74), 7481, e
(81, 74), 7482, y
(82, 74), 7483, k
(83, 74), 7484, e
(84, 74), 7485, y
(85, 74), 7486, k
(86, 74), 7487, e
(87, 74), 7488, y
(88, 74), 7489, k
(89, 74), 7490, e
(90, 74), 7491, y
(91, 74), 7492, k
(92, 74), 7493, e
(93, 74), 7494, y
(94, 74), 7495, k
(95, 74), 7496, e
(96, 74), 7497, y
(97, 74), 7498, k
(98, 74), 7499, e
(99, 74), 7500, y
(0, 75), 7501, k
(1, 75), 7502, e
(2, 75), 7503, y
(3, 75), 7504, k
(4, 75), 7505, e
(5, 75), 7506, y
(6, 75), 7507, k
(7, 75), 7508, e
(8, 75), 7509, y
(9, 75), 7510, k
(10, 75), 7511, e
(11, 75), 7512, y
(12, 75), 7513, k
(13, 75), 7514, e
(14, 75), 7515, y
(15, 75), 7516, k
(16, 75), 7517, e
(17, 75), 7518, y
(18, 75), 7519, k
(19, 75), 7520, e
(20, 75), 7521, y
(21, 75), 7522, k
(22, 75), 7523, e
(23, 75), 7524, y
(24, 75), 7525, k
(25, 75), 7526, e
(26, 75), 7527, y
(27, 75), 7528, k
(28, 75), 7529, e
(29, 75), 7530, y
(30, 75), 7531, k
(31, 75), 7532, e
(32, 75), 7533, y
(33, 75), 7534, k
(34, 75), 7535, e
(35, 75), 7536, y
(36, 75), 7537, k
(37, 75), 7538, e
(38, 75), 7539, y
(39, 75), 7540, k
(40, 75), 7541, e
(41, 75), 7542, y
(42, 75), 7543, k
(43, 75), 7544, e
(44, 75), 7545, y
(45, 75), 7546, k
(46, 75), 7547, e
(47, 75), 7548, y
(48, 75), 7549, k
(49, 75), 7550, e
(50, 75), 7551, y
(51, 75), 7552, k
(52, 75), 7553, e
(53, 75), 7554, y
(54, 75), 7555, k
(55, 75), 7556, e
(56, 75), 7557, y
(57, 75), 7558, k
(58, 75), 7559, e
(59, 75), 7560, y
(60, 75), 7561, k
(61, 75), 7562, e
(62, 75), 7563, y
(63, 75), 7564, k
(64, 75), 7565, e
(65, 75), 7566, y
(66, 75), 7567, k
(67, 75), 7568, e
(68, 75), 7569, y
(69, 75), 7570, k
(70, 75), 7571, e
(71, 75), 7572, y
(72, 75), 7573, k
(73, 75), 7574, e
(74, 75), 7575, y
(75, 75), 7576, k
(76, 75), 7577, e
(77, 75), 7578, y
(78, 75), 7579, k
(79, 75), 7580, e
(80, 75), 7581, y
(81, 75), 7582, k
(82, 75), 7583, e
(83, 75), 7584, y
(84, 75), 7585, k
(85, 75), 7586, e
(86, 75), 7587, y
(87, 75), 7588, k
(88, 75), 7589, e
(89, 75), 7590, y
(90, 75), 7591, k
(91, 75), 7592, e
(92, 75), 7593, y
(93, 75), 7594, k
(94, 75), 7595, e
(95, 75), 7596, y
(96, 75), 7597, k
(97, 75), 7598, e
(98, 75), 7599, y
(99, 75), 7600, k
(0, 76), 7601, e
(1, 76), 7602, y
(2, 76), 7603, k
(3, 76), 7604, e
(4, 76), 7605, y
(5, 76), 7606, k
(6, 76), 7607, e
(7, 76), 7608, y
(8, 76), 7609, k
(9, 76), 7610, e
(10, 76), 7611, y
(11, 76), 7612, k
(12, 76), 7613, e
(13, 76), 7614, y
(14, 76), 7615, k
(15, 76), 7616, e
(16, 76), 7617, y
(17, 76), 7618, k
(18, 76), 7619, e
(19, 76), 7620, y
(20, 76), 7621, k
(21, 76), 7622, e
(22, 76), 7623, y
(23, 76), 7624, k
(24, 76), 7625, e
(25, 76), 7626, y
(26, 76), 7627, k
(27, 76), 7628, e
(28, 76), 7629, y
(29, 76), 7630, k
(30, 76), 7631, e
(31, 76), 7632, y
(32, 76), 7633, k
(33, 76), 7634, e
(34, 76), 7635, y
(35, 76), 7636, k
(36, 76), 7637, e
(37, 76), 7638, y
(38, 76), 7639, k
(39, 76), 7640, e
(40, 76), 7641, y
(41, 76), 7642, k
(42, 76), 7643, e
(43, 76), 7644, y
(44, 76), 7645, k
(45, 76), 7646, e
(46, 76), 7647, y
(47, 76), 7648, k
(48, 76), 7649, e
(49, 76), 7650, y
(50, 76), 7651, k
(51, 76), 7652, e
(52, 76), 7653, y
(53, 76), 7654, k
(54, 76), 7655, e
(55, 76), 7656, y
(56, 76), 7657, k
(57, 76), 7658, e
(58, 76), 7659, y
(59, 76), 7660, k
(60, 76), 7661, e
(61, 76), 7662, y
(62, 76), 7663, k
(63, 76), 7664, e
(64, 76), 7665, y
(65, 76), 7666, k
(66, 76), 7667, e
(67, 76), 7668, y
(68, 76), 7669, k
(69, 76), 7670, e
(70, 76), 7671, y
(71, 76), 7672, k
(72, 76), 7673, e
(73, 76), 7674, y
(74, 76), 7675, k
(75, 76), 7676, e
(76, 76), 7677, y
(77, 76), 7678, k
(78, 76), 7679, e
(79, 76), 7680, y
(80, 76), 7681, k
(81, 76), 7682, e
(82, 76), 7683, y
(83, 76), 7684, k
(84, 76), 7685, e
(85, 76), 7686, y
(86, 76), 7687, k
(87, 76), 7688, e
(88, 76), 7689, y
(89, 76), 7690, k
(90, 76), 7691, e
(91, 76), 7692, y
(92, 76), 7693, k
(93, 76), 7694, e
(94, 76), 7695, y
(95, 76), 7696, k
(96, 76), 7697, e
(97, 76), 7698, y
(98, 76), 7699, k
(99, 76), 7700, e
(0, 77), 7701, y
(1, 77), 7702, k
(2, 77), 7703, e
(3, 77), 7704, y
(4, 77), 7705, k
(5, 77), 7706, e
(6, 77), 7707, y
(7, 77), 7708, k
(8, 77), 7709, e
(9, 77), 7710, y
(10, 77), 7711, k
(11, 77), 7712, e
(12, 77), 7713, y
(13, 77), 7714, k
(14, 77), 7715, e
(15, 77), 7716, y
(16, 77), 7717, k
(17, 77), 7718, e
(18, 77), 7719, y
(19, 77), 7720, k
(20, 77), 7721, e
(21, 77), 7722, y
(22, 77), 7723, k
(23, 77), 7724, e
(24, 77), 7725, y
(25, 77), 7726, k
(26, 77), 7727, e
(27, 77), 7728, y
(28, 77), 7729, k
(29, 77), 7730, e
(30, 77), 7731, y
(31, 77), 7732, k
(32, 77), 7733, e
(33, 77), 7734, y
(34, 77), 7735, k
(35, 77), 7736, e
(36, 77), 7737, y
(37, 77), 7738, k
(38, 77), 7739, e
(39, 77), 7740, y
(40, 77), 7741, k
(41, 77), 7742, e
(42, 77), 7743, y
(43, 77), 7744, k
(44, 77), 7745, e
(45, 77), 7746, y
(46, 77), 7747, k
(47, 77), 7748, e
(48, 77), 7749, y
(49, 77), 7750, k
(50, 77), 7751, e
(51, 77), 7752, y
(52, 77), 7753, k
(53, 77), 7754, e
(54, 77), 7755, y
(55, 77), 7756, k
(56, 77), 7757, e
(57, 77), 7758, y
(58, 77), 7759, k
(59, 77), 7760, e
(60, 77), 7761, y
(61, 77), 7762, k
(62, 77), 7763, e
(63, 77), 7764, y
(64, 77), 7765, k
(65, 77), 7766, e
(66, 77), 7767, y
(67, 77), 7768, k
(68, 77), 7769, e
(69, 77), 7770, y
(70, 77), 7771, k
(71, 77), 7772, e
(72, 77), 7773, y
(73, 77), 7774, k
(74, 77), 7775, e
(75, 77), 7776, y
(76, 77), 7777, k
(77, 77), 7778, e
(78, 77), 7779, y
(79, 77), 7780, k
(80, 77), 7781, e
(81, 77), 7782, y
(82, 77), 7783, k
(83, 77), 7784, e
(84, 77), 7785, y
(85, 77), 7786, k
(86, 77), 7787, e
(87, 77), 7788, y
(88, 77), 7789, k
(89, 77), 7790, e
(90, 77), 7791, y
(91, 77), 7792, k
(92, 77), 7793, e
(93, 77), 7794, y
(94, 77), 7795, k
(95, 77), 7796, e
(96, 77), 7797, y
(97, 77), 7798, k
(98, 77), 7799, e
(99, 77), 7800, y
(0, 78), 7801, k
(1, 78), 7802, e
(2, 78), 7803, y
(3, 78), 7804, k
(4, 78), 7805, e
(5, 78), 7806, y
(6, 78), 7807, k
(7, 78), 7808, e
(8, 78), 7809, y
(9, 78), 7810, k
(10, 78), 7811, e
(11, 78), 7812, y
(12, 78), 7813, k
(13, 78), 7814, e
(14, 78), 7815, y
(15, 78), 7816, k
(16, 78), 7817, e
(17, 78), 7818, y
(18, 78), 7819, k
(19, 78), 7820, e
(20, 78), 7821, y
(21, 78), 7822, k
(22, 78), 7823, e
(23, 78), 7824, y
(24, 78), 7825, k
(25, 78), 7826, e
(26, 78), 7827, y
(27, 78), 7828, k
(28, 78), 7829, e
(29, 78), 7830, y
(30, 78), 7831, k
(31, 78), 7832, e
(32, 78), 7833, y
(33, 78), 7834, k
(34, 78), 7835, e
(35, 78), 7836, y
(36, 78), 7837, k
(37, 78), 7838, e
(38, 78), 7839, y
(39, 78), 7840, k
(40, 78), 7841, e
(41, 78), 7842, y
(42, 78), 7843, k
(43, 78), 7844, e
(44, 78), 7845, y
(45, 78), 7846, k
(46, 78), 7847, e
(47, 78), 7848, y
(48, 78), 7849, k
(49, 78), 7850, e
(50, 78), 7851, y
(51, 78), 7852, k
(52, 78), 7853, e
(53, 78), 7854, y
(54, 78), 7855, k
(55, 78), 7856, e
(56, 78), 7857, y
(57, 78), 7858, k
(58, 78), 7859, e
(59, 78), 7860, y
(60, 78), 7861, k
(61, 78), 7862, e
(62, 78), 7863, y
(63, 78), 7864, k
(64, 78), 7865, e
(65, 78), 7866, y
(66, 78), 7867, k
(67, 78), 7868, e
(68, 78), 7869, y
(69, 78), 7870, k
(70, 78), 7871, e
(71, 78), 7872, y
(72, 78), 7873, k
(73, 78), 7874, e
(74, 78), 7875, y
(75, 78), 7876, k
(76, 78), 7877, e
(77, 78), 7878, y
(78, 78), 7879, k
(79, 78), 7880, e
(80, 78), 7881, y
(81, 78), 7882, k
(82, 78), 7883, e
(83, 78), 7884, y
(84, 78), 7885, k
(85, 78), 7886, e
(86, 78), 7887, y
(87, 78), 7888, k
(88, 78), 7889, e
(89, 78), 7890, y
(90, 78), 7891, k
(91, 78), 7892, e
(92, 78), 7893, y
(93, 78), 7894, k
(94, 78), 7895, e
(95, 78), 7896, y
(96, 78), 7897, k
(97, 78), 7898, e
(98, 78), 7899, y
(99, 78), 7900, k
(0, 79), 7901, e
(1, 79), 7902, y
(2, 79), 7903, k
(3, 79), 7904, e
(4, 79), 7905, y
(5, 79), 7906, k
(6, 79), 7907, e
(7, 79), 7908, y
(8, 79), 7909, k
(9, 79), 7910, e
(10, 79), 7911, y
(11, 79), 7912, k
(12, 79), 7913, e
(13, 79), 7914, y
(14, 79), 7915, k
(15, 79), 7916, e
(16, 79), 7917, y
(17, 79), 7918, k
(18, 79), 7919, e
(19, 79), 7920, y
(20, 79), 7921, k
(21, 79), 7922, e
(22, 79), 7923, y
(23, 79), 7924, k
(24, 79), 7925, e
(25, 79), 7926, y
(26, 79), 7927, k
(27, 79), 7928, e
(28, 79), 7929, y
(29, 79), 7930, k
(30, 79), 7931, e
(31, 79), 7932, y
(32, 79), 7933, k
(33, 79), 7934, e
(34, 79), 7935, y
(35, 79), 7936, k
(36, 79), 7937, e
(37, 79), 7938, y
(38, 79), 7939, k
(39, 79), 7940, e
(40, 79), 7941, y
(41, 79), 7942, k
(42, 79), 7943, e
(43, 79), 7944, y
(44, 79), 7945, k
(45, 79), 7946, e
(46, 79), 7947, y
(47, 79), 7948, k
(48, 79), 7949, e
(49, 79), 7950, y
(50, 79), 7951, k
(51, 79), 7952, e
(52, 79), 7953, y
(53, 79), 7954, k
(54, 79), 7955, e
(55, 79), 7956, y
(56, 79), 7957, k
(57, 79), 7958, e
(58, 79), 7959, y
(59, 79), 7960, k
(60, 79), 7961, e
(61, 79), 7962, y
(62, 79), 7963, k
(63, 79), 7964, e
(64, 79), 7965, y
(65, 79), 7966, k
(66, 79), 7967, e
(67, 79), 7968, y
(68, 79), 7969, k
(69, 79), 7970, e
(70, 79), 7971, y
(71, 79), 7972, k
(72, 79), 7973, e
(73, 79), 7974, y
(74, 79), 7975, k
(75, 79), 7976, e
(76, 79), 7977, y
(77, 79), 7978, k
(78, 79), 7979, e
(79, 79), 7980, y
(80, 79), 7981, k
(81, 79), 7982, e
(82, 79), 7983, y
(83, 79), 7984, k
(84, 79), 7985, e
(85, 79), 7986, y
(86, 79), 7987, k
(87, 79), 7988, e
(88, 79), 7989, y
(89, 79), 7990, k
(90, 79), 7991, e
(91, 79), 7992, y
(92, 79), 7993, k
(93, 79), 7994, e
(94, 79), 7995, y
(95, 79), 7996, k
(96, 79), 7997, e
(97, 79), 7998, y
(98, 79), 7999, k
(99, 79), 8000, e
(0, 80), 8001, y
(1, 80), 8002, k
(2, 80), 8003, e
(3, 80), 8004, y
(4, 80), 8005, k
(5, 80), 8006, e
(6, 80), 8007, y
(7, 80), 8008, k
(8, 80), 8009, e
(9, 80), 8010, y
(10, 80), 8011, k
(11, 80), 8012, e
(12, 80), 8013, y
(13, 80), 8014, k
(14, 80), 8015, e
(15, 80), 8016, y
(16, 80), 8017, k
(17, 80), 8018, e
(18, 80), 8019, y
(19, 80), 8020, k
(20, 80), 8021, e
(21, 80), 8022, y
(22, 80), 8023, k
(23, 80), 8024, e
(24, 80), 8025, y
(25, 80), 8026, k
(26, 80), 8027, e
(27, 80), 8028, y
(28, 80), 8029, k
(29, 80), 8030, e
(30, 80), 8031, y
(31, 80), 8032, k
(32, 80), 8033, e
(33, 80), 8034, y
(34, 80), 8035, k
(35, 80), 8036, e
(36, 80), 8037, y
(37, 80), 8038, k
(38, 80), 8039, e
(39, 80), 8040, y
(40, 80), 8041, k
(41, 80), 8042, e
(42, 80), 8043, y
(43, 80), 8044, k
(44, 80), 8045, e
(45, 80), 8046, y
(46, 80), 8047, k
(47, 80), 8048, e
(48, 80), 8049, y
(49, 80), 8050, k
(50, 80), 8051, e
(51, 80), 8052, y
(52, 80), 8053, k
(53, 80), 8054, e
(54, 80), 8055, y
(55, 80), 8056, k
(56, 80), 8057, e
(57, 80), 8058, y
(58, 80), 8059, k
(59, 80), 8060, e
(60, 80), 8061, y
(61, 80), 8062, k
(62, 80), 8063, e
(63, 80), 8064, y
(64, 80), 8065, k
(65, 80), 8066, e
(66, 80), 8067, y
(67, 80), 8068, k
(68, 80), 8069, e
(69, 80), 8070, y
(70, 80), 8071, k
(71, 80), 8072, e
(72, 80), 8073, y
(73, 80), 8074, k
(74, 80), 8075, e
(75, 80), 8076, y
(76, 80), 8077, k
(77, 80), 8078, e
(78, 80), 8079, y
(79, 80), 8080, k
(80, 80), 8081, e
(81, 80), 8082, y
(82, 80), 8083, k
(83, 80), 8084, e
(84, 80), 8085, y
(85, 80), 8086, k
(86, 80), 8087, e
(87, 80), 8088, y
(88, 80), 8089, k
(89, 80), 8090, e
(90, 80), 8091, y
(91, 80), 8092, k
(92, 80), 8093, e
(93, 80), 8094, y
(94, 80), 8095, k
(95, 80), 8096, e
(96, 80), 8097, y
(97, 80), 8098, k
(98, 80), 8099, e
(99, 80), 8100, y
(0, 81), 8101, k
(1, 81), 8102, e
(2, 81), 8103, y
(3, 81), 8104, k
(4, 81), 8105, e
(5, 81), 8106, y
(6, 81), 8107, k
(7, 81), 8108, e
(8, 81), 8109, y
(9, 81), 8110, k
(10, 81), 8111, e
(11, 81), 8112, y
(12, 81), 8113, k
(13, 81), 8114, e
(14, 81), 8115, y
(15, 81), 8116, k
(16, 81), 8117, e
(17, 81), 8118, y
(18, 81), 8119, k
(19, 81), 8120, e
(20, 81), 8121, y
(21, 81), 8122, k
(22, 81), 8123, e
(23, 81), 8124, y
(24, 81), 8125, k
(25, 81), 8126, e
(26, 81), 8127, y
(27, 81), 8128, k
(28, 81), 8129, e
(29, 81), 8130, y
(30, 81), 8131, k
(31, 81), 8132, e
(32, 81), 8133, y
(33, 81), 8134, k
(34, 81), 8135, e
(35, 81), 8136, y
(36, 81), 8137, k
(37, 81), 8138, e
(38, 81), 8139, y
(39, 81), 8140, k
(40, 81), 8141, e
(41, 81), 8142, y
(42, 81), 8143, k
(43, 81), 8144, e
(44, 81), 8145, y
(45, 81), 8146, k
(46, 81), 8147, e
(47, 81), 8148, y
(48, 81), 8149, k
(49, 81), 8150, e
(50, 81), 8151, y
(51, 81), 8152, k
(52, 81), 8153, e
(53, 81), 8154, y
(54, 81), 8155, k
(55, 81), 8156, e
(56, 81), 8157, y
(57, 81), 8158, k
(58, 81), 8159, e
(59, 81), 8160, y
(60, 81), 8161, k
(61, 81), 8162, e
(62, 81), 8163, y
(63, 81), 8164, k
(64, 81), 8165, e
(65, 81), 8166, y
(66, 81), 8167, k
(67, 81), 8168, e
(68, 81), 8169, y
(69, 81), 8170, k
(70, 81), 8171, e
(71, 81), 8172, y
(72, 81), 8173, k
(73, 81), 8174, e
(74, 81), 8175, y
(75, 81), 8176, k
(76, 81), 8177, e
(77, 81), 8178, y
(78, 81), 8179, k
(79, 81), 8180, e
(80, 81), 8181, y
(81, 81), 8182, k
(82, 81), 8183, e
(83, 81), 8184, y
(84, 81), 8185, k
(85, 81), 8186, e
(86, 81), 8187, y
(87, 81), 8188, k
(88, 81), 8189, e
(89, 81), 8190, y
(90, 81), 8191, k
(91, 81), 8192, e
(92, 81), 8193, y
(93, 81), 8194, k
(94, 81), 8195, e
(95, 81), 8196, y
(96, 81), 8197, k
(97, 81), 8198, e
(98, 81), 8199, y
(99, 81), 8200, k
(0, 82), 8201, e
(1, 82), 8202, y
(2, 82), 8203, k
(3, 82), 8204, e
(4, 82), 8205, y
(5, 82), 8206, k
(6, 82), 8207, e
(7, 82), 8208, y
(8, 82), 8209, k
(9, 82), 8210, e
(10, 82), 8211, y
(11, 82), 8212, k
(12, 82), 8213, e
(13, 82), 8214, y
(14, 82), 8215, k
(15, 82), 8216, e
(16, 82), 8217, y
(17, 82), 8218, k
(18, 82), 8219, e
(19, 82), 8220, y
(20, 82), 8221, k
(21, 82), 8222, e
(22, 82), 8223, y
(23, 82), 8224, k
(24, 82), 8225, e
(25, 82), 8226, y
(26, 82), 8227, k
(27, 82), 8228, e
(28, 82), 8229, y
(29, 82), 8230, k
(30, 82), 8231, e
(31, 82), 8232, y
(32, 82), 8233, k
(33, 82), 8234, e
(34, 82), 8235, y
(35, 82), 8236, k
(36, 82), 8237, e
(37, 82), 8238, y
(38, 82), 8239, k
(39, 82), 8240, e
(40, 82), 8241, y
(41, 82), 8242, k
(42, 82), 8243, e
(43, 82), 8244, y
(44, 82), 8245, k
(45, 82), 8246, e
(46, 82), 8247, y
(47, 82), 8248, k
(48, 82), 8249, e
(49, 82), 8250, y
(50, 82), 8251, k
(51, 82), 8252, e
(52, 82), 8253, y
(53, 82), 8254, k
(54, 82), 8255, e
(55, 82), 8256, y
(56, 82), 8257, k
(57, 82), 8258, e
(58, 82), 8259, y
(59, 82), 8260, k
(60, 82), 8261, e
(61, 82), 8262, y
(62, 82), 8263, k
(63, 82), 8264, e
(64, 82), 8265, y
(65, 82), 8266, k
(66, 82), 8267, e
(67, 82), 8268, y
(68, 82), 8269, k
(69, 82), 8270, e
(70, 82), 8271, y
(71, 82), 8272, k
(72, 82), 8273, e
(73, 82), 8274, y
(74, 82), 8275, k
(75, 82), 8276, e
(76, 82), 8277, y
(77, 82), 8278, k
(78, 82), 8279, e
(79, 82), 8280, y
(80, 82), 8281, k
(81, 82), 8282, e
(82, 82), 8283, y
(83, 82), 8284, k
(84, 82), 8285, e
(85, 82), 8286, y
(86, 82), 8287, k
(87, 82), 8288, e
(88, 82), 8289, y
(89, 82), 8290, k
(90, 82), 8291, e
(91, 82), 8292, y
(92, 82), 8293, k
(93, 82), 8294, e
(94, 82), 8295, y
(95, 82), 8296, k
(96, 82), 8297, e
(97, 82), 8298, y
(98, 82), 8299, k
(99, 82), 8300, e
(0, 83), 8301, y
(1, 83), 8302, k
(2, 83), 8303, e
(3, 83), 8304, y
(4, 83), 8305, k
(5, 83), 8306, e
(6, 83), 8307, y
(7, 83), 8308, k
(8, 83), 8309, e
(9, 83), 8310, y
(10, 83), 8311, k
(11, 83), 8312, e
(12, 83), 8313, y
(13, 83), 8314, k
(14, 83), 8315, e
(15, 83), 8316, y
(16, 83), 8317, k
(17, 83), 8318, e
(18, 83), 8319, y
(19, 83), 8320, k
(20, 83), 8321, e
(21, 83), 8322, y
(22, 83), 8323, k
(23, 83), 8324, e
(24, 83), 8325, y
(25, 83), 8326, k
(26, 83), 8327, e
(27, 83), 8328, y
(28, 83), 8329, k
(29, 83), 8330, e
(30, 83), 8331, y
(31, 83), 8332, k
(32, 83), 8333, e
(33, 83), 8334, y
(34, 83), 8335, k
(35, 83), 8336, e
(36, 83), 8337, y
(37, 83), 8338, k
(38, 83), 8339, e
(39, 83), 8340, y
(40, 83), 8341, k
(41, 83), 8342, e
(42, 83), 8343, y
(43, 83), 8344, k
(44, 83), 8345, e
(45, 83), 8346, y
(46, 83), 8347, k
(47, 83), 8348, e
(48, 83), 8349, y
(49, 83), 8350, k
(50, 83), 8351, e
(51, 83), 8352, y
(52, 83), 8353, k
(53, 83), 8354, e
(54, 83), 8355, y
(55, 83), 8356, k
(56, 83), 8357, e
(57, 83), 8358, y
(58, 83), 8359, k
(59, 83), 8360, e
(60, 83), 8361, y
(61, 83), 8362, k
(62, 83), 8363, e
(63, 83), 8364, y
(64, 83), 8365, k
(65, 83), 8366, e
(66, 83), 8367, y
(67, 83), 8368, k
(68, 83), 8369, e
(69, 83), 8370, y
(70, 83), 8371, k
(71, 83), 8372, e
(72, 83), 8373, y
(73, 83), 8374, k
(74, 83), 8375, e
(75, 83), 8376, y
(76, 83), 8377, k
(77, 83), 8378, e
(78, 83), 8379, y
(79, 83), 8380, k
(80, 83), 8381, e
(81, 83), 8382, y
(82, 83), 8383, k
(83, 83), 8384, e
(84, 83), 8385, y
(85, 83), 8386, k
(86, 83), 8387, e
(87, 83), 8388, y
(88, 83), 8389, k
(89, 83), 8390, e
(90, 83), 8391, y
(91, 83), 8392, k
(92, 83), 8393, e
(93, 83), 8394, y
(94, 83), 8395, k
(95, 83), 8396, e
(96, 83), 8397, y
(97, 83), 8398, k
(98, 83), 8399, e
(99, 83), 8400, y
(0, 84), 8401, k
(1, 84), 8402, e
(2, 84), 8403, y
(3, 84), 8404, k
(4, 84), 8405, e
(5, 84), 8406, y
(6, 84), 8407, k
(7, 84), 8408, e
(8, 84), 8409, y
(9, 84), 8410, k
(10, 84), 8411, e
(11, 84), 8412, y
(12, 84), 8413, k
(13, 84), 8414, e
(14, 84), 8415, y
(15, 84), 8416, k
(16, 84), 8417, e
(17, 84), 8418, y
(18, 84), 8419, k
(19, 84), 8420, e
(20, 84), 8421, y
(21, 84), 8422, k
(22, 84), 8423, e
(23, 84), 8424, y
(24, 84), 8425, k
(25, 84), 8426, e
(26, 84), 8427, y
(27, 84), 8428, k
(28, 84), 8429, e
(29, 84), 8430, y
(30, 84), 8431, k
(31, 84), 8432, e
(32, 84), 8433, y
(33, 84), 8434, k
(34, 84), 8435, e
(35, 84), 8436, y
(36, 84), 8437, k
(37, 84), 8438, e
(38, 84), 8439, y
(39, 84), 8440, k
(40, 84), 8441, e
(41, 84), 8442, y
(42, 84), 8443, k
(43, 84), 8444, e
(44, 84), 8445, y
(45, 84), 8446, k
(46, 84), 8447, e
(47, 84), 8448, y
(48, 84), 8449, k
(49, 84), 8450, e
(50, 84), 8451, y
(51, 84), 8452, k
(52, 84), 8453, e
(53, 84), 8454, y
(54, 84), 8455, k
(55, 84), 8456, e
(56, 84), 8457, y
(57, 84), 8458, k
(58, 84), 8459, e
(59, 84), 8460, y
(60, 84), 8461, k
(61, 84), 8462, e
(62, 84), 8463, y
(63, 84), 8464, k
(64, 84), 8465, e
(65, 84), 8466, y
(66, 84), 8467, k
(67, 84), 8468, e
(68, 84), 8469, y
(69, 84), 8470, k
(70, 84), 8471, e
(71, 84), 8472, y
(72, 84), 8473, k
(73, 84), 8474, e
(74, 84), 8475, y
(75, 84), 8476, k
(76, 84), 8477, e
(77, 84), 8478, y
(78, 84), 8479, k
(79, 84), 8480, e
(80, 84), 8481, y
(81, 84), 8482, k
(82, 84), 8483, e
(83, 84), 8484, y
(84, 84), 8485, k
(85, 84), 8486, e
(86, 84), 8487, y
(87, 84), 8488, k
(88, 84), 8489, e
(89, 84), 8490, y
(90, 84), 8491, k
(91, 84), 8492, e
(92, 84), 8493, y
(93, 84), 8494, k
(94, 84), 8495, e
(95, 84), 8496, y
(96, 84), 8497, k
(97, 84), 8498, e
(98, 84), 8499, y
(99, 84), 8500, k
(0, 85), 8501, e
(1, 85), 8502, y
(2, 85), 8503, k
(3, 85), 8504, e
(4, 85), 8505, y
(5, 85), 8506, k
(6, 85), 8507, e
(7, 85), 8508, y
(8, 85), 8509, k
(9, 85), 8510, e
(10, 85), 8511, y
(11, 85), 8512, k
(12, 85), 8513, e
(13, 85), 8514, y
(14, 85), 8515, k
(15, 85), 8516, e
(16, 85), 8517, y
(17, 85), 8518, k
(18, 85), 8519, e
(19, 85), 8520, y
(20, 85), 8521, k
(21, 85), 8522, e
(22, 85), 8523, y
(23, 85), 8524, k
(24, 85), 8525, e
(25, 85), 8526, y
(26, 85), 8527, k
(27, 85), 8528, e
(28, 85), 8529, y
(29, 85), 8530, k
(30, 85), 8531, e
(31, 85), 8532, y
(32, 85), 8533, k
(33, 85), 8534, e
(34, 85), 8535, y
(35, 85), 8536, k
(36, 85), 8537, e
(37, 85), 8538, y
(38, 85), 8539, k
(39, 85), 8540, e
(40, 85), 8541, y
(41, 85), 8542, k
(42, 85), 8543, e
(43, 85), 8544, y
(44, 85), 8545, k
(45, 85), 8546, e
(46, 85), 8547, y
(47, 85), 8548, k
(48, 85), 8549, e
(49, 85), 8550, y
(50, 85), 8551, k
(51, 85), 8552, e
(52, 85), 8553, y
(53, 85), 8554, k
(54, 85), 8555, e
(55, 85), 8556, y
(56, 85), 8557, k
(57, 85), 8558, e
(58, 85), 8559, y
(59, 85), 8560, k
(60, 85), 8561, e
(61, 85), 8562, y
(62, 85), 8563, k
(63, 85), 8564, e
(64, 85), 8565, y
(65, 85), 8566, k
(66, 85), 8567, e
(67, 85), 8568, y
(68, 85), 8569, k
(69, 85), 8570, e
(70, 85), 8571, y
(71, 85), 8572, k
(72, 85), 8573, e
(73, 85), 8574, y
(74, 85), 8575, k
(75, 85), 8576, e
(76, 85), 8577, y
(77, 85), 8578, k
(78, 85), 8579, e
(79, 85), 8580, y
(80, 85), 8581, k
(81, 85), 8582, e
(82, 85), 8583, y
(83, 85), 8584, k
(84, 85), 8585, e
(85, 85), 8586, y
(86, 85), 8587, k
(87, 85), 8588, e
(88, 85), 8589, y
(89, 85), 8590, k
(90, 85), 8591, e
(91, 85), 8592, y
(92, 85), 8593, k
(93, 85), 8594, e
(94, 85), 8595, y
(95, 85), 8596, k
(96, 85), 8597, e
(97, 85), 8598, y
(98, 85), 8599, k
(99, 85), 8600, e
(0, 86), 8601, y
(1, 86), 8602, k
(2, 86), 8603, e
(3, 86), 8604, y
(4, 86), 8605, k
(5, 86), 8606, e
(6, 86), 8607, y
(7, 86), 8608, k
(8, 86), 8609, e
(9, 86), 8610, y
(10, 86), 8611, k
(11, 86), 8612, e
(12, 86), 8613, y
(13, 86), 8614, k
(14, 86), 8615, e
(15, 86), 8616, y
(16, 86), 8617, k
(17, 86), 8618, e
(18, 86), 8619, y
(19, 86), 8620, k
(20, 86), 8621, e
(21, 86), 8622, y
(22, 86), 8623, k
(23, 86), 8624, e
(24, 86), 8625, y
(25, 86), 8626, k
(26, 86), 8627, e
(27, 86), 8628, y
(28, 86), 8629, k
(29, 86), 8630, e
(30, 86), 8631, y
(31, 86), 8632, k
(32, 86), 8633, e
(33, 86), 8634, y
(34, 86), 8635, k
(35, 86), 8636, e
(36, 86), 8637, y
(37, 86), 8638, k
(38, 86), 8639, e
(39, 86), 8640, y
(40, 86), 8641, k
(41, 86), 8642, e
(42, 86), 8643, y
(43, 86), 8644, k
(44, 86), 8645, e
(45, 86), 8646, y
(46, 86), 8647, k
(47, 86), 8648, e
(48, 86), 8649, y
(49, 86), 8650, k
(50, 86), 8651, e
(51, 86), 8652, y
(52, 86), 8653, k
(53, 86), 8654, e
(54, 86), 8655, y
(55, 86), 8656, k
(56, 86), 8657, e
(57, 86), 8658, y
(58, 86), 8659, k
(59, 86), 8660, e
(60, 86), 8661, y
(61, 86), 8662, k
(62, 86), 8663, e
(63, 86), 8664, y
(64, 86), 8665, k
(65, 86), 8666, e
(66, 86), 8667, y
(67, 86), 8668, k
(68, 86), 8669, e
(69, 86), 8670, y
(70, 86), 8671, k
(71, 86), 8672, e
(72, 86), 8673, y
(73, 86), 8674, k
(74, 86), 8675, e
(75, 86), 8676, y
(76, 86), 8677, k
(77, 86), 8678, e
(78, 86), 8679, y
(79, 86), 8680, k
(80, 86), 8681, e
(81, 86), 8682, y
(82, 86), 8683, k
(83, 86), 8684, e
(84, 86), 8685, y
(85, 86), 8686, k
(86, 86), 8687, e
(87, 86), 8688, y
(88, 86), 8689, k
(89, 86), 8690, e
(90, 86), 8691, y
(91, 86), 8692, k
(92, 86), 8693, e
(93, 86), 8694, y
(94, 86), 8695, k
(95, 86), 8696, e
(96, 86), 8697, y
(97, 86), 8698, k
(98, 86), 8699, e
(99, 86), 8700, y
(0, 87), 8701, k
(1, 87), 8702, e
(2, 87), 8703, y
(3, 87), 8704, k
(4, 87), 8705, e
(5, 87), 8706, y
(6, 87), 8707, k
(7, 87), 8708, e
(8, 87), 8709, y
(9, 87), 8710, k
(10, 87), 8711, e
(11, 87), 8712, y
(12, 87), 8713, k
(13, 87), 8714, e
(14, 87), 8715, y
(15, 87), 8716, k
(16, 87), 8717, e
(17, 87), 8718, y
(18, 87), 8719, k
(19, 87), 8720, e
(20, 87), 8721, y
(21, 87), 8722, k
(22, 87), 8723, e
(23, 87), 8724, y
(24, 87), 8725, k
(25, 87), 8726, e
(26, 87), 8727, y
(27, 87), 8728, k
(28, 87), 8729, e
(29, 87), 8730, y
(30, 87), 8731, k
(31, 87), 8732, e
(32, 87), 8733, y
(33, 87), 8734, k
(34, 87), 8735, e
(35, 87), 8736, y
(36, 87), 8737, k
(37, 87), 8738, e
(38, 87), 8739, y
(39, 87), 8740, k
(40, 87), 8741, e
(41, 87), 8742, y
(42, 87), 8743, k
(43, 87), 8744, e
(44, 87), 8745, y
(45, 87), 8746, k
(46, 87), 8747, e
(47, 87), 8748, y
(48, 87), 8749, k
(49, 87), 8750, e
(50, 87), 8751, y
(51, 87), 8752, k
(52, 87), 8753, e
(53, 87), 8754, y
(54, 87), 8755, k
(55, 87), 8756, e
(56, 87), 8757, y
(57, 87), 8758, k
(58, 87), 8759, e
(59, 87), 8760, y
(60, 87), 8761, k
(61, 87), 8762, e
(62, 87), 8763, y
(63, 87), 8764, k
(64, 87), 8765, e
(65, 87), 8766, y
(66, 87), 8767, k
(67, 87), 8768, e
(68, 87), 8769, y
(69, 87), 8770, k
(70, 87), 8771, e
(71, 87), 8772, y
(72, 87), 8773, k
(73, 87), 8774, e
(74, 87), 8775, y
(75, 87), 8776, k
(76, 87), 8777, e
(77, 87), 8778, y
(78, 87), 8779, k
(79, 87), 8780, e
(80, 87), 8781, y
(81, 87), 8782, k
(82, 87), 8783, e
(83, 87), 8784, y
(84, 87), 8785, k
(85, 87), 8786, e
(86, 87), 8787, y
(87, 87), 8788, k
(88, 87), 8789, e
(89, 87), 8790, y
(90, 87), 8791, k
(91, 87), 8792, e
(92, 87), 8793, y
(93, 87), 8794, k
(94, 87), 8795, e
(95, 87), 8796, y
(96, 87), 8797, k
(97, 87), 8798, e
(98, 87), 8799, y
(99, 87), 8800, k
(0, 88), 8801, e
(1, 88), 8802, y
(2, 88), 8803, k
(3, 88), 8804, e
(4, 88), 8805, y
(5, 88), 8806, k
(6, 88), 8807, e
(7, 88), 8808, y
(8, 88), 8809, k
(9, 88), 8810, e
(10, 88), 8811, y
(11, 88), 8812, k
(12, 88), 8813, e
(13, 88), 8814, y
(14, 88), 8815, k
(15, 88), 8816, e
(16, 88), 8817, y
(17, 88), 8818, k
(18, 88), 8819, e
(19, 88), 8820, y
(20, 88), 8821, k
(21, 88), 8822, e
(22, 88), 8823, y
(23, 88), 8824, k
(24, 88), 8825, e
(25, 88), 8826, y
(26, 88), 8827, k
(27, 88), 8828, e
(28, 88), 8829, y
(29, 88), 8830, k
(30, 88), 8831, e
(31, 88), 8832, y
(32, 88), 8833, k
(33, 88), 8834, e
(34, 88), 8835, y
(35, 88), 8836, k
(36, 88), 8837, e
(37, 88), 8838, y
(38, 88), 8839, k
(39, 88), 8840, e
(40, 88), 8841, y
(41, 88), 8842, k
(42, 88), 8843, e
(43, 88), 8844, y
(44, 88), 8845, k
(45, 88), 8846, e
(46, 88), 8847, y
(47, 88), 8848, k
(48, 88), 8849, e
(49, 88), 8850, y
(50, 88), 8851, k
(51, 88), 8852, e
(52, 88), 8853, y
(53, 88), 8854, k
(54, 88), 8855, e
(55, 88), 8856, y
(56, 88), 8857, k
(57, 88), 8858, e
(58, 88), 8859, y
(59, 88), 8860, k
(60, 88), 8861, e
(61, 88), 8862, y
(62, 88), 8863, k
(63, 88), 8864, e
(64, 88), 8865, y
(65, 88), 8866, k
(66, 88), 8867, e
(67, 88), 8868, y
(68, 88), 8869, k
(69, 88), 8870, e
(70, 88), 8871, y
(71, 88), 8872, k
(72, 88), 8873, e
(73, 88), 8874, y
(74, 88), 8875, k
(75, 88), 8876, e
(76, 88), 8877, y
(77, 88), 8878, k
(78, 88), 8879, e
(79, 88), 8880, y
(80, 88), 8881, k
(81, 88), 8882, e
(82, 88), 8883, y
(83, 88), 8884, k
(84, 88), 8885, e
(85, 88), 8886, y
(86, 88), 8887, k
(87, 88), 8888, e
(88, 88), 8889, y
(89, 88), 8890, k
(90, 88), 8891, e
(91, 88), 8892, y
(92, 88), 8893, k
(93, 88), 8894, e
(94, 88), 8895, y
(95, 88), 8896, k
(96, 88), 8897, e
(97, 88), 8898, y
(98, 88), 8899, k
(99, 88), 8900, e
(0, 89), 8901, y
(1, 89), 8902, k
(2, 89), 8903, e
(3, 89), 8904, y
(4, 89), 8905, k
(5, 89), 8906, e
(6, 89), 8907, y
(7, 89), 8908, k
(8, 89), 8909, e
(9, 89), 8910, y
(10, 89), 8911, k
(11, 89), 8912, e
(12, 89), 8913, y
(13, 89), 8914, k
(14, 89), 8915, e
(15, 89), 8916, y
(16, 89), 8917, k
(17, 89), 8918, e
(18, 89), 8919, y
(19, 89), 8920, k
(20, 89), 8921, e
(21, 89), 8922, y
(22, 89), 8923, k
(23, 89), 8924, e
(24, 89), 8925, y
(25, 89), 8926, k
(26, 89), 8927, e
(27, 89), 8928, y
(28, 89), 8929, k
(29, 89), 8930, e
(30, 89), 8931, y
(31, 89), 8932, k
(32, 89), 8933, e
(33, 89), 8934, y
(34, 89), 8935, k
(35, 89), 8936, e
(36, 89), 8937, y
(37, 89), 8938, k
(38, 89), 8939, e
(39, 89), 8940, y
(40, 89), 8941, k
(41, 89), 8942, e
(42, 89), 8943, y
(43, 89), 8944, k
(44, 89), 8945, e
(45, 89), 8946, y
(46, 89), 8947, k
(47, 89), 8948, e
(48, 89), 8949, y
(49, 89), 8950, k
(50, 89), 8951, e
(51, 89), 8952, y
(52, 89), 8953, k
(53, 89), 8954, e
(54, 89), 8955, y
(55, 89), 8956, k
(56, 89), 8957, e
(57, 89), 8958, y
(58, 89), 8959, k
(59, 89), 8960, e
(60, 89), 8961, y
(61, 89), 8962, k
(62, 89), 8963, e
(63, 89), 8964, y
(64, 89), 8965, k
(65, 89), 8966, e
(66, 89), 8967, y
(67, 89), 8968, k
(68, 89), 8969, e
(69, 89), 8970, y
(70, 89), 8971, k
(71, 89), 8972, e
(72, 89), 8973, y
(73, 89), 8974, k
(74, 89), 8975, e
(75, 89), 8976, y
(76, 89), 8977, k
(77, 89), 8978, e
(78, 89), 8979, y
(79, 89), 8980, k
(80, 89), 8981, e
(81, 89), 8982, y
(82, 89), 8983, k
(83, 89), 8984, e
(84, 89), 8985, y
(85, 89), 8986, k
(86, 89), 8987, e
(87, 89), 8988, y
(88, 89), 8989, k
(89, 89), 8990, e
(90, 89), 8991, y
(91, 89), 8992, k
(92, 89), 8993, e
(93, 89), 8994, y
(94, 89), 8995, k
(95, 89), 8996, e
(96, 89), 8997, y
(97, 89), 8998, k
(98, 89), 8999, e
(99, 89), 9000, y
(0, 90), 9001, k
(1, 90), 9002, e
(2, 90), 9003, y
(3, 90), 9004, k
(4, 90), 9005, e
(5, 90), 9006, y
(6, 90), 9007, k
(7, 90), 9008, e
(8, 90), 9009, y
(9, 90), 9010, k
(10, 90), 9011, e
(11, 90), 9012, y
(12, 90), 9013, k
(13, 90), 9014, e
(14, 90), 9015, y
(15, 90), 9016, k
(16, 90), 9017, e
(17, 90), 9018, y
(18, 90), 9019, k
(19, 90), 9020, e
(20, 90), 9021, y
(21, 90), 9022, k
(22, 90), 9023, e
(23, 90), 9024, y
(24, 90), 9025, k
(25, 90), 9026, e
(26, 90), 9027, y
(27, 90), 9028, k
(28, 90), 9029, e
(29, 90), 9030, y
(30, 90), 9031, k
(31, 90), 9032, e
(32, 90), 9033, y
(33, 90), 9034, k
(34, 90), 9035, e
(35, 90), 9036, y
(36, 90), 9037, k
(37, 90), 9038, e
(38, 90), 9039, y
(39, 90), 9040, k
(40, 90), 9041, e
(41, 90), 9042, y
(42, 90), 9043, k
(43, 90), 9044, e
(44, 90), 9045, y
(45, 90), 9046, k
(46, 90), 9047, e
(47, 90), 9048, y
(48, 90), 9049, k
(49, 90), 9050, e
(50, 90), 9051, y
(51, 90), 9052, k
(52, 90), 9053, e
(53, 90), 9054, y
(54, 90), 9055, k
(55, 90), 9056, e
(56, 90), 9057, y
(57, 90), 9058, k
(58, 90), 9059, e
(59, 90), 9060, y
(60, 90), 9061, k
(61, 90), 9062, e
(62, 90), 9063, y
(63, 90), 9064, k
(64, 90), 9065, e
(65, 90), 9066, y
(66, 90), 9067, k
(67, 90), 9068, e
(68, 90), 9069, y
(69, 90), 9070, k
(70, 90), 9071, e
(71, 90), 9072, y
(72, 90), 9073, k
(73, 90), 9074, e
(74, 90), 9075, y
(75, 90), 9076, k
(76, 90), 9077, e
(77, 90), 9078, y
(78, 90), 9079, k
(79, 90), 9080, e
(80, 90), 9081, y
(81, 90), 9082, k
(82, 90), 9083, e
(83, 90), 9084, y
(84, 90), 9085, k
(85, 90), 9086, e
(86, 90), 9087, y
(87, 90), 9088, k
(88, 90), 9089, e
(89, 90), 9090, y
(90, 90), 9091, k
(91, 90), 9092, e
(92, 90), 9093, y
(93, 90), 9094, k
(94, 90), 9095, e
(95, 90), 9096, y
(96, 90), 9097, k
(97, 90), 9098, e
(98, 90), 9099, y
(99, 90), 9100, k
(0, 91), 9101, e
(1, 91), 9102, y
(2, 91), 9103, k
(3, 91), 9104, e
(4, 91), 9105, y
(5, 91), 9106, k
(6, 91), 9107, e
(7, 91), 9108, y
(8, 91), 9109, k
(9, 91), 9110, e
(10, 91), 9111, y
(11, 91), 9112, k
(12, 91), 9113, e
(13, 91), 9114, y
(14, 91), 9115, k
(15, 91), 9116, e
(16, 91), 9117, y
(17, 91), 9118, k
(18, 91), 9119, e
(19, 91), 9120, y
(20, 91), 9121, k
(21, 91), 9122, e
(22, 91), 9123, y
(23, 91), 9124, k
(24, 91), 9125, e
(25, 91), 9126, y
(26, 91), 9127, k
(27, 91), 9128, e
(28, 91), 9129, y
(29, 91), 9130, k
(30, 91), 9131, e
(31, 91), 9132, y
(32, 91), 9133, k
(33, 91), 9134, e
(34, 91), 9135, y
(35, 91), 9136, k
(36, 91), 9137, e
(37, 91), 9138, y
(38, 91), 9139, k
(39, 91), 9140, e
(40, 91), 9141, y
(41, 91), 9142, k
(42, 91), 9143, e
(43, 91), 9144, y
(44, 91), 9145, k
(45, 91), 9146, e
(46, 91), 9147, y
(47, 91), 9148, k
(48, 91), 9149, e
(49, 91), 9150, y
(50, 91), 9151, k
(51, 91), 9152, e
(52, 91), 9153, y
(53, 91), 9154, k
(54, 91), 9155, e
(55, 91), 9156, y
(56, 91), 9157, k
(57, 91), 9158, e
(58, 91), 9159, y
(59, 91), 9160, k
(60, 91), 9161, e
(61, 91), 9162, y
(62, 91), 9163, k
(63, 91), 9164, e
(64, 91), 9165, y
(65, 91), 9166, k
(66, 91), 9167, e
(67, 91), 9168, y
(68, 91), 9169, k
(69, 91), 9170, e
(70, 91), 9171, y
(71, 91), 9172, k
(72, 91), 9173, e
(73, 91), 9174, y
(74, 91), 9175, k
(75, 91), 9176, e
(76, 91), 9177, y
(77, 91), 9178, k
(78, 91), 9179, e
(79, 91), 9180, y
(80, 91), 9181, k
(81, 91), 9182, e
(82, 91), 9183, y
(83, 91), 9184, k
(84, 91), 9185, e
(85, 91), 9186, y
(86, 91), 9187, k
(87, 91), 9188, e
(88, 91), 9189, y
(89, 91), 9190, k
(90, 91), 9191, e
(91, 91), 9192, y
(92, 91), 9193, k
(93, 91), 9194, e
(94, 91), 9195, y
(95, 91), 9196, k
(96, 91), 9197, e
(97, 91), 9198, y
(98, 91), 9199, k
(99, 91), 9200, e
(0, 92), 9201, y
(1, 92), 9202, k
(2, 92), 9203, e
(3, 92), 9204, y
(4, 92), 9205, k
(5, 92), 9206, e
(6, 92), 9207, y
(7, 92), 9208, k
(8, 92), 9209, e
(9, 92), 9210, y
(10, 92), 9211, k
(11, 92), 9212, e
(12, 92), 9213, y
(13, 92), 9214, k
(14, 92), 9215, e
(15, 92), 9216, y
(16, 92), 9217, k
(17, 92), 9218, e
(18, 92), 9219, y
(19, 92), 9220, k
(20, 92), 9221, e
(21, 92), 9222, y
(22, 92), 9223, k
(23, 92), 9224, e
(24, 92), 9225, y
(25, 92), 9226, k
(26, 92), 9227, e
(27, 92), 9228, y
(28, 92), 9229, k
(29, 92), 9230, e
(30, 92), 9231, y
(31, 92), 9232, k
(32, 92), 9233, e
(33, 92), 9234, y
(34, 92), 9235, k
(35, 92), 9236, e
(36, 92), 9237, y
(37, 92), 9238, k
(38, 92), 9239, e
(39, 92), 9240, y
(40, 92), 9241, k
(41, 92), 9242, e
(42, 92), 9243, y
(43, 92), 9244, k
(44, 92), 9245, e
(45, 92), 9246, y
(46, 92), 9247, k
(47, 92), 9248, e
(48, 92), 9249, y
(49, 92), 9250, k
(50, 92), 9251, e
(51, 92), 9252, y
(52, 92), 9253, k
(53, 92), 9254, e
(54, 92), 9255, y
(55, 92), 9256, k
(56, 92), 9257, e
(57, 92), 9258, y
(58, 92), 9259, k
(59, 92), 9260, e
(60, 92), 9261, y
(61, 92), 9262, k
(62, 92), 9263, e
(63, 92), 9264, y
(64, 92), 9265, k
(65, 92), 9266, e
(66, 92), 9267, y
(67, 92), 9268, k
(68, 92), 9269, e
(69, 92), 9270, y
(70, 92), 9271, k
(71, 92), 9272, e
(72, 92), 9273, y
(73, 92), 9274, k
(74, 92), 9275, e
(75, 92), 9276, y
(76, 92), 9277, k
(77, 92), 9278, e
(78, 92), 9279, y
(79, 92), 9280, k
(80, 92), 9281, e
(81, 92), 9282, y
(82, 92), 9283, k
(83, 92), 9284, e
(84, 92), 9285, y
(85, 92), 9286, k
(86, 92), 9287, e
(87, 92), 9288, y
(88, 92), 9289, k
(89, 92), 9290, e
(90, 92), 9291, y
(91, 92), 9292, k
(92, 92), 9293, e
(93, 92), 9294, y
(94, 92), 9295, k
(95, 92), 9296, e
(96, 92), 9297, y
(97, 92), 9298, k
(98, 92), 9299, e
(99, 92), 9300, y
(0, 93), 9301, k
(1, 93), 9302, e
(2, 93), 9303, y
(3, 93), 9304, k
(4, 93), 9305, e
(5, 93), 9306, y
(6, 93), 9307, k
(7, 93), 9308, e
(8, 93), 9309, y
(9, 93), 9310, k
(10, 93), 9311, e
(11, 93), 9312, y
(12, 93), 9313, k
(13, 93), 9314, e
(14, 93), 9315, y
(15, 93), 9316, k
(16, 93), 9317, e
(17, 93), 9318, y
(18, 93), 9319, k
(19, 93), 9320, e
(20, 93), 9321, y
(21, 93), 9322, k
(22, 93), 9323, e
(23, 93), 9324, y
(24, 93), 9325, k
(25, 93), 9326, e
(26, 93), 9327, y
(27, 93), 9328, k
(28, 93), 9329, e
(29, 93), 9330, y
(30, 93), 9331, k
(31, 93), 9332, e
(32, 93), 9333, y
(33, 93), 9334, k
(34, 93), 9335, e
(35, 93), 9336, y
(36, 93), 9337, k
(37, 93), 9338, e
(38, 93), 9339, y
(39, 93), 9340, k
(40, 93), 9341, e
(41, 93), 9342, y
(42, 93), 9343, k
(43, 93), 9344, e
(44, 93), 9345, y
(45, 93), 9346, k
(46, 93), 9347, e
(47, 93), 9348, y
(48, 93), 9349, k
(49, 93), 9350, e
(50, 93), 9351, y
(51, 93), 9352, k
(52, 93), 9353, e
(53, 93), 9354, y
(54, 93), 9355, k
(55, 93), 9356, e
(56, 93), 9357, y
(57, 93), 9358, k
(58, 93), 9359, e
(59, 93), 9360, y
(60, 93), 9361, k
(61, 93), 9362, e
(62, 93), 9363, y
(63, 93), 9364, k
(64, 93), 9365, e
(65, 93), 9366, y
(66, 93), 9367, k
(67, 93), 9368, e
(68, 93), 9369, y
(69, 93), 9370, k
(70, 93), 9371, e
(71, 93), 9372, y
(72, 93), 9373, k
(73, 93), 9374, e
(74, 93), 9375, y
(75, 93), 9376, k
(76, 93), 9377, e
(77, 93), 9378, y
(78, 93), 9379, k
(79, 93), 9380, e
(80, 93), 9381, y
(81, 93), 9382, k
(82, 93), 9383, e
(83, 93), 9384, y
(84, 93), 9385, k
(85, 93), 9386, e
(86, 93), 9387, y
(87, 93), 9388, k
(88, 93), 9389, e
(89, 93), 9390, y
(90, 93), 9391, k
(91, 93), 9392, e
(92, 93), 9393, y
(93, 93), 9394, k
(94, 93), 9395, e
(95, 93), 9396, y
(96, 93), 9397, k
(97, 93), 9398, e
(98, 93), 9399, y
(99, 93), 9400, k
(0, 94), 9401, e
(1, 94), 9402, y
(2, 94), 9403, k
(3, 94), 9404, e
(4, 94), 9405, y
(5, 94), 9406, k
(6, 94), 9407, e
(7, 94), 9408, y
(8, 94), 9409, k
(9, 94), 9410, e
(10, 94), 9411, y
(11, 94), 9412, k
(12, 94), 9413, e
(13, 94), 9414, y
(14, 94), 9415, k
(15, 94), 9416, e
(16, 94), 9417, y
(17, 94), 9418, k
(18, 94), 9419, e
(19, 94), 9420, y
(20, 94), 9421, k
(21, 94), 9422, e
(22, 94), 9423, y
(23, 94), 9424, k
(24, 94), 9425, e
(25, 94), 9426, y
(26, 94), 9427, k
(27, 94), 9428, e
(28, 94), 9429, y
(29, 94), 9430, k
(30, 94), 9431, e
(31, 94), 9432, y
(32, 94), 9433, k
(33, 94), 9434, e
(34, 94), 9435, y
(35, 94), 9436, k
(36, 94), 9437, e
(37, 94), 9438, y
(38, 94), 9439, k
(39, 94), 9440, e
(40, 94), 9441, y
(41, 94), 9442, k
(42, 94), 9443, e
(43, 94), 9444, y
(44, 94), 9445, k
(45, 94), 9446, e
(46, 94), 9447, y
(47, 94), 9448, k
(48, 94), 9449, e
(49, 94), 9450, y
(50, 94), 9451, k
(51, 94), 9452, e
(52, 94), 9453, y
(53, 94), 9454, k
(54, 94), 9455, e
(55, 94), 9456, y
(56, 94), 9457, k
(57, 94), 9458, e
(58, 94), 9459, y
(59, 94), 9460, k
(60, 94), 9461, e
(61, 94), 9462, y
(62, 94), 9463, k
(63, 94), 9464, e
(64, 94), 9465, y
(65, 94), 9466, k
(66, 94), 9467, e
(67, 94), 9468, y
(68, 94), 9469, k
(69, 94), 9470, e
(70, 94), 9471, y
(71, 94), 9472, k
(72, 94), 9473, e
(73, 94), 9474, y
(74, 94), 9475, k
(75, 94), 9476, e
(76, 94), 9477, y
(77, 94), 9478, k
(78, 94), 9479, e
(79, 94), 9480, y
(80, 94), 9481, k
(81, 94), 9482, e
(82, 94), 9483, y
(83, 94), 9484, k
(84, 94), 9485, e
(85, 94), 9486, y
(86, 94), 9487, k
(87, 94), 9488, e
(88, 94), 9489, y
(89, 94), 9490, k
(90, 94), 9491, e
(91, 94), 9492, y
(92, 94), 9493, k
(93, 94), 9494, e
(94, 94), 9495, y
(95, 94), 9496, k
(96, 94), 9497, e
(97, 94), 9498, y
(98, 94), 9499, k
(99, 94), 9500, e
(0, 95), 9501, y
(1, 95), 9502, k
(2, 95), 9503, e
(3, 95), 9504, y
(4, 95), 9505, k
(5, 95), 9506, e
(6, 95), 9507, y
(7, 95), 9508, k
(8, 95), 9509, e
(9, 95), 9510, y
(10, 95), 9511, k
(11, 95), 9512, e
(12, 95), 9513, y
(13, 95), 9514, k
(14, 95), 9515, e
(15, 95), 9516, y
(16, 95), 9517, k
(17, 95), 9518, e
(18, 95), 9519, y
(19, 95), 9520, k
(20, 95), 9521, e
(21, 95), 9522, y
(22, 95), 9523, k
(23, 95), 9524, e
(24, 95), 9525, y
(25, 95), 9526, k
(26, 95), 9527, e
(27, 95), 9528, y
(28, 95), 9529, k
(29, 95), 9530, e
(30, 95), 9531, y
(31, 95), 9532, k
(32, 95), 9533, e
(33, 95), 9534, y
(34, 95), 9535, k
(35, 95), 9536, e
(36, 95), 9537, y
(37, 95), 9538, k
(38, 95), 9539, e
(39, 95), 9540, y
(40, 95), 9541, k
(41, 95), 9542, e
(42, 95), 9543, y
(43, 95), 9544, k
(44, 95), 9545, e
(45, 95), 9546, y
(46, 95), 9547, k
(47, 95), 9548, e
(48, 95), 9549, y
(49, 95), 9550, k
(50, 95), 9551, e
(51, 95), 9552, y
(52, 95), 9553, k
(53, 95), 9554, e
(54, 95), 9555, y
(55, 95), 9556, k
(56, 95), 9557, e
(57, 95), 9558, y
(58, 95), 9559, k
(59, 95), 9560, e
(60, 95), 9561, y
(61, 95), 9562, k
(62, 95), 9563, e
(63, 95), 9564, y
(64, 95), 9565, k
(65, 95), 9566, e
(66, 95), 9567, y
(67, 95), 9568, k
(68, 95), 9569, e
(69, 95), 9570, y
(70, 95), 9571, k
(71, 95), 9572, e
(72, 95), 9573, y
(73, 95), 9574, k
(74, 95), 9575, e
(75, 95), 9576, y
(76, 95), 9577, k
(77, 95), 9578, e
(78, 95), 9579, y
(79, 95), 9580, k
(80, 95), 9581, e
(81, 95), 9582, y
(82, 95), 9583, k
(83, 95), 9584, e
(84, 95), 9585, y
(85, 95), 9586, k
(86, 95), 9587, e
(87, 95), 9588, y
(88, 95), 9589, k
(89, 95), 9590, e
(90, 95), 9591, y
(91, 95), 9592, k
(92, 95), 9593, e
(93, 95), 9594, y
(94, 95), 9595, k
(95, 95), 9596, e
(96, 95), 9597, y
(97, 95), 9598, k
(98, 95), 9599, e
(99, 95), 9600, y
(0, 96), 9601, k
(1, 96), 9602, e
(2, 96), 9603, y
(3, 96), 9604, k
(4, 96), 9605, e
(5, 96), 9606, y
(6, 96), 9607, k
(7, 96), 9608, e
(8, 96), 9609, y
(9, 96), 9610, k
(10, 96), 9611, e
(11, 96), 9612, y
(12, 96), 9613, k
(13, 96), 9614, e
(14, 96), 9615, y
(15, 96), 9616, k
(16, 96), 9617, e
(17, 96), 9618, y
(18, 96), 9619, k
(19, 96), 9620, e
(20, 96), 9621, y
(21, 96), 9622, k
(22, 96), 9623, e
(23, 96), 9624, y
(24, 96), 9625, k
(25, 96), 9626, e
(26, 96), 9627, y
(27, 96), 9628, k
(28, 96), 9629, e
(29, 96), 9630, y
(30, 96), 9631, k
(31, 96), 9632, e
(32, 96), 9633, y
(33, 96), 9634, k
(34, 96), 9635, e
(35, 96), 9636, y
(36, 96), 9637, k
(37, 96), 9638, e
(38, 96), 9639, y
(39, 96), 9640, k
(40, 96), 9641, e
(41, 96), 9642, y
(42, 96), 9643, k
(43, 96), 9644, e
(44, 96), 9645, y
(45, 96), 9646, k
(46, 96), 9647, e
(47, 96), 9648, y
(48, 96), 9649, k
(49, 96), 9650, e
(50, 96), 9651, y
(51, 96), 9652, k
(52, 96), 9653, e
(53, 96), 9654, y
(54, 96), 9655, k
(55, 96), 9656, e
(56, 96), 9657, y
(57, 96), 9658, k
(58, 96), 9659, e
(59, 96), 9660, y
(60, 96), 9661, k
(61, 96), 9662, e
(62, 96), 9663, y
(63, 96), 9664, k
(64, 96), 9665, e
(65, 96), 9666, y
(66, 96), 9667, k
(67, 96), 9668, e
(68, 96), 9669, y
(69, 96), 9670, k
(70, 96), 9671, e
(71, 96), 9672, y
(72, 96), 9673, k
(73, 96), 9674, e
(74, 96), 9675, y
(75, 96), 9676, k
(76, 96), 9677, e
(77, 96), 9678, y
(78, 96), 9679, k
(79, 96), 9680, e
(80, 96), 9681, y
(81, 96), 9682, k
(82, 96), 9683, e
(83, 96), 9684, y
(84, 96), 9685, k
(85, 96), 9686, e
(86, 96), 9687, y
(87, 96), 9688, k
(88, 96), 9689, e
(89, 96), 9690, y
(90, 96), 9691, k
(91, 96), 9692, e
(92, 96), 9693, y
(93, 96), 9694, k
(94, 96), 9695, e
(95, 96), 9696, y
(96, 96), 9697, k
(97, 96), 9698, e
(98, 96), 9699, y
(99, 96), 9700, k
(0, 97), 9701, e
(1, 97), 9702, y
(2, 97), 9703, k
(3, 97), 9704, e
(4, 97), 9705, y
(5, 97), 9706, k
(6, 97), 9707, e
(7, 97), 9708, y
(8, 97), 9709, k
(9, 97), 9710, e
(10, 97), 9711, y
(11, 97), 9712, k
(12, 97), 9713, e
(13, 97), 9714, y
(14, 97), 9715, k
(15, 97), 9716, e
(16, 97), 9717, y
(17, 97), 9718, k
(18, 97), 9719, e
(19, 97), 9720, y
(20, 97), 9721, k
(21, 97), 9722, e
(22, 97), 9723, y
(23, 97), 9724, k
(24, 97), 9725, e
(25, 97), 9726, y
(26, 97), 9727, k
(27, 97), 9728, e
(28, 97), 9729, y
(29, 97), 9730, k
(30, 97), 9731, e
(31, 97), 9732, y
(32, 97), 9733, k
(33, 97), 9734, e
(34, 97), 9735, y
(35, 97), 9736, k
(36, 97), 9737, e
(37, 97), 9738, y
(38, 97), 9739, k
(39, 97), 9740, e
(40, 97), 9741, y
(41, 97), 9742, k
(42, 97), 9743, e
(43, 97), 9744, y
(44, 97), 9745, k
(45, 97), 9746, e
(46, 97), 9747, y
(47, 97), 9748, k
(48, 97), 9749, e
(49, 97), 9750, y
(50, 97), 9751, k
(51, 97), 9752, e
(52, 97), 9753, y
(53, 97), 9754, k
(54, 97), 9755, e
(55, 97), 9756, y
(56, 97), 9757, k
(57, 97), 9758, e
(58, 97), 9759, y
(59, 97), 9760, k
(60, 97), 9761, e
(61, 97), 9762, y
(62, 97), 9763, k
(63, 97), 9764, e
(64, 97), 9765, y
(65, 97), 9766, k
(66, 97), 9767, e
(67, 97), 9768, y
(68, 97), 9769, k
(69, 97), 9770, e
(70, 97), 9771, y
(71, 97), 9772, k
(72, 97), 9773, e
(73, 97), 9774, y
(74, 97), 9775, k
(75, 97), 9776, e
(76, 97), 9777, y
(77, 97), 9778, k
(78, 97), 9779, e
(79, 97), 9780, y
(80, 97), 9781, k
(81, 97), 9782, e
(82, 97), 9783, y
(83, 97), 9784, k
(84, 97), 9785, e
(85, 97), 9786, y
(86, 97), 9787, k
(87, 97), 9788, e
(88, 97), 9789, y
(89, 97), 9790, k
(90, 97), 9791, e
(91, 97), 9792, y
(92, 97), 9793, k
(93, 97), 9794, e
(94, 97), 9795, y
(95, 97), 9796, k
(96, 97), 9797, e
(97, 97), 9798, y
(98, 97), 9799, k
(99, 97), 9800, e
(0, 98), 9801, y
(1, 98), 9802, k
(2, 98), 9803, e
(3, 98), 9804, y
(4, 98), 9805, k
(5, 98), 9806, e
(6, 98), 9807, y
(7, 98), 9808, k
(8, 98), 9809, e
(9, 98), 9810, y
(10, 98), 9811, k
(11, 98), 9812, e
(12, 98), 9813, y
(13, 98), 9814, k
(14, 98), 9815, e
(15, 98), 9816, y
(16, 98), 9817, k
(17, 98), 9818, e
(18, 98), 9819, y
(19, 98), 9820, k
(20, 98), 9821, e
(21, 98), 9822, y
(22, 98), 9823, k
(23, 98), 9824, e
(24, 98), 9825, y
(25, 98), 9826, k
(26, 98), 9827, e
(27, 98), 9828, y
(28, 98), 9829, k
(29, 98), 9830, e
(30, 98), 9831, y
(31, 98), 9832, k
(32, 98), 9833, e
(33, 98), 9834, y
(34, 98), 9835, k
(35, 98), 9836, e
(36, 98), 9837, y
(37, 98), 9838, k
(38, 98), 9839, e
(39, 98), 9840, y
(40, 98), 9841, k
(41, 98), 9842, e
(42, 98), 9843, y
(43, 98), 9844, k
(44, 98), 9845, e
(45, 98), 9846, y
(46, 98), 9847, k
(47, 98), 9848, e
(48, 98), 9849, y
(49, 98), 9850, k
(50, 98), 9851, e
(51, 98), 9852, y
(52, 98), 9853, k
(53, 98), 9854, e
(54, 98), 9855, y
(55, 98), 9856, k
(56, 98), 9857, e
(57, 98), 9858, y
(58, 98), 9859, k
(59, 98), 9860, e
(60, 98), 9861, y
(61, 98), 9862, k
(62, 98), 9863, e
(63, 98), 9864, y
(64, 98), 9865, k
(65, 98), 9866, e
(66, 98), 9867, y
(67, 98), 9868, k
(68, 98), 9869, e
(69, 98), 9870, y
(70, 98), 9871, k
(71, 98), 9872, e
(72, 98), 9873, y
(73, 98), 9874, k
(74, 98), 9875, e
(75, 98), 9876, y
(76, 98), 9877, k
(77, 98), 9878, e
(78, 98), 9879, y
(79, 98), 9880, k
(80, 98), 9881, e
(81, 98), 9882, y
(82, 98), 9883, k
(83, 98), 9884, e
(84, 98), 9885, y
(85, 98), 9886, k
(86, 98), 9887, e
(87, 98), 9888, y
(88, 98), 9889, k
(89, 98), 9890, e
(90, 98), 9891, y
(91, 98), 9892, k
(92, 98), 9893, e
(93, 98), 9894, y
(94, 98), 9895, k
(95, 98), 9896, e
(96, 98), 9897, y
(97, 98), 9898, k
(98, 98), 9899, e
(99, 98), 9900, y
(0, 99), 9901, k
(1, 99), 9902, e
(2, 99), 9903, y
(3, 99), 9904, k
(4, 99), 9905, e
(5, 99), 9906, y
(6, 99), 9907, k
(7, 99), 9908, e
(8, 99), 9909, y
(9, 99), 9910, k
(10, 99), 9911, e
(11, 99), 9912, y
(12, 99), 9913, k
(13, 99), 9914, e
(14, 99), 9915, y
(15, 99), 9916, k
(16, 99), 9917, e
(17, 99), 9918, y
(18, 99), 9919, k
(19, 99), 9920, e
(20, 99), 9921, y
(21, 99), 9922, k
(22, 99), 9923, e
(23, 99), 9924, y
(24, 99), 9925, k
(25, 99), 9926, e
(26, 99), 9927, y
(27, 99), 9928, k
(28, 99), 9929, e
(29, 99), 9930, y
(30, 99), 9931, k
(31, 99), 9932, e
(32, 99), 9933, y
(33, 99), 9934, k
(34, 99), 9935, e
(35, 99), 9936, y
(36, 99), 9937, k
(37, 99), 9938, e
(38, 99), 9939, y
(39, 99), 9940, k
(40, 99), 9941, e
(41, 99), 9942, y
(42, 99), 9943, k
(43, 99), 9944, e
(44, 99), 9945, y
(45, 99), 9946, k
(46, 99), 9947, e
(47, 99), 9948, y
(48, 99), 9949, k
(49, 99), 9950, e
(50, 99), 9951, y
(51, 99), 9952, k
(52, 99), 9953, e
(53, 99), 9954, y
(54, 99), 9955, k
(55, 99), 9956, e
(56, 99), 9957, y
(57, 99), 9958, k
(58, 99), 9959, e
(59, 99), 9960, y
(60, 99), 9961, k
(61, 99), 9962, e
(62, 99), 9963, y
(63, 99), 9964, k
(64, 99), 9965, e
(65, 99), 9966, y
(66, 99), 9967, k
(67, 99), 9968, e
(68, 99), 9969, y
(69, 99), 9970, k
(70, 99), 9971, e
(71, 99), 9972, y
(72, 99), 9973, k
(73, 99), 9974, e
(74, 99), 9975, y
(75, 99), 9976, k
(76, 99), 9977, e
(77, 99), 9978, y
(78, 99), 9979, k
(79, 99), 9980, e
(80, 99), 9981, y
(81, 99), 9982, k
(82, 99), 9983, e
(83, 99), 9984, y
(84, 99), 9985, k
(85, 99), 9986, e
(86, 99), 9987, y
(87, 99), 9988, k
(88, 99), 9989, e
(89, 99), 9990, y
(90, 99), 9991, k
(91, 99), 9992, e
(92, 99), 9993, y
(93, 99), 9994, k
(94, 99), 9995, e
(95, 99), 9996, y
(96, 99), 9997, k
(97, 99), 9998, e
(98, 99), 9999, y
(99, 99), 10000, k


