"X","Y","R","G","B"
"0","0","101","255","118"
"1","0","95","249","112"
"2","0","115","13","132"
"3","0","101","255","118"
"4","0","95","249","112"
"5","0","115","13","132"
"6","0","101","255","118"
"7","0","95","249","112"
"8","0","115","13","132"
"9","0","101","255","118"
"10","0","95","249","112"
"11","0","115","13","132"
"12","0","101","255","118"
"13","0","95","249","112"
"14","0","115","13","132"
"15","0","101","255","118"
"16","0","95","249","112"
"17","0","115","13","132"
"18","0","101","255","118"
"19","0","95","249","112"
"20","0","115","13","132"
"21","0","101","255","118"
"22","0","95","249","112"
"23","0","115","13","132"
"24","0","101","255","118"
"25","0","95","249","112"
"26","0","115","13","132"
"27","0","101","255","118"
"28","0","95","249","112"
"29","0","115","13","132"
"30","0","101","255","118"
"31","0","95","249","112"
"32","0","115","13","132"
"33","0","101","255","118"
"34","0","95","249","112"
"35","0","115","13","132"
"36","0","101","244","140"
"37","0","95","238","134"
"38","0","115","2","176"
"39","0","101","244","162"
"40","0","95","238","167"
"41","0","115","2","187"
"42","0","101","244","162"
"43","0","95","238","156"
"44","0","115","2","154"
"45","0","101","244","140"
"46","0","95","249","112"
"47","0","115","13","132"
"48","0","101","255","118"
"49","0","95","249","112"
"50","0","115","13","132"
"51","0","101","255","118"
"52","0","95","249","112"
"53","0","115","13","132"
"54","0","101","255","118"
"55","0","95","249","112"
"56","0","115","13","132"
"57","0","101","255","118"
"58","0","95","249","112"
"59","0","115","13","132"
"60","0","101","244","140"
"61","0","95","238","134"
"62","0","115","2","154"
"63","0","101","244","140"
"64","0","95","249","112"
"65","0","115","13","132"
"66","0","101","255","118"
"67","0","95","249","112"
"68","0","115","13","132"
"69","0","101","255","118"
"70","0","95","249","112"
"71","0","115","13","132"
"72","0","101","255","118"
"73","0","95","249","112"
"74","0","115","13","132"
"75","0","101","255","118"
"76","0","95","238","134"
"77","0","115","2","154"
"78","0","101","244","162"
"79","0","95","238","156"
"80","0","115","13","132"
"81","0","101","255","118"
"82","0","95","249","112"
"83","0","115","13","132"
"84","0","101","255","118"
"85","0","95","249","112"
"86","0","115","13","132"
"87","0","101","255","118"
"88","0","95","249","112"
"89","0","115","13","132"
"90","0","101","255","118"
"91","0","95","249","112"
"92","0","115","13","132"
"93","0","101","255","118"
"94","0","95","249","112"
"95","0","115","13","132"
"96","0","101","255","118"
"97","0","95","249","112"
"98","0","115","13","132"
"99","0","101","255","118"
"0","1","95","249","112"
"1","1","115","13","132"
"2","1","101","255","118"
"3","1","95","249","112"
"4","1","115","13","132"
"5","1","101","255","118"
"6","1","95","249","112"
"7","1","115","13","132"
"8","1","101","255","118"
"9","1","95","249","112"
"10","1","115","13","132"
"11","1","101","255","118"
"12","1","95","249","112"
"13","1","115","13","132"
"14","1","101","255","118"
"15","1","95","249","112"
"16","1","115","13","132"
"17","1","101","255","118"
"18","1","95","249","112"
"19","1","115","13","132"
"20","1","101","255","118"
"21","1","95","249","112"
"22","1","115","13","132"
"23","1","101","255","118"
"24","1","95","249","112"
"25","1","115","13","132"
"26","1","101","255","118"
"27","1","95","249","112"
"28","1","115","13","132"
"29","1","101","255","118"
"30","1","95","249","112"
"31","1","115","13","132"
"32","1","101","255","118"
"33","1","95","249","112"
"34","1","115","13","132"
"35","1","101","255","118"
"36","1","95","249","112"
"37","1","115","2","154"
"38","1","101","244","140"
"39","1","95","238","156"
"40","1","115","2","176"
"41","1","101","244","162"
"42","1","95","238","134"
"43","1","115","2","154"
"44","1","101","244","140"
"45","1","95","249","112"
"46","1","115","13","132"
"47","1","101","255","118"
"48","1","95","249","112"
"49","1","115","13","132"
"50","1","101","255","118"
"51","1","95","249","112"
"52","1","115","13","132"
"53","1","101","255","118"
"54","1","95","249","112"
"55","1","115","13","132"
"56","1","101","255","118"
"57","1","95","249","112"
"58","1","115","13","132"
"59","1","101","255","118"
"60","1","95","238","134"
"61","1","115","2","154"
"62","1","101","244","140"
"63","1","95","238","134"
"64","1","115","13","132"
"65","1","101","255","118"
"66","1","95","249","112"
"67","1","115","13","132"
"68","1","101","255","118"
"69","1","95","249","112"
"70","1","115","13","132"
"71","1","101","255","118"
"72","1","95","249","112"
"73","1","115","13","132"
"74","1","101","255","118"
"75","1","95","249","112"
"76","1","115","2","154"
"77","1","101","244","140"
"78","1","95","238","134"
"79","1","115","2","154"
"80","1","101","255","118"
"81","1","95","249","112"
"82","1","115","13","132"
"83","1","101","255","118"
"84","1","95","249","112"
"85","1","115","13","132"
"86","1","101","255","118"
"87","1","95","249","112"
"88","1","115","13","132"
"89","1","101","255","118"
"90","1","95","249","112"
"91","1","115","13","132"
"92","1","101","255","118"
"93","1","95","249","112"
"94","1","115","13","132"
"95","1","101","255","118"
"96","1","95","249","112"
"97","1","115","13","132"
"98","1","101","255","118"
"99","1","95","249","112"
"0","2","115","13","132"
"1","2","101","255","118"
"2","2","95","249","112"
"3","2","115","13","132"
"4","2","101","255","118"
"5","2","95","249","112"
"6","2","115","13","132"
"7","2","101","255","118"
"8","2","95","249","112"
"9","2","115","13","132"
"10","2","101","255","118"
"11","2","95","249","112"
"12","2","115","13","132"
"13","2","101","255","118"
"14","2","95","249","112"
"15","2","115","13","132"
"16","2","101","255","118"
"17","2","95","249","112"
"18","2","115","13","132"
"19","2","101","255","118"
"20","2","95","249","112"
"21","2","115","13","132"
"22","2","101","255","118"
"23","2","95","249","112"
"24","2","115","13","132"
"25","2","101","255","118"
"26","2","95","249","112"
"27","2","115","13","132"
"28","2","101","255","118"
"29","2","95","249","112"
"30","2","115","13","132"
"31","2","101","255","118"
"32","2","95","249","112"
"33","2","115","13","132"
"34","2","101","255","118"
"35","2","95","249","112"
"36","2","115","13","132"
"37","2","101","255","118"
"38","2","95","249","112"
"39","2","115","2","154"
"40","2","101","244","140"
"41","2","95","238","134"
"42","2","115","13","132"
"43","2","101","255","118"
"44","2","95","249","112"
"45","2","115","13","132"
"46","2","101","255","118"
"47","2","95","249","112"
"48","2","115","13","132"
"49","2","101","255","118"
"50","2","95","249","112"
"51","2","115","13","132"
"52","2","101","255","118"
"53","2","95","249","112"
"54","2","115","13","132"
"55","2","101","255","118"
"56","2","95","249","112"
"57","2","115","13","132"
"58","2","101","255","118"
"59","2","95","249","112"
"60","2","115","13","132"
"61","2","101","255","118"
"62","2","95","238","134"
"63","2","115","2","154"
"64","2","101","244","140"
"65","2","95","238","134"
"66","2","115","13","132"
"67","2","101","244","140"
"68","2","95","249","112"
"69","2","115","2","154"
"70","2","101","255","118"
"71","2","95","238","134"
"72","2","115","13","132"
"73","2","101","255","118"
"74","2","95","249","112"
"75","2","115","13","132"
"76","2","101","255","118"
"77","2","95","249","112"
"78","2","115","13","132"
"79","2","101","255","118"
"80","2","95","249","112"
"81","2","115","13","132"
"82","2","101","255","118"
"83","2","95","249","112"
"84","2","115","13","132"
"85","2","101","255","118"
"86","2","95","249","112"
"87","2","115","13","132"
"88","2","101","255","118"
"89","2","95","249","112"
"90","2","115","13","132"
"91","2","101","255","118"
"92","2","95","249","112"
"93","2","115","13","132"
"94","2","101","255","118"
"95","2","95","249","112"
"96","2","115","13","132"
"97","2","101","255","118"
"98","2","95","249","112"
"99","2","115","13","132"
"0","3","101","255","118"
"1","3","95","249","112"
"2","3","115","13","132"
"3","3","101","255","118"
"4","3","95","249","112"
"5","3","115","13","132"
"6","3","101","255","118"
"7","3","95","249","112"
"8","3","115","13","132"
"9","3","101","255","118"
"10","3","95","249","112"
"11","3","115","13","132"
"12","3","101","255","118"
"13","3","95","249","112"
"14","3","115","13","132"
"15","3","101","255","118"
"16","3","95","249","112"
"17","3","115","13","132"
"18","3","101","255","118"
"19","3","95","249","112"
"20","3","115","13","132"
"21","3","101","255","118"
"22","3","95","249","112"
"23","3","115","13","132"
"24","3","101","255","118"
"25","3","95","249","112"
"26","3","115","13","132"
"27","3","101","255","118"
"28","3","95","249","112"
"29","3","115","13","132"
"30","3","101","255","118"
"31","3","95","249","112"
"32","3","115","13","132"
"33","3","101","255","118"
"34","3","95","249","112"
"35","3","115","13","132"
"36","3","101","255","118"
"37","3","95","249","112"
"38","3","115","13","132"
"39","3","101","255","118"
"40","3","95","249","112"
"41","3","115","13","132"
"42","3","101","255","118"
"43","3","95","249","112"
"44","3","115","13","132"
"45","3","101","255","118"
"46","3","95","249","112"
"47","3","115","13","132"
"48","3","101","255","118"
"49","3","95","249","112"
"50","3","115","13","132"
"51","3","101","255","118"
"52","3","95","249","112"
"53","3","115","13","132"
"54","3","101","255","118"
"55","3","95","249","112"
"56","3","115","13","132"
"57","3","101","255","118"
"58","3","95","249","112"
"59","3","115","13","132"
"60","3","101","255","118"
"61","3","95","249","112"
"62","3","115","13","132"
"63","3","101","244","140"
"64","3","95","238","134"
"65","3","115","2","154"
"66","3","101","244","140"
"67","3","95","238","134"
"68","3","115","2","154"
"69","3","101","244","140"
"70","3","95","238","134"
"71","3","115","2","154"
"72","3","101","244","140"
"73","3","95","238","134"
"74","3","115","13","132"
"75","3","101","255","118"
"76","3","95","249","112"
"77","3","115","13","132"
"78","3","101","255","118"
"79","3","95","249","112"
"80","3","115","13","132"
"81","3","101","255","118"
"82","3","95","249","112"
"83","3","115","13","132"
"84","3","101","255","118"
"85","3","95","249","112"
"86","3","115","13","132"
"87","3","101","255","118"
"88","3","95","249","112"
"89","3","115","13","132"
"90","3","101","255","118"
"91","3","95","249","112"
"92","3","115","13","132"
"93","3","101","255","118"
"94","3","95","249","112"
"95","3","115","13","132"
"96","3","101","255","118"
"97","3","95","249","112"
"98","3","115","13","132"
"99","3","101","255","118"
"0","4","95","249","112"
"1","4","115","13","132"
"2","4","101","255","118"
"3","4","95","249","112"
"4","4","115","13","132"
"5","4","101","255","118"
"6","4","95","249","112"
"7","4","115","13","132"
"8","4","101","255","118"
"9","4","95","249","112"
"10","4","115","13","132"
"11","4","101","255","118"
"12","4","95","249","112"
"13","4","115","13","132"
"14","4","101","255","118"
"15","4","95","249","112"
"16","4","115","13","132"
"17","4","101","255","118"
"18","4","95","249","112"
"19","4","115","13","132"
"20","4","101","255","118"
"21","4","95","249","112"
"22","4","115","13","132"
"23","4","101","255","118"
"24","4","95","249","112"
"25","4","115","13","132"
"26","4","101","255","118"
"27","4","95","249","112"
"28","4","115","13","132"
"29","4","101","255","118"
"30","4","95","249","112"
"31","4","115","13","132"
"32","4","101","255","118"
"33","4","95","238","134"
"34","4","115","13","132"
"35","4","101","255","118"
"36","4","95","249","112"
"37","4","115","13","132"
"38","4","101","255","118"
"39","4","95","249","112"
"40","4","115","13","132"
"41","4","101","255","118"
"42","4","95","249","112"
"43","4","115","13","132"
"44","4","101","255","118"
"45","4","95","249","112"
"46","4","115","13","132"
"47","4","101","255","118"
"48","4","95","249","112"
"49","4","115","13","132"
"50","4","101","255","118"
"51","4","95","249","112"
"52","4","115","13","132"
"53","4","101","255","118"
"54","4","95","249","112"
"55","4","115","13","132"
"56","4","101","255","118"
"57","4","95","249","112"
"58","4","115","13","132"
"59","4","101","255","118"
"60","4","95","249","112"
"61","4","115","13","132"
"62","4","101","255","118"
"63","4","95","249","112"
"64","4","115","2","154"
"65","4","101","244","162"
"66","4","95","238","156"
"67","4","115","2","176"
"68","4","101","244","162"
"69","4","95","238","156"
"70","4","115","2","176"
"71","4","101","244","162"
"72","4","95","238","156"
"73","4","115","2","176"
"74","4","101","244","140"
"75","4","95","249","112"
"76","4","115","13","132"
"77","4","101","255","118"
"78","4","95","249","112"
"79","4","115","13","132"
"80","4","101","255","118"
"81","4","95","249","112"
"82","4","115","13","132"
"83","4","101","255","118"
"84","4","95","249","112"
"85","4","115","13","132"
"86","4","101","255","118"
"87","4","95","249","112"
"88","4","115","13","132"
"89","4","101","255","118"
"90","4","95","249","112"
"91","4","115","13","132"
"92","4","101","255","118"
"93","4","95","249","112"
"94","4","115","13","132"
"95","4","101","255","118"
"96","4","95","249","112"
"97","4","115","13","132"
"98","4","101","255","118"
"99","4","95","249","112"
"0","5","115","13","132"
"1","5","101","255","118"
"2","5","95","249","112"
"3","5","115","13","132"
"4","5","101","255","118"
"5","5","95","249","112"
"6","5","115","13","132"
"7","5","101","255","118"
"8","5","95","249","112"
"9","5","115","13","132"
"10","5","101","255","118"
"11","5","95","249","112"
"12","5","115","13","132"
"13","5","101","255","118"
"14","5","95","249","112"
"15","5","115","13","132"
"16","5","101","255","118"
"17","5","95","249","112"
"18","5","115","13","132"
"19","5","101","255","118"
"20","5","95","249","112"
"21","5","115","13","132"
"22","5","101","255","118"
"23","5","95","249","112"
"24","5","115","13","132"
"25","5","101","255","118"
"26","5","95","249","112"
"27","5","115","13","132"
"28","5","101","255","118"
"29","5","95","249","112"
"30","5","115","13","132"
"31","5","101","255","118"
"32","5","95","238","134"
"33","5","115","2","176"
"34","5","101","244","140"
"35","5","95","238","134"
"36","5","115","2","154"
"37","5","101","255","118"
"38","5","95","249","112"
"39","5","115","13","132"
"40","5","101","255","118"
"41","5","95","249","112"
"42","5","115","13","132"
"43","5","101","255","118"
"44","5","95","249","112"
"45","5","115","13","132"
"46","5","101","255","118"
"47","5","95","249","112"
"48","5","115","13","132"
"49","5","101","255","118"
"50","5","95","249","112"
"51","5","115","13","132"
"52","5","101","255","118"
"53","5","95","249","112"
"54","5","115","13","132"
"55","5","101","255","118"
"56","5","95","249","112"
"57","5","115","13","132"
"58","5","101","255","118"
"59","5","95","249","112"
"60","5","115","13","132"
"61","5","101","255","118"
"62","5","95","249","112"
"63","5","115","13","132"
"64","5","101","244","140"
"65","5","95","238","134"
"66","5","115","2","154"
"67","5","101","244","162"
"68","5","95","238","156"
"69","5","115","2","176"
"70","5","101","244","162"
"71","5","95","238","167"
"72","5","115","2","176"
"73","5","101","244","162"
"74","5","95","238","134"
"75","5","115","2","154"
"76","5","101","255","118"
"77","5","95","249","112"
"78","5","115","13","132"
"79","5","101","255","118"
"80","5","95","249","112"
"81","5","115","13","132"
"82","5","101","255","118"
"83","5","95","249","112"
"84","5","115","13","132"
"85","5","101","255","118"
"86","5","95","249","112"
"87","5","115","13","132"
"88","5","101","255","118"
"89","5","95","249","112"
"90","5","115","13","132"
"91","5","101","255","118"
"92","5","95","249","112"
"93","5","115","13","132"
"94","5","101","255","118"
"95","5","95","249","112"
"96","5","115","13","132"
"97","5","101","255","118"
"98","5","95","249","112"
"99","5","115","13","132"
"0","6","101","255","118"
"1","6","95","249","112"
"2","6","115","13","132"
"3","6","101","255","118"
"4","6","95","249","112"
"5","6","115","13","132"
"6","6","101","255","118"
"7","6","95","249","112"
"8","6","115","13","132"
"9","6","101","255","118"
"10","6","95","249","112"
"11","6","115","13","132"
"12","6","101","255","118"
"13","6","95","249","112"
"14","6","115","13","132"
"15","6","101","255","118"
"16","6","95","249","112"
"17","6","115","13","132"
"18","6","101","255","118"
"19","6","95","249","112"
"20","6","115","13","132"
"21","6","101","255","118"
"22","6","95","249","112"
"23","6","115","13","132"
"24","6","101","255","118"
"25","6","95","249","112"
"26","6","115","13","132"
"27","6","101","255","118"
"28","6","95","249","112"
"29","6","115","13","132"
"30","6","101","255","118"
"31","6","95","238","134"
"32","6","104","13","176"
"33","6","90","244","173"
"34","6","84","249","156"
"35","6","104","13","176"
"36","6","90","255","140"
"37","6","84","249","134"
"38","6","104","13","154"
"39","6","90","255","118"
"40","6","84","249","112"
"41","6","104","13","132"
"42","6","90","255","118"
"43","6","84","249","134"
"44","6","104","13","132"
"45","6","90","255","140"
"46","6","84","249","134"
"47","6","104","13","154"
"48","6","101","244","140"
"49","6","95","238","134"
"50","6","115","2","176"
"51","6","101","244","162"
"52","6","95","238","156"
"53","6","115","2","176"
"54","6","101","244","162"
"55","6","95","238","167"
"56","6","115","2","176"
"57","6","101","244","162"
"58","6","95","238","156"
"59","6","115","2","176"
"60","6","101","244","140"
"61","6","95","238","134"
"62","6","115","13","132"
"63","6","101","255","118"
"64","6","95","249","112"
"65","6","115","13","132"
"66","6","101","255","118"
"67","6","95","238","134"
"68","6","115","2","154"
"69","6","101","244","162"
"70","6","95","238","156"
"71","6","115","2","176"
"72","6","101","244","162"
"73","6","95","238","156"
"74","6","115","2","154"
"75","6","101","244","140"
"76","6","95","249","112"
"77","6","115","13","132"
"78","6","101","255","118"
"79","6","95","249","112"
"80","6","115","13","132"
"81","6","101","255","118"
"82","6","95","249","112"
"83","6","115","13","132"
"84","6","101","255","118"
"85","6","95","249","112"
"86","6","115","13","132"
"87","6","101","255","118"
"88","6","95","249","112"
"89","6","115","13","132"
"90","6","101","255","118"
"91","6","95","249","112"
"92","6","115","13","132"
"93","6","101","255","118"
"94","6","95","249","112"
"95","6","115","13","132"
"96","6","101","255","118"
"97","6","95","249","112"
"98","6","115","13","132"
"99","6","101","255","118"
"0","7","95","249","112"
"1","7","115","13","132"
"2","7","101","255","118"
"3","7","95","249","112"
"4","7","115","13","132"
"5","7","101","255","118"
"6","7","95","249","112"
"7","7","115","13","132"
"8","7","101","255","118"
"9","7","95","249","112"
"10","7","115","13","132"
"11","7","101","255","118"
"12","7","95","249","112"
"13","7","115","13","132"
"14","7","101","255","118"
"15","7","95","249","112"
"16","7","115","13","132"
"17","7","101","255","118"
"18","7","95","249","112"
"19","7","115","13","132"
"20","7","101","255","118"
"21","7","95","249","112"
"22","7","115","13","132"
"23","7","101","255","118"
"24","7","95","249","112"
"25","7","115","13","132"
"26","7","101","255","118"
"27","7","95","249","112"
"28","7","115","13","132"
"29","7","101","255","118"
"30","7","95","249","112"
"31","7","115","2","154"
"32","7","90","255","162"
"33","7","84","249","156"
"34","7","104","13","176"
"35","7","90","255","162"
"36","7","84","249","134"
"37","7","104","13","154"
"38","7","90","255","140"
"39","7","84","249","134"
"40","7","104","13","132"
"41","7","90","255","118"
"42","7","84","249","134"
"43","7","104","13","154"
"44","7","90","255","140"
"45","7","84","249","134"
"46","7","104","13","154"
"47","7","90","255","140"
"48","7","95","238","134"
"49","7","115","2","154"
"50","7","101","244","162"
"51","7","95","238","156"
"52","7","115","2","176"
"53","7","101","244","173"
"54","7","95","238","167"
"55","7","115","2","187"
"56","7","101","244","173"
"57","7","95","238","167"
"58","7","115","2","176"
"59","7","101","244","162"
"60","7","95","238","134"
"61","7","115","2","154"
"62","7","101","255","118"
"63","7","95","249","112"
"64","7","115","13","132"
"65","7","101","255","118"
"66","7","95","249","112"
"67","7","115","13","132"
"68","7","101","255","118"
"69","7","95","238","134"
"70","7","115","2","154"
"71","7","101","244","140"
"72","7","95","238","134"
"73","7","115","2","154"
"74","7","101","244","140"
"75","7","95","249","112"
"76","7","115","13","132"
"77","7","101","255","118"
"78","7","95","249","112"
"79","7","115","13","132"
"80","7","101","255","118"
"81","7","95","249","112"
"82","7","115","13","132"
"83","7","101","255","118"
"84","7","95","249","112"
"85","7","115","13","132"
"86","7","101","255","118"
"87","7","95","249","112"
"88","7","115","13","132"
"89","7","101","255","118"
"90","7","95","249","112"
"91","7","115","13","132"
"92","7","101","255","118"
"93","7","95","249","112"
"94","7","115","13","132"
"95","7","101","255","118"
"96","7","95","249","112"
"97","7","115","13","132"
"98","7","101","255","118"
"99","7","95","249","112"
"0","8","115","13","132"
"1","8","101","255","118"
"2","8","95","249","112"
"3","8","115","13","132"
"4","8","101","255","118"
"5","8","95","249","112"
"6","8","115","13","132"
"7","8","101","255","118"
"8","8","95","249","112"
"9","8","115","13","132"
"10","8","101","255","118"
"11","8","95","249","112"
"12","8","115","13","132"
"13","8","101","255","118"
"14","8","95","249","112"
"15","8","115","13","132"
"16","8","101","255","118"
"17","8","95","249","112"
"18","8","115","13","132"
"19","8","101","255","118"
"20","8","95","249","112"
"21","8","115","13","132"
"22","8","101","255","118"
"23","8","95","249","112"
"24","8","126","24","143"
"25","8","101","255","118"
"26","8","95","249","112"
"27","8","115","13","132"
"28","8","101","255","118"
"29","8","95","249","112"
"30","8","115","13","132"
"31","8","101","255","118"
"32","8","106","249","145"
"33","8","148","35","187"
"34","8","90","233","129"
"35","8","51","194","112"
"36","8","115","13","132"
"37","8","101","255","118"
"38","8","73","227","112"
"39","8","126","24","143"
"40","8","90","244","118"
"41","8","84","238","112"
"42","8","104","2","132"
"43","8","101","255","118"
"44","8","95","249","112"
"45","8","115","13","132"
"46","8","90","244","118"
"47","8","73","227","112"
"48","8","126","24","132"
"49","8","90","244","118"
"50","8","73","227","112"
"51","8","115","13","132"
"52","8","123","10","162"
"53","8","84","227","123"
"54","8","82","225","132"
"55","8","112","255","173"
"56","8","117","4","178"
"57","8","82","225","143"
"58","8","123","10","162"
"59","8","128","26","145"
"60","8","82","236","132"
"61","8","101","255","118"
"62","8","139","37","123"
"63","8","93","247","132"
"64","8","68","233","118"
"65","8","106","15","112"
"66","8","115","24","132"
"67","8","101","255","118"
"68","8","84","238","112"
"69","8","104","2","132"
"70","8","123","21","118"
"71","8","95","249","112"
"72","8","115","13","132"
"73","8","101","255","118"
"74","8","95","249","112"
"75","8","115","13","132"
"76","8","101","255","118"
"77","8","95","249","112"
"78","8","115","13","132"
"79","8","101","255","118"
"80","8","95","249","112"
"81","8","115","13","132"
"82","8","101","255","118"
"83","8","95","249","112"
"84","8","115","13","132"
"85","8","101","255","118"
"86","8","95","249","112"
"87","8","115","13","132"
"88","8","101","255","118"
"89","8","95","249","112"
"90","8","115","13","132"
"91","8","101","255","118"
"92","8","95","249","112"
"93","8","115","13","132"
"94","8","101","255","118"
"95","8","95","249","112"
"96","8","115","13","132"
"97","8","101","255","118"
"98","8","95","249","112"
"99","8","115","13","132"
"0","9","101","255","118"
"1","9","95","249","112"
"2","9","115","13","132"
"3","9","101","255","118"
"4","9","95","249","112"
"5","9","115","13","132"
"6","9","101","255","118"
"7","9","95","249","112"
"8","9","115","13","132"
"9","9","101","255","118"
"10","9","95","249","112"
"11","9","115","13","132"
"12","9","101","255","118"
"13","9","95","249","112"
"14","9","115","13","132"
"15","9","101","255","118"
"16","9","95","249","112"
"17","9","115","13","132"
"18","9","101","255","118"
"19","9","95","249","112"
"20","9","115","13","132"
"21","9","101","255","118"
"22","9","95","249","112"
"23","9","115","13","132"
"24","9","90","244","118"
"25","9","95","249","112"
"26","9","115","13","132"
"27","9","112","10","129"
"28","9","106","4","123"
"29","9","126","24","143"
"30","9","112","10","129"
"31","9","106","4","123"
"32","9","93","247","132"
"33","9","68","222","118"
"34","9","106","4","112"
"35","9","159","57","176"
"36","9","123","21","140"
"37","9","117","15","134"
"38","9","148","46","165"
"39","9","90","244","118"
"40","9","106","4","123"
"41","9","115","2","154"
"42","9","90","244","118"
"43","9","84","227","123"
"44","9","115","13","132"
"45","9","112","10","129"
"46","9","95","249","112"
"47","9","115","13","132"
"48","9","101","255","118"
"49","9","106","4","112"
"50","9","137","35","154"
"51","9","112","255","151"
"52","9","106","249","145"
"53","9","159","46","220"
"54","9","156","43","217"
"55","9","117","4","178"
"56","9","137","24","198"
"57","9","134","21","195"
"58","9","95","238","134"
"59","9","104","247","143"
"60","9","101","255","118"
"61","9","95","249","112"
"62","9","93","247","132"
"63","9","101","255","118"
"64","9","84","249","112"
"65","9","104","13","132"
"66","9","79","244","118"
"67","9","84","238","112"
"68","9","126","24","132"
"69","9","123","21","118"
"70","9","106","4","112"
"71","9","93","247","132"
"72","9","101","255","118"
"73","9","95","249","112"
"74","9","115","13","132"
"75","9","101","255","118"
"76","9","95","249","112"
"77","9","115","13","132"
"78","9","101","255","118"
"79","9","95","249","112"
"80","9","115","13","132"
"81","9","101","255","118"
"82","9","95","249","112"
"83","9","115","13","132"
"84","9","101","255","118"
"85","9","95","249","112"
"86","9","115","13","132"
"87","9","101","255","118"
"88","9","95","249","112"
"89","9","115","13","132"
"90","9","101","255","118"
"91","9","95","249","112"
"92","9","115","13","132"
"93","9","101","255","118"
"94","9","95","249","112"
"95","9","115","13","132"
"96","9","101","255","118"
"97","9","95","249","112"
"98","9","115","13","132"
"99","9","101","255","118"
"0","10","95","249","112"
"1","10","115","13","132"
"2","10","101","255","118"
"3","10","95","249","112"
"4","10","115","13","132"
"5","10","101","255","118"
"6","10","95","249","112"
"7","10","115","13","132"
"8","10","101","255","118"
"9","10","95","249","112"
"10","10","115","13","132"
"11","10","101","255","118"
"12","10","95","249","112"
"13","10","115","13","132"
"14","10","101","255","118"
"15","10","95","249","112"
"16","10","115","13","132"
"17","10","101","255","118"
"18","10","95","249","112"
"19","10","115","13","132"
"20","10","101","255","118"
"21","10","95","249","112"
"22","10","115","13","132"
"23","10","101","255","118"
"24","10","84","238","112"
"25","10","115","13","132"
"26","10","112","10","129"
"27","10","106","4","123"
"28","10","126","24","143"
"29","10","101","255","118"
"30","10","95","249","112"
"31","10","115","13","132"
"32","10","134","32","118"
"33","10","117","26","112"
"34","10","115","13","132"
"35","10","68","222","118"
"36","10","62","216","112"
"37","10","115","13","132"
"38","10","123","10","162"
"39","10","95","238","134"
"40","10","115","2","154"
"41","10","156","43","217"
"42","10","150","37","189"
"43","10","126","13","187"
"44","10","112","255","151"
"45","10","139","26","178"
"46","10","148","35","187"
"47","10","79","222","118"
"48","10","150","15","167"
"49","10","104","225","132"
"50","10","134","244","173"
"51","10","117","227","167"
"52","10","5","115","132"
"53","10","247","101","118"
"54","10","62","172","134"
"55","10","38","137","132"
"56","10","24","123","118"
"57","10","95","205","167"
"58","10","104","214","154"
"59","10","101","211","151"
"60","10","150","15","167"
"61","10","126","247","143"
"62","10","90","211","118"
"63","10","172","37","167"
"64","10","181","79","176"
"65","10","112","10","118"
"66","10","95","249","112"
"67","10","137","35","132"
"68","10","112","10","118"
"69","10","62","216","112"
"70","10","82","236","132"
"71","10","112","10","118"
"72","10","95","249","112"
"73","10","115","13","132"
"74","10","101","255","118"
"75","10","95","249","112"
"76","10","115","2","154"
"77","10","101","244","140"
"78","10","95","238","134"
"79","10","115","2","154"
"80","10","101","255","118"
"81","10","95","249","112"
"82","10","115","13","132"
"83","10","101","255","118"
"84","10","95","249","112"
"85","10","115","13","132"
"86","10","101","255","118"
"87","10","95","249","112"
"88","10","115","13","132"
"89","10","101","255","118"
"90","10","95","249","112"
"91","10","115","13","132"
"92","10","101","255","118"
"93","10","95","249","112"
"94","10","115","13","132"
"95","10","101","255","118"
"96","10","95","249","112"
"97","10","115","13","132"
"98","10","101","255","118"
"99","10","95","249","112"
"0","11","115","13","132"
"1","11","101","255","118"
"2","11","95","249","112"
"3","11","115","13","132"
"4","11","101","255","118"
"5","11","95","249","112"
"6","11","115","13","132"
"7","11","101","255","118"
"8","11","95","249","112"
"9","11","115","13","132"
"10","11","101","255","118"
"11","11","95","249","112"
"12","11","115","13","132"
"13","11","101","255","118"
"14","11","95","249","112"
"15","11","115","13","132"
"16","11","101","255","118"
"17","11","95","249","112"
"18","11","115","13","132"
"19","11","101","255","118"
"20","11","95","249","112"
"21","11","115","13","132"
"22","11","101","255","118"
"23","11","95","249","112"
"24","11","115","13","132"
"25","11","112","10","129"
"26","11","106","4","123"
"27","11","126","24","143"
"28","11","90","244","118"
"29","11","73","227","112"
"30","11","104","2","132"
"31","11","101","255","118"
"32","11","117","15","112"
"33","11","126","24","132"
"34","11","68","222","118"
"35","11","106","4","123"
"36","11","203","90","8"
"37","11","101","244","173"
"38","11","252","128","112"
"39","11","60","192","154"
"40","11","35","167","151"
"41","11","219","95","112"
"42","11","239","115","132"
"43","11","46","178","162"
"44","11","73","205","189"
"45","11","60","192","176"
"46","11","46","178","140"
"47","11","117","216","211"
"48","11","60","159","176"
"49","11","46","145","184"
"50","11","230","62","123"
"51","11","123","211","38"
"52","11","23","111","216"
"53","11","116","204","53"
"54","11","117","194","76"
"55","11","114","191","73"
"56","11","254","75","213"
"57","11","244","65","203"
"58","11","76","164","247"
"59","11","216","48","109"
"60","11","71","170","209"
"61","11","68","167","184"
"62","11","150","249","10"
"63","11","115","225","187"
"64","11","57","200","118"
"65","11","62","205","112"
"66","11","126","13","165"
"67","11","90","244","118"
"68","11","73","227","112"
"69","11","104","2","132"
"70","11","90","244","118"
"71","11","128","26","123"
"72","11","115","13","132"
"73","11","101","255","118"
"74","11","95","249","112"
"75","11","115","13","132"
"76","11","101","255","118"
"77","11","95","238","134"
"78","11","115","2","154"
"79","11","101","244","140"
"80","11","95","249","112"
"81","11","115","13","132"
"82","11","101","255","118"
"83","11","95","249","112"
"84","11","115","13","132"
"85","11","101","255","118"
"86","11","95","249","112"
"87","11","115","13","132"
"88","11","101","255","118"
"89","11","95","249","112"
"90","11","115","13","132"
"91","11","101","255","118"
"92","11","95","249","112"
"93","11","115","13","132"
"94","11","101","255","118"
"95","11","95","249","112"
"96","11","115","13","132"
"97","11","101","255","118"
"98","11","95","249","112"
"99","11","115","13","132"
"0","12","101","255","118"
"1","12","95","249","112"
"2","12","115","13","132"
"3","12","101","255","118"
"4","12","95","249","112"
"5","12","115","13","132"
"6","12","101","255","118"
"7","12","95","249","112"
"8","12","115","13","132"
"9","12","101","255","118"
"10","12","95","249","112"
"11","12","115","13","132"
"12","12","101","255","118"
"13","12","95","249","112"
"14","12","115","13","132"
"15","12","101","255","118"
"16","12","95","249","112"
"17","12","115","13","132"
"18","12","101","255","118"
"19","12","95","249","112"
"20","12","115","13","132"
"21","12","101","255","118"
"22","12","95","249","112"
"23","12","115","13","132"
"24","12","101","255","118"
"25","12","106","4","123"
"26","12","126","24","143"
"27","12","101","255","118"
"28","12","84","238","112"
"29","12","104","2","132"
"30","12","101","255","118"
"31","12","106","4","123"
"32","12","115","236","132"
"33","12","134","255","151"
"34","12","172","26","222"
"35","12","137","247","209"
"36","12","2","101","118"
"37","12","51","139","200"
"38","12","123","211","38"
"39","12","139","227","76"
"40","12","232","53","191"
"41","12","62","139","32"
"42","12","23","100","249"
"43","12","116","193","75"
"44","12","241","62","200"
"45","12","178","10","115"
"46","12","95","183","10"
"47","12","156","233","115"
"48","12","15","81","29"
"49","12","64","97","122"
"50","12","15","48","95"
"51","12","130","163","232"
"52","12","231","253","99"
"53","12","72","94","196"
"54","12","25","47","160"
"55","12","52","74","187"
"56","12","83","105","218"
"57","12","36","58","171"
"58","12","55","88","157"
"59","12","199","232","23"
"60","12","53","86","111"
"61","12","188","232","235"
"62","12","115","159","140"
"63","12","57","134","27"
"64","12","84","205","255"
"65","12","115","247","231"
"66","12","156","32","16"
"67","12","106","249","178"
"68","12","115","2","176"
"69","12","156","43","195"
"70","12","84","238","112"
"71","12","82","236","132"
"72","12","101","255","118"
"73","12","95","249","112"
"74","12","115","13","132"
"75","12","101","255","118"
"76","12","95","249","112"
"77","12","115","2","154"
"78","12","101","244","140"
"79","12","95","238","134"
"80","12","115","13","132"
"81","12","101","255","118"
"82","12","95","249","112"
"83","12","115","13","132"
"84","12","101","255","118"
"85","12","95","249","112"
"86","12","115","13","132"
"87","12","101","255","118"
"88","12","95","249","112"
"89","12","115","13","132"
"90","12","101","255","118"
"91","12","95","249","112"
"92","12","115","13","132"
"93","12","101","255","118"
"94","12","95","249","112"
"95","12","115","13","132"
"96","12","101","255","118"
"97","12","95","249","112"
"98","12","115","13","132"
"99","12","101","255","118"
"0","13","95","249","112"
"1","13","115","13","132"
"2","13","101","255","118"
"3","13","95","249","112"
"4","13","115","13","132"
"5","13","101","255","118"
"6","13","95","249","112"
"7","13","115","13","132"
"8","13","101","255","118"
"9","13","95","249","112"
"10","13","115","13","132"
"11","13","101","255","118"
"12","13","95","249","112"
"13","13","115","13","132"
"14","13","101","255","118"
"15","13","95","249","112"
"16","13","115","13","132"
"17","13","101","255","118"
"18","13","95","249","112"
"19","13","115","13","132"
"20","13","101","255","118"
"21","13","95","249","112"
"22","13","115","13","132"
"23","13","101","255","118"
"24","13","95","249","112"
"25","13","115","13","132"
"26","13","101","255","118"
"27","13","95","249","112"
"28","13","115","13","132"
"29","13","112","10","129"
"30","13","117","15","134"
"31","13","137","24","176"
"32","13","156","10","206"
"33","13","51","150","145"
"34","13","104","203","242"
"35","13","178","10","93"
"36","13","235","56","205"
"37","13","224","34","238"
"38","13","193","248","251"
"39","13","99","154","168"
"40","13","185","240","20"
"41","13","127","171","240"
"42","13","176","220","33"
"43","13","28","83","119"
"44","13","160","215","229"
"45","13","201","0","3"
"46","13","232","31","34"
"47","13","127","182","196"
"48","13","242","8","110"
"49","13","61","83","218"
"50","13","25","36","204"
"51","13","231","242","176"
"52","13","229","240","185"
"53","13","171","171","149"
"54","13","143","143","121"
"55","13","218","218","196"
"56","13","138","138","116"
"57","13","209","209","187"
"58","13","251","6","196"
"59","13","193","204","116"
"60","13","242","8","143"
"61","13","17","39","152"
"62","13","108","141","210"
"63","13","42","75","100"
"64","13","214","68","206"
"65","13","35","156","228"
"66","13","62","183","233"
"67","13","126","2","8"
"68","13","123","255","217"
"69","13","84","227","156"
"70","13","38","181","132"
"71","13","134","32","151"
"72","13","95","249","112"
"73","13","115","13","132"
"74","13","101","255","118"
"75","13","95","249","112"
"76","13","115","13","132"
"77","13","101","255","118"
"78","13","95","238","134"
"79","13","115","2","154"
"80","13","101","255","118"
"81","13","95","249","112"
"82","13","115","13","132"
"83","13","101","255","118"
"84","13","95","249","112"
"85","13","115","13","132"
"86","13","101","255","118"
"87","13","95","249","112"
"88","13","115","13","132"
"89","13","101","255","118"
"90","13","95","249","112"
"91","13","115","13","132"
"92","13","101","255","118"
"93","13","95","249","112"
"94","13","115","13","132"
"95","13","101","255","118"
"96","13","95","249","112"
"97","13","115","13","132"
"98","13","101","255","118"
"99","13","95","249","112"
"0","14","115","13","132"
"1","14","101","255","118"
"2","14","95","249","112"
"3","14","115","13","132"
"4","14","101","255","118"
"5","14","95","249","112"
"6","14","115","13","132"
"7","14","101","255","118"
"8","14","95","249","112"
"9","14","115","13","132"
"10","14","101","255","118"
"11","14","95","249","112"
"12","14","115","13","132"
"13","14","101","255","118"
"14","14","95","249","112"
"15","14","115","13","132"
"16","14","101","255","118"
"17","14","95","249","112"
"18","14","115","13","132"
"19","14","101","255","118"
"20","14","95","249","112"
"21","14","115","13","132"
"22","14","101","255","118"
"23","14","95","249","112"
"24","14","115","13","132"
"25","14","90","244","118"
"26","14","84","238","112"
"27","14","115","13","132"
"28","14","112","10","129"
"29","14","106","4","123"
"30","14","115","13","132"
"31","14","79","222","140"
"32","14","73","172","211"
"33","14","159","247","96"
"34","14","205","26","175"
"35","14","201","11","237"
"36","14","6","61","97"
"37","14","149","193","28"
"38","14","88","121","0"
"39","14","152","185","108"
"40","14","171","193","160"
"41","14","154","176","143"
"42","14","163","185","152"
"43","14","138","160","105"
"44","14","176","209","132"
"45","14","6","39","196"
"46","14","25","58","193"
"47","14","253","30","165"
"48","14","207","229","108"
"49","14","149","171","50"
"50","14","220","231","143"
"51","14","240","251","185"
"52","14","116","127","72"
"53","14","143","143","121"
"54","14","240","240","218"
"55","14","127","127","127"
"56","14","198","198","176"
"57","14","174","174","152"
"58","14","215","226","160"
"59","14","253","8","176"
"60","14","185","207","86"
"61","14","171","193","50"
"62","14","8","41","110"
"63","14","83","116","163"
"64","14","127","226","185"
"65","14","229","72","243"
"66","14","134","244","115"
"67","14","13","134","206"
"68","14","40","161","200"
"69","14","214","90","74"
"70","14","123","10","184"
"71","14","106","4","123"
"72","14","115","13","132"
"73","14","101","255","118"
"74","14","95","249","112"
"75","14","115","13","132"
"76","14","101","255","118"
"77","14","95","249","112"
"78","14","115","2","154"
"79","14","101","244","140"
"80","14","95","249","112"
"81","14","115","13","132"
"82","14","101","255","118"
"83","14","95","249","112"
"84","14","115","13","132"
"85","14","101","255","118"
"86","14","95","249","112"
"87","14","115","13","132"
"88","14","101","255","118"
"89","14","95","249","112"
"90","14","115","13","132"
"91","14","101","255","118"
"92","14","95","249","112"
"93","14","115","13","132"
"94","14","101","255","118"
"95","14","95","249","112"
"96","14","115","13","132"
"97","14","101","255","118"
"98","14","95","249","112"
"99","14","115","13","132"
"0","15","101","255","118"
"1","15","95","249","112"
"2","15","115","13","132"
"3","15","101","255","118"
"4","15","95","249","112"
"5","15","115","13","132"
"6","15","101","255","118"
"7","15","95","249","112"
"8","15","115","13","132"
"9","15","101","255","118"
"10","15","95","249","112"
"11","15","115","13","132"
"12","15","101","255","118"
"13","15","95","249","112"
"14","15","115","13","132"
"15","15","101","255","118"
"16","15","95","249","112"
"17","15","115","13","132"
"18","15","101","255","118"
"19","15","95","249","112"
"20","15","115","13","132"
"21","15","101","255","118"
"22","15","95","249","112"
"23","15","115","13","132"
"24","15","101","255","118"
"25","15","84","238","112"
"26","15","104","2","132"
"27","15","101","255","118"
"28","15","106","249","167"
"29","15","115","247","209"
"30","15","57","189","195"
"31","15","7","128","200"
"32","15","68","145","60"
"33","15","31","86","89"
"34","15","41","96","110"
"35","15","163","207","20"
"36","15","83","116","251"
"37","15","110","143","66"
"38","15","119","141","86"
"39","15","160","182","171"
"40","15","143","154","176"
"41","15","130","141","163"
"42","15","116","127","149"
"43","15","154","176","165"
"44","15","218","240","229"
"45","15","215","237","204"
"46","15","209","231","176"
"47","15","229","6","185"
"48","15","215","226","138"
"49","15","198","209","121"
"50","15","152","163","75"
"51","15","160","171","105"
"52","15","231","242","187"
"53","15","229","229","207"
"54","15","182","182","160"
"55","15","242","242","220"
"56","15","240","240","218"
"57","15","204","215","160"
"58","15","165","176","121"
"59","15","174","185","119"
"60","15","182","193","105"
"61","15","209","231","110"
"62","15","229","251","108"
"63","15","160","182","28"
"64","15","165","209","22"
"65","15","94","149","185"
"66","15","94","149","152"
"67","15","144","210","158"
"68","15","239","93","220"
"69","15","13","101","162"
"70","15","62","194","178"
"71","15","137","24","209"
"72","15","101","244","162"
"73","15","95","238","134"
"74","15","115","13","132"
"75","15","101","255","118"
"76","15","95","249","112"
"77","15","115","2","154"
"78","15","101","255","118"
"79","15","95","249","112"
"80","15","115","13","132"
"81","15","101","255","118"
"82","15","95","249","112"
"83","15","115","13","132"
"84","15","101","255","118"
"85","15","95","249","112"
"86","15","115","13","132"
"87","15","101","255","118"
"88","15","95","249","112"
"89","15","115","13","132"
"90","15","101","255","118"
"91","15","95","249","112"
"92","15","115","13","132"
"93","15","101","255","118"
"94","15","95","249","112"
"95","15","115","13","132"
"96","15","101","255","118"
"97","15","95","249","112"
"98","15","115","13","132"
"99","15","101","255","118"
"0","16","95","249","112"
"1","16","115","13","132"
"2","16","101","255","118"
"3","16","95","249","112"
"4","16","115","13","132"
"5","16","101","255","118"
"6","16","95","249","112"
"7","16","115","13","132"
"8","16","101","255","118"
"9","16","95","249","112"
"10","16","115","13","132"
"11","16","101","255","118"
"12","16","95","249","112"
"13","16","115","13","132"
"14","16","101","255","118"
"15","16","95","249","112"
"16","16","137","2","132"
"17","16","123","244","118"
"18","16","139","4","112"
"19","16","104","225","132"
"20","16","134","255","118"
"21","16","161","26","134"
"22","16","71","225","132"
"23","16","90","244","118"
"24","16","84","238","112"
"25","16","115","13","132"
"26","16","112","10","118"
"27","16","95","238","134"
"28","16","137","13","19"
"29","16","35","145","16"
"30","16","238","70","73"
"31","16","161","227","73"
"32","16","28","72","174"
"33","16","176","198","77"
"34","16","196","218","97"
"35","16","105","116","28"
"36","16","99","110","44"
"37","16","152","163","97"
"38","16","138","149","94"
"39","16","143","154","99"
"40","16","196","207","152"
"41","16","193","204","149"
"42","16","198","209","154"
"43","16","240","251","196"
"44","16","3","14","215"
"45","16","8","19","220"
"46","16","28","39","229"
"47","16","3","14","204"
"48","16","231","242","176"
"49","16","229","240","174"
"50","16","182","193","127"
"51","16","143","154","88"
"52","16","130","141","75"
"53","16","94","105","50"
"54","16","121","132","77"
"55","16","174","185","130"
"56","16","182","193","138"
"57","16","165","176","121"
"58","16","185","196","141"
"59","16","171","182","127"
"60","16","176","187","121"
"61","16","229","240","174"
"62","16","237","248","182"
"63","16","253","8","198"
"64","16","240","251","196"
"65","16","182","193","127"
"66","16","85","107","242"
"67","16","53","75","177"
"68","16","84","139","153"
"69","16","221","9","224"
"70","16","46","123","5"
"71","16","24","112","195"
"72","16","18","117","156"
"73","16","115","214","231"
"74","16","156","255","250"
"75","16","95","205","145"
"76","16","137","24","198"
"77","16","112","255","151"
"78","16","106","4","123"
"79","16","93","247","132"
"80","16","101","255","118"
"81","16","95","249","112"
"82","16","115","2","154"
"83","16","101","244","140"
"84","16","95","238","134"
"85","16","115","2","154"
"86","16","101","244","140"
"87","16","84","238","112"
"88","16","115","13","132"
"89","16","101","255","118"
"90","16","95","249","112"
"91","16","115","13","132"
"92","16","101","255","118"
"93","16","95","249","112"
"94","16","115","2","154"
"95","16","101","244","140"
"96","16","95","249","112"
"97","16","115","13","132"
"98","16","101","255","118"
"99","16","95","249","112"
"0","17","115","13","132"
"1","17","101","255","118"
"2","17","95","249","112"
"3","17","115","13","132"
"4","17","101","255","118"
"5","17","95","249","112"
"6","17","115","13","132"
"7","17","101","255","118"
"8","17","95","249","112"
"9","17","115","13","132"
"10","17","101","255","118"
"11","17","95","249","112"
"12","17","115","13","132"
"13","17","101","255","118"
"14","17","95","249","112"
"15","17","115","13","132"
"16","17","101","222","118"
"17","17","161","26","134"
"18","17","71","192","132"
"19","17","112","233","118"
"20","17","117","238","112"
"21","17","126","247","132"
"22","17","57","211","118"
"23","17","183","81","178"
"24","17","115","13","132"
"25","17","145","43","140"
"26","17","84","227","123"
"27","17","16","148","132"
"28","17","244","98","203"
"29","17","163","251","243"
"30","17","42","108","232"
"31","17","226","248","193"
"32","17","110","121","66"
"33","17","174","185","130"
"34","17","171","182","127"
"35","17","154","165","110"
"36","17","185","196","141"
"37","17","182","193","138"
"38","17","187","198","132"
"39","17","229","240","174"
"40","17","226","237","171"
"41","17","220","231","165"
"42","17","240","251","185"
"43","17","226","237","171"
"44","17","231","242","176"
"45","17","251","6","196"
"46","17","237","248","182"
"47","17","220","231","165"
"48","17","6","17","207"
"49","17","237","248","182"
"50","17","209","220","154"
"51","17","196","207","141"
"52","17","138","149","83"
"53","17","88","99","33"
"54","17","97","108","42"
"55","17","105","116","50"
"56","17","99","110","44"
"57","17","130","141","75"
"58","17","138","149","94"
"59","17","165","176","121"
"60","17","218","229","174"
"61","17","237","248","193"
"62","17","253","8","209"
"63","17","28","28","6"
"64","17","91","69","80"
"65","17","187","176","154"
"66","17","28","39","240"
"67","17","248","3","171"
"68","17","143","165","11"
"69","17","72","105","152"
"70","17","83","127","130"
"71","17","248","36","251"
"72","17","164","241","134"
"73","17","10","98","203"
"74","17","7","95","178"
"75","17","137","236","19"
"76","17","123","255","217"
"77","17","106","249","167"
"78","17","115","13","132"
"79","17","112","10","129"
"80","17","95","249","112"
"81","17","115","13","132"
"82","17","101","255","118"
"83","17","95","238","134"
"84","17","115","2","154"
"85","17","101","244","162"
"86","17","95","238","134"
"87","17","115","2","154"
"88","17","101","255","118"
"89","17","95","249","112"
"90","17","115","13","132"
"91","17","101","255","118"
"92","17","95","249","112"
"93","17","115","13","132"
"94","17","101","255","118"
"95","17","95","238","134"
"96","17","115","13","132"
"97","17","101","255","118"
"98","17","95","249","112"
"99","17","115","13","132"
"0","18","101","255","118"
"1","18","95","249","112"
"2","18","115","13","132"
"3","18","101","255","118"
"4","18","95","249","112"
"5","18","115","13","132"
"6","18","101","255","118"
"7","18","95","249","112"
"8","18","115","13","132"
"9","18","101","255","118"
"10","18","95","249","112"
"11","18","115","13","132"
"12","18","101","255","118"
"13","18","95","249","112"
"14","18","115","13","132"
"15","18","101","255","118"
"16","18","117","15","112"
"17","18","82","236","132"
"18","18","134","32","151"
"19","18","128","15","167"
"20","18","82","225","132"
"21","18","189","87","206"
"22","18","84","238","112"
"23","18","27","181","132"
"24","18","134","21","173"
"25","18","40","172","134"
"26","18","49","137","198"
"27","18","158","235","128"
"28","18","99","154","157"
"29","18","152","196","9"
"30","18","248","36","138"
"31","18","88","121","22"
"32","18","196","207","141"
"33","18","138","149","94"
"34","18","143","154","99"
"35","18","218","229","174"
"36","18","215","226","171"
"37","18","209","220","165"
"38","18","251","6","196"
"39","18","248","3","193"
"40","18","253","8","198"
"41","18","6","17","207"
"42","18","226","237","171"
"43","18","209","220","154"
"44","18","218","229","163"
"45","18","204","215","149"
"46","18","198","209","143"
"47","18","207","218","152"
"48","18","182","193","127"
"49","18","187","198","132"
"50","18","218","229","163"
"51","18","204","215","149"
"52","18","176","187","121"
"53","18","152","163","97"
"54","18","127","138","72"
"55","18","132","143","77"
"56","18","163","174","108"
"57","18","171","182","116"
"58","18","198","209","154"
"59","18","251","6","207"
"60","18","3","14","215"
"61","18","8","19","220"
"62","18","28","39","240"
"63","18","14","25","226"
"64","18","220","220","198"
"65","18","39","50","251"
"66","18","36","47","237"
"67","18","198","209","121"
"68","18","240","6","141"
"69","18","171","193","50"
"70","18","19","63","132"
"71","18","50","105","141"
"72","18","36","91","105"
"73","18","245","55","25"
"74","18","227","48","197"
"75","18","101","189","38"
"76","18","29","150","189"
"77","18","104","236","198"
"78","18","79","222","140"
"79","18","106","4","123"
"80","18","115","13","132"
"81","18","101","255","118"
"82","18","95","249","112"
"83","18","115","2","154"
"84","18","101","244","140"
"85","18","95","238","134"
"86","18","115","2","154"
"87","18","101","244","140"
"88","18","95","249","112"
"89","18","115","13","132"
"90","18","101","255","118"
"91","18","95","249","112"
"92","18","115","13","132"
"93","18","101","255","118"
"94","18","95","249","112"
"95","18","115","13","132"
"96","18","101","255","118"
"97","18","95","249","112"
"98","18","115","13","132"
"99","18","101","255","118"
"0","19","95","249","112"
"1","19","115","13","132"
"2","19","101","255","118"
"3","19","95","249","112"
"4","19","115","13","132"
"5","19","101","255","118"
"6","19","95","249","112"
"7","19","115","13","132"
"8","19","101","255","118"
"9","19","95","249","112"
"10","19","115","13","132"
"11","19","101","255","118"
"12","19","95","249","112"
"13","19","115","13","132"
"14","19","101","255","118"
"15","19","95","249","112"
"16","19","104","2","132"
"17","19","68","222","118"
"18","19","117","4","156"
"19","19","93","236","154"
"20","19","112","255","151"
"21","19","95","238","134"
"22","19","104","247","143"
"23","19","189","76","250"
"24","19","73","205","189"
"25","19","104","225","41"
"26","19","199","9","213"
"27","19","176","231","11"
"28","19","86","130","232"
"29","19","149","193","39"
"30","19","55","99","190"
"31","19","240","28","130"
"32","19","171","182","116"
"33","19","110","121","66"
"34","19","163","174","119"
"35","19","226","237","182"
"36","19","209","220","165"
"37","19","229","240","185"
"38","19","248","3","193"
"39","19","231","242","176"
"40","19","229","240","174"
"41","19","193","204","138"
"42","19","165","176","110"
"43","19","174","185","119"
"44","19","160","171","105"
"45","19","154","165","99"
"46","19","174","185","119"
"47","19","160","171","105"
"48","19","110","121","55"
"49","19","163","174","108"
"50","19","182","193","127"
"51","19","209","220","154"
"52","19","229","240","174"
"53","19","215","226","160"
"54","19","198","209","143"
"55","19","218","229","163"
"56","19","226","237","171"
"57","19","231","242","176"
"58","19","28","39","240"
"59","19","36","47","248"
"60","19","30","41","242"
"61","19","50","61","6"
"62","19","14","25","226"
"63","19","253","8","209"
"64","19","39","50","240"
"65","19","58","69","3"
"66","19","165","176","110"
"67","19","229","240","174"
"68","19","25","36","204"
"69","19","220","231","143"
"70","19","196","229","130"
"71","19","193","226","105"
"72","19","209","253","99"
"73","19","17","61","130"
"74","19","69","124","127"
"75","19","171","248","163"
"76","19","203","68","140"
"77","19","112","244","250"
"78","19","128","15","200"
"79","19","93","236","132"
"80","19","101","255","118"
"81","19","95","249","112"
"82","19","115","13","132"
"83","19","101","255","118"
"84","19","95","249","112"
"85","19","115","2","154"
"86","19","101","244","140"
"87","19","106","249","145"
"88","19","115","13","132"
"89","19","101","255","118"
"90","19","95","249","112"
"91","19","115","13","132"
"92","19","101","255","118"
"93","19","95","249","112"
"94","19","115","13","132"
"95","19","101","255","118"
"96","19","95","249","112"
"97","19","115","13","132"
"98","19","101","255","118"
"99","19","95","249","112"
"0","20","115","13","132"
"1","20","101","255","118"
"2","20","95","249","112"
"3","20","115","13","132"
"4","20","101","255","118"
"5","20","95","249","112"
"6","20","115","13","132"
"7","20","101","255","118"
"8","20","95","249","112"
"9","20","115","13","132"
"10","20","101","255","118"
"11","20","95","249","112"
"12","20","115","13","132"
"13","20","101","255","118"
"14","20","95","249","112"
"15","20","115","13","132"
"16","20","101","255","118"
"17","20","128","26","145"
"18","20","82","225","132"
"19","20","112","255","151"
"20","20","84","227","123"
"21","20","115","2","176"
"22","20","134","21","206"
"23","20","7","139","145"
"24","20","159","247","96"
"25","20","243","42","45"
"26","20","176","220","66"
"27","20","97","130","53"
"28","20","149","171","116"
"29","20","198","231","154"
"30","20","218","240","97"
"31","20","193","215","72"
"32","20","143","154","88"
"33","20","152","163","108"
"34","20","193","204","149"
"35","20","220","231","176"
"36","20","207","218","163"
"37","20","215","226","171"
"38","20","231","242","187"
"39","20","207","218","163"
"40","20","138","149","83"
"41","20","121","132","66"
"42","20","130","141","75"
"43","20","116","127","61"
"44","20","121","132","66"
"45","20","152","163","97"
"46","20","149","160","94"
"47","20","143","154","88"
"48","20","174","185","119"
"49","20","182","193","127"
"50","20","198","209","143"
"51","20","229","240","174"
"52","20","226","237","171"
"53","20","220","231","165"
"54","20","240","251","185"
"55","20","215","226","160"
"56","20","209","220","165"
"57","20","251","6","207"
"58","20","3","14","215"
"59","20","8","19","220"
"60","20","39","50","251"
"61","20","25","36","237"
"62","20","19","30","231"
"63","20","28","39","229"
"64","20","215","226","138"
"65","20","220","231","143"
"66","20","174","185","119"
"67","20","226","237","171"
"68","20","220","231","176"
"69","20","50","50","28"
"70","20","215","237","226"
"71","20","242","8","253"
"72","20","185","207","174"
"73","20","182","215","138"
"74","20","209","253","99"
"75","20","50","105","119"
"76","20","108","207","122"
"77","20","249","114","186"
"78","20","239","115","132"
"79","20","189","76","5"
"80","20","106","4","123"
"81","20","115","13","132"
"82","20","101","255","118"
"83","20","95","249","112"
"84","20","115","13","132"
"85","20","101","255","118"
"86","20","95","249","112"
"87","20","126","24","143"
"88","20","101","255","118"
"89","20","95","249","112"
"90","20","115","13","132"
"91","20","101","255","118"
"92","20","95","249","112"
"93","20","115","13","132"
"94","20","101","255","118"
"95","20","95","249","112"
"96","20","115","13","132"
"97","20","101","255","118"
"98","20","95","249","112"
"99","20","115","13","132"
"0","21","101","255","118"
"1","21","95","249","112"
"2","21","115","13","132"
"3","21","101","255","118"
"4","21","95","249","112"
"5","21","115","13","132"
"6","21","101","255","118"
"7","21","95","249","112"
"8","21","115","13","132"
"9","21","101","255","118"
"10","21","95","249","112"
"11","21","115","13","132"
"12","21","101","255","118"
"13","21","95","249","112"
"14","21","115","13","132"
"15","21","101","255","118"
"16","21","106","4","123"
"17","21","115","13","132"
"18","21","112","10","129"
"19","21","128","26","145"
"20","21","82","225","132"
"21","21","167","54","239"
"22","21","252","128","134"
"23","21","214","68","195"
"24","21","155","210","213"
"25","21","165","209","55"
"26","21","141","163","108"
"27","21","61","83","72"
"28","21","198","220","209"
"29","21","163","185","130"
"30","21","127","149","28"
"31","21","121","143","0"
"32","21","163","174","108"
"33","21","193","204","149"
"34","21","231","242","187"
"35","21","240","251","196"
"36","21","204","215","160"
"37","21","220","231","176"
"38","21","251","6","207"
"39","21","182","193","138"
"40","21","143","154","88"
"41","21","152","163","97"
"42","21","138","149","83"
"43","21","143","154","88"
"44","21","185","196","130"
"45","21","182","193","127"
"46","21","187","198","132"
"47","21","207","218","152"
"48","21","204","215","149"
"49","21","209","220","154"
"50","21","229","240","174"
"51","21","215","226","160"
"52","21","209","220","154"
"53","21","240","251","185"
"54","21","226","237","171"
"55","21","209","220","154"
"56","21","240","251","196"
"57","21","237","248","193"
"58","21","242","253","198"
"59","21","6","17","218"
"60","21","3","14","215"
"61","21","253","8","209"
"62","21","17","28","229"
"63","21","3","14","204"
"64","21","85","96","8"
"65","21","251","6","174"
"66","21","226","237","171"
"67","21","165","176","121"
"68","21","185","185","163"
"69","21","3","3","25"
"70","21","220","231","19"
"71","21","218","229","17"
"72","21","149","160","204"
"73","21","165","187","176"
"74","21","50","83","6"
"75","21","47","91","182"
"76","21","209","41","33"
"77","21","174","28","166"
"78","21","18","139","189"
"79","21","7","139","123"
"80","21","126","13","165"
"81","21","112","10","118"
"82","21","95","249","112"
"83","21","115","13","132"
"84","21","101","255","118"
"85","21","95","249","112"
"86","21","115","13","132"
"87","21","112","10","129"
"88","21","95","249","112"
"89","21","115","13","132"
"90","21","101","255","118"
"91","21","95","249","112"
"92","21","115","13","132"
"93","21","101","255","118"
"94","21","95","249","112"
"95","21","115","13","132"
"96","21","101","255","118"
"97","21","95","249","112"
"98","21","115","13","132"
"99","21","101","255","118"
"0","22","95","249","112"
"1","22","115","13","132"
"2","22","101","255","118"
"3","22","95","249","112"
"4","22","115","13","132"
"5","22","101","255","118"
"6","22","95","249","112"
"7","22","115","13","132"
"8","22","101","255","118"
"9","22","95","249","112"
"10","22","115","13","132"
"11","22","101","255","118"
"12","22","95","249","112"
"13","22","115","13","132"
"14","22","101","255","118"
"15","22","95","249","112"
"16","22","60","225","132"
"17","22","90","255","118"
"18","22","84","238","112"
"19","22","60","214","132"
"20","22","156","43","195"
"21","22","40","172","156"
"22","22","68","178","27"
"23","22","64","152","144"
"24","22","8","41","176"
"25","22","31","53","20"
"26","22","116","116","138"
"27","22","165","165","187"
"28","22","119","119","119"
"29","22","105","116","61"
"30","22","66","77","11"
"31","22","163","174","86"
"32","22","182","193","127"
"33","22","220","231","176"
"34","22","251","6","207"
"35","22","204","215","160"
"36","22","209","220","165"
"37","22","240","251","196"
"38","22","215","226","171"
"39","22","187","198","143"
"40","22","218","229","174"
"41","22","204","215","160"
"42","22","209","220","154"
"43","22","240","251","185"
"44","22","237","248","182"
"45","22","231","242","176"
"46","22","240","251","185"
"47","22","215","226","160"
"48","22","187","198","132"
"49","22","218","229","163"
"50","22","204","215","149"
"51","22","187","198","132"
"52","22","218","229","163"
"53","22","226","237","171"
"54","22","231","242","187"
"55","22","240","251","196"
"56","22","3","14","215"
"57","22","253","8","209"
"58","22","17","28","229"
"59","22","3","14","215"
"60","22","253","8","209"
"61","22","17","28","229"
"62","22","248","3","204"
"63","22","242","253","187"
"64","22","218","229","141"
"65","22","226","237","149"
"66","22","52","63","253"
"67","22","28","28","6"
"68","22","237","237","237"
"69","22","209","209","231"
"70","22","229","240","28"
"71","22","215","226","25"
"72","22","165","176","231"
"73","22","229","240","6"
"74","22","215","237","204"
"75","22","8","41","198"
"76","22","50","94","163"
"77","22","58","124","94"
"78","22","163","240","133"
"79","22","16","104","165"
"80","22","123","10","184"
"81","22","117","15","134"
"82","22","126","24","143"
"83","22","101","255","118"
"84","22","95","249","112"
"85","22","115","13","132"
"86","22","101","255","118"
"87","22","95","249","112"
"88","22","115","2","154"
"89","22","101","244","140"
"90","22","95","238","134"
"91","22","115","13","132"
"92","22","101","255","118"
"93","22","95","249","112"
"94","22","115","13","132"
"95","22","101","255","118"
"96","22","95","249","112"
"97","22","115","13","132"
"98","22","101","255","118"
"99","22","95","249","112"
"0","23","115","13","132"
"1","23","101","255","118"
"2","23","95","249","112"
"3","23","115","13","132"
"4","23","101","255","118"
"5","23","95","249","112"
"6","23","115","13","132"
"7","23","101","255","118"
"8","23","95","249","112"
"9","23","115","13","132"
"10","23","101","255","118"
"11","23","95","249","112"
"12","23","115","13","132"
"13","23","101","255","118"
"14","23","95","249","112"
"15","23","115","13","132"
"16","23","112","21","140"
"17","23","95","4","123"
"18","23","115","13","132"
"19","23","112","10","118"
"20","23","84","227","145"
"21","23","126","247","41"
"22","23","130","229","166"
"23","23","187","253","99"
"24","23","152","174","141"
"25","23","116","127","149"
"26","23","88","88","110"
"27","23","108","108","130"
"28","23","83","83","61"
"29","23","121","132","77"
"30","23","229","240","185"
"31","23","215","226","171"
"32","23","198","209","154"
"33","23","251","6","207"
"34","23","204","215","160"
"35","23","165","176","121"
"36","23","229","240","185"
"37","23","204","215","160"
"38","23","176","187","132"
"39","23","218","229","174"
"40","23","237","248","193"
"41","23","231","242","187"
"42","23","6","17","207"
"43","23","248","3","193"
"44","23","242","253","187"
"45","23","251","6","196"
"46","23","215","226","160"
"47","23","187","198","132"
"48","23","207","218","152"
"49","23","193","204","138"
"50","23","187","198","132"
"51","23","196","207","141"
"52","23","193","204","138"
"53","23","209","220","154"
"54","23","240","251","196"
"55","23","215","226","171"
"56","23","242","253","198"
"57","23","6","17","218"
"58","23","3","14","215"
"59","23","253","8","209"
"60","23","28","39","240"
"61","23","14","25","226"
"62","23","253","8","209"
"63","23","17","28","229"
"64","23","248","3","193"
"65","23","30","41","231"
"66","23","240","251","196"
"67","23","25","25","3"
"68","23","242","242","242"
"69","23","251","251","17"
"70","23","204","215","3"
"71","23","231","242","30"
"72","23","6","17","61"
"73","23","149","160","182"
"74","23","242","8","253"
"75","23","39","72","251"
"76","23","80","124","226"
"77","23","52","107","143"
"78","23","123","189","159"
"79","23","46","123","5"
"80","23","128","4","222"
"81","23","137","24","176"
"82","23","112","255","151"
"83","23","95","249","112"
"84","23","115","13","132"
"85","23","101","255","118"
"86","23","95","249","112"
"87","23","115","13","132"
"88","23","101","244","140"
"89","23","95","238","134"
"90","23","115","2","154"
"91","23","101","244","140"
"92","23","95","249","112"
"93","23","115","13","132"
"94","23","101","255","118"
"95","23","95","249","112"
"96","23","115","13","132"
"97","23","101","255","118"
"98","23","95","249","112"
"99","23","115","13","132"
"0","24","101","255","118"
"1","24","95","249","112"
"2","24","115","13","132"
"3","24","101","255","118"
"4","24","95","249","112"
"5","24","115","13","132"
"6","24","101","255","118"
"7","24","95","249","112"
"8","24","115","13","132"
"9","24","101","255","118"
"10","24","95","249","112"
"11","24","115","13","132"
"12","24","101","255","118"
"13","24","95","249","112"
"14","24","115","13","132"
"15","24","101","255","118"
"16","24","117","15","112"
"17","24","71","225","132"
"18","24","167","65","162"
"19","24","84","227","123"
"20","24","93","225","231"
"21","24","200","54","192"
"22","24","245","44","80"
"23","24","207","240","163"
"24","24","149","171","160"
"25","24","132","143","165"
"26","24","163","163","163"
"27","24","171","171","149"
"28","24","198","209","154"
"29","24","229","240","185"
"30","24","215","215","193"
"31","24","220","220","198"
"32","24","196","207","152"
"33","24","193","204","149"
"34","24","198","209","154"
"35","24","218","229","174"
"36","24","182","193","138"
"37","24","165","176","121"
"38","24","207","218","163"
"39","24","226","237","182"
"40","24","231","242","187"
"41","24","240","251","196"
"42","24","226","237","182"
"43","24","231","242","187"
"44","24","251","6","196"
"45","24","226","237","171"
"46","24","209","220","154"
"47","24","218","229","163"
"48","24","204","215","149"
"49","24","187","198","132"
"50","24","196","207","141"
"51","24","193","204","138"
"52","24","209","220","165"
"53","24","251","6","207"
"54","24","248","3","204"
"55","24","242","253","198"
"56","24","17","28","229"
"57","24","14","25","226"
"58","24","30","41","242"
"59","24","61","72","17"
"60","24","25","36","237"
"61","24","242","253","198"
"62","24","251","6","207"
"63","24","237","248","193"
"64","24","19","30","231"
"65","24","17","28","229"
"66","24","3","14","215"
"67","24","8","19","220"
"68","24","28","50","17"
"69","24","3","25","248"
"70","24","8","30","19"
"71","24","50","72","61"
"72","24","3","14","36"
"73","24","19","41","30"
"74","24","61","83","50"
"75","24","3","25","226"
"76","24","63","96","253"
"77","24","116","160","6"
"78","24","210","254","67"
"79","24","216","26","252"
"80","24","27","148","187"
"81","24","145","32","217"
"82","24","40","183","112"
"83","24","126","13","165"
"84","24","79","233","118"
"85","24","117","15","134"
"86","24","126","24","132"
"87","24","101","255","118"
"88","24","95","238","134"
"89","24","115","2","154"
"90","24","101","244","140"
"91","24","95","238","134"
"92","24","115","13","132"
"93","24","101","255","118"
"94","24","95","249","112"
"95","24","115","13","132"
"96","24","101","255","118"
"97","24","95","249","112"
"98","24","115","13","132"
"99","24","101","255","118"
"0","25","95","249","112"
"1","25","115","13","132"
"2","25","101","255","118"
"3","25","95","249","112"
"4","25","115","13","132"
"5","25","101","255","118"
"6","25","95","249","112"
"7","25","115","13","132"
"8","25","101","255","118"
"9","25","95","249","112"
"10","25","115","13","132"
"11","25","101","255","118"
"12","25","95","249","112"
"13","25","115","13","132"
"14","25","101","255","118"
"15","25","95","249","112"
"16","25","104","2","132"
"17","25","134","32","129"
"18","25","40","183","112"
"19","25","115","247","231"
"20","25","200","54","181"
"21","25","69","157","149"
"22","25","196","240","86"
"23","25","160","182","127"
"24","25","165","187","176"
"25","25","196","218","207"
"26","25","215","215","193"
"27","25","220","231","176"
"28","25","240","251","196"
"29","25","204","215","160"
"30","25","187","187","165"
"31","25","218","218","196"
"32","25","215","215","193"
"33","25","198","209","154"
"34","25","196","207","152"
"35","25","149","160","105"
"36","25","132","143","88"
"37","25","174","185","130"
"38","25","204","215","160"
"39","25","242","253","198"
"40","25","218","229","174"
"41","25","204","215","160"
"42","25","198","209","154"
"43","25","218","229","174"
"44","25","215","226","160"
"45","25","209","220","154"
"46","25","218","229","163"
"47","25","193","204","138"
"48","25","176","187","121"
"49","25","185","196","130"
"50","25","171","182","116"
"51","25","187","198","132"
"52","25","229","240","185"
"53","25","226","237","182"
"54","25","231","242","187"
"55","25","251","6","207"
"56","25","237","248","193"
"57","25","8","19","220"
"58","25","61","72","17"
"59","25","58","69","14"
"60","25","41","52","253"
"61","25","28","39","240"
"62","25","248","3","204"
"63","25","231","231","209"
"64","25","240","240","218"
"65","25","215","215","193"
"66","25","220","231","176"
"67","25","17","28","229"
"68","25","3","25","226"
"69","25","8","30","231"
"70","25","39","61","6"
"71","25","58","80","25"
"72","25","52","74","41"
"73","25","39","61","28"
"74","25","36","58","25"
"75","25","253","19","220"
"76","25","6","39","218"
"77","25","113","146","47"
"78","25","41","74","209"
"79","25","42","97","133"
"80","25","208","62","189"
"81","25","73","205","211"
"82","25","137","13","231"
"83","25","189","76","5"
"84","25","84","227","123"
"85","25","82","236","132"
"86","25","123","21","118"
"87","25","106","4","112"
"88","25","115","13","132"
"89","25","101","244","140"
"90","25","95","238","134"
"91","25","115","2","154"
"92","25","101","255","118"
"93","25","95","249","112"
"94","25","115","13","132"
"95","25","101","255","118"
"96","25","95","249","112"
"97","25","115","13","132"
"98","25","101","255","118"
"99","25","95","249","112"
"0","26","115","13","132"
"1","26","101","255","118"
"2","26","95","249","112"
"3","26","115","13","132"
"4","26","101","255","118"
"5","26","95","249","112"
"6","26","115","13","132"
"7","26","101","255","118"
"8","26","95","249","112"
"9","26","115","13","132"
"10","26","101","255","118"
"11","26","95","249","112"
"12","26","115","13","132"
"13","26","101","255","118"
"14","26","95","249","112"
"15","26","115","13","132"
"16","26","90","255","118"
"17","26","150","48","145"
"18","26","104","236","220"
"19","26","244","98","225"
"20","26","179","234","248"
"21","26","240","28","130"
"22","26","116","149","50"
"23","26","253","19","220"
"24","26","207","229","174"
"25","26","226","248","193"
"26","26","253","8","209"
"27","26","17","28","229"
"28","26","215","226","171"
"29","26","165","165","143"
"30","26","185","185","163"
"31","26","204","204","182"
"32","26","176","198","165"
"33","26","196","218","185"
"34","26","138","160","105"
"35","26","99","121","66"
"36","26","130","152","97"
"37","26","171","193","138"
"38","26","209","231","176"
"39","26","240","6","207"
"40","26","193","215","160"
"41","26","176","198","143"
"42","26","196","218","163"
"43","26","182","204","149"
"44","26","187","209","154"
"45","26","207","229","174"
"46","26","193","215","160"
"47","26","176","198","143"
"48","26","174","196","141"
"49","26","160","182","127"
"50","26","154","176","121"
"51","26","185","207","152"
"52","26","193","215","160"
"53","26","198","220","165"
"54","26","218","240","185"
"55","26","204","226","171"
"56","26","198","220","165"
"57","26","28","50","251"
"58","26","69","91","36"
"59","26","63","85","30"
"60","26","61","83","28"
"61","26","36","58","3"
"62","26","8","30","253"
"63","26","251","17","240"
"64","26","171","193","182"
"65","26","165","187","176"
"66","26","218","240","207"
"67","26","226","248","193"
"68","26","242","19","198"
"69","26","17","50","207"
"70","26","25","58","215"
"71","26","41","74","231"
"72","26","127","160","83"
"73","26","91","113","58"
"74","26","96","118","63"
"75","26","105","127","72"
"76","26","3","25","226"
"77","26","209","231","176"
"78","26","17","50","229"
"79","26","25","69","171"
"80","26","30","129","66"
"81","26","178","32","137"
"82","26","35","156","195"
"83","26","29","161","145"
"84","26","159","46","220"
"85","26","123","21","140"
"86","26","128","26","123"
"87","26","82","236","132"
"88","26","101","255","118"
"89","26","95","249","112"
"90","26","115","2","154"
"91","26","101","244","140"
"92","26","95","249","112"
"93","26","115","13","132"
"94","26","101","255","118"
"95","26","95","249","112"
"96","26","115","13","132"
"97","26","101","255","118"
"98","26","95","249","112"
"99","26","115","13","132"
"0","27","101","255","118"
"1","27","95","249","112"
"2","27","115","13","132"
"3","27","101","255","118"
"4","27","95","249","112"
"5","27","115","13","132"
"6","27","101","255","118"
"7","27","95","249","112"
"8","27","115","13","132"
"9","27","101","255","118"
"10","27","95","249","112"
"11","27","115","13","132"
"12","27","101","255","118"
"13","27","95","249","112"
"14","27","115","13","132"
"15","27","101","255","118"
"16","27","95","249","112"
"17","27","71","214","132"
"18","27","35","156","206"
"19","27","182","25","240"
"20","27","196","240","86"
"21","27","204","226","171"
"22","27","231","253","198"
"23","27","185","207","152"
"24","27","215","248","171"
"25","27","231","8","165"
"26","27","28","39","229"
"27","27","237","248","193"
"28","27","165","165","143"
"29","27","141","141","119"
"30","27","149","149","127"
"31","27","198","198","176"
"32","27","119","141","108"
"33","27","127","149","116"
"34","27","132","154","99"
"35","27","152","174","119"
"36","27","171","193","138"
"37","27","220","242","187"
"38","27","240","6","207"
"39","27","182","204","149"
"40","27","198","220","165"
"41","27","207","229","174"
"42","27","193","215","160"
"43","27","187","209","154"
"44","27","218","240","185"
"45","27","204","226","171"
"46","27","198","220","165"
"47","27","218","240","185"
"48","27","204","226","171"
"49","27","198","220","165"
"50","27","207","229","174"
"51","27","193","215","160"
"52","27","187","209","154"
"53","27","218","240","185"
"54","27","204","226","171"
"55","27","198","220","165"
"56","27","240","6","207"
"57","27","47","69","14"
"58","27","96","118","63"
"59","27","94","116","61"
"60","27","58","80","25"
"61","27","52","74","19"
"62","27","50","72","39"
"63","27","3","25","248"
"64","27","176","198","187"
"65","27","207","229","218"
"66","27","204","226","193"
"67","27","209","231","176"
"68","27","240","17","174"
"69","27","237","14","171"
"70","27","8","41","176"
"71","27","50","83","240"
"72","27","102","135","58"
"73","27","96","118","63"
"74","27","105","127","72"
"75","27","69","91","36"
"76","27","41","63","30"
"77","27","17","39","6"
"78","27","204","226","171"
"79","27","165","198","99"
"80","27","50","138","141"
"81","27","240","83","254"
"82","27","139","249","98"
"83","27","192","57","96"
"84","27","79","222","151"
"85","27","84","227","123"
"86","27","82","236","132"
"87","27","123","21","118"
"88","27","95","249","112"
"89","27","115","13","132"
"90","27","101","244","140"
"91","27","95","238","134"
"92","27","115","13","132"
"93","27","101","255","118"
"94","27","95","249","112"
"95","27","115","13","132"
"96","27","101","255","118"
"97","27","95","249","112"
"98","27","115","13","132"
"99","27","101","255","118"
"0","28","95","249","112"
"1","28","115","13","132"
"2","28","101","255","118"
"3","28","95","249","112"
"4","28","115","13","132"
"5","28","101","255","118"
"6","28","95","249","112"
"7","28","115","13","132"
"8","28","101","255","118"
"9","28","95","249","112"
"10","28","115","13","132"
"11","28","101","255","118"
"12","28","95","249","112"
"13","28","115","13","132"
"14","28","101","255","118"
"15","28","95","249","112"
"16","28","181","46","198"
"17","28","145","244","239"
"18","28","224","45","194"
"19","28","119","163","232"
"20","28","138","171","94"
"21","28","132","154","143"
"22","28","185","207","196"
"23","28","215","237","204"
"24","28","209","242","165"
"25","28","251","28","185"
"26","28","248","25","182"
"27","28","209","242","165"
"28","28","163","185","130"
"29","28","105","127","94"
"30","28","121","143","110"
"31","28","185","207","174"
"32","28","72","94","61"
"33","28","121","143","110"
"34","28","174","196","163"
"35","28","193","215","182"
"36","28","231","253","198"
"37","28","17","39","240"
"38","28","215","237","182"
"39","28","143","165","110"
"40","28","196","218","163"
"41","28","182","204","149"
"42","28","187","209","154"
"43","28","218","240","185"
"44","28","215","237","182"
"45","28","220","242","187"
"46","28","251","17","218"
"47","28","226","248","193"
"48","28","242","8","209"
"49","28","6","28","229"
"50","28","237","3","204"
"51","28","231","253","198"
"52","28","251","17","218"
"53","28","237","3","204"
"54","28","242","8","209"
"55","28","6","28","229"
"56","28","25","47","248"
"57","28","85","107","52"
"58","28","127","149","94"
"59","28","80","102","47"
"60","28","41","63","30"
"61","28","72","94","61"
"62","28","47","69","36"
"63","28","19","41","8"
"64","28","6","28","17"
"65","28","248","14","3"
"66","28","242","8","231"
"67","28","251","17","218"
"68","28","237","14","171"
"69","28","253","30","187"
"70","28","50","83","240"
"71","28","58","91","248"
"72","28","85","118","41"
"73","28","149","171","116"
"74","28","102","124","69"
"75","28","30","52","19"
"76","28","72","94","61"
"77","28","80","102","69"
"78","28","52","74","19"
"79","28","50","83","6"
"80","28","215","36","116"
"81","28","63","151","154"
"82","28","10","109","24"
"83","28","225","90","162"
"84","28","139","15","233"
"85","28","148","35","187"
"86","28","112","10","118"
"87","28","106","4","112"
"88","28","115","13","132"
"89","28","101","255","118"
"90","28","95","238","134"
"91","28","115","2","154"
"92","28","101","244","140"
"93","28","95","249","112"
"94","28","115","13","132"
"95","28","101","255","118"
"96","28","95","249","112"
"97","28","115","13","132"
"98","28","101","255","118"
"99","28","95","249","112"
"0","29","115","13","132"
"1","29","101","255","118"
"2","29","95","249","112"
"3","29","115","13","132"
"4","29","101","255","118"
"5","29","95","249","112"
"6","29","115","13","132"
"7","29","101","255","118"
"8","29","95","249","112"
"9","29","115","13","132"
"10","29","101","255","118"
"11","29","95","249","112"
"12","29","115","13","132"
"13","29","101","255","118"
"14","29","95","249","112"
"15","29","115","2","176"
"16","29","112","211","206"
"17","29","7","95","200"
"18","29","224","34","4"
"19","29","182","226","72"
"20","29","55","77","22"
"21","29","196","207","229"
"22","29","127","138","160"
"23","29","242","8","253"
"24","29","240","6","207"
"25","29","237","14","193"
"26","29","242","19","176"
"27","29","6","39","196"
"28","29","204","237","160"
"29","29","143","165","110"
"30","29","152","174","141"
"31","29","149","171","160"
"32","29","132","154","121"
"33","29","185","207","174"
"34","29","193","215","182"
"35","29","220","242","209"
"36","29","17","39","240"
"37","29","14","36","237"
"38","29","220","242","187"
"39","29","174","196","141"
"40","29","171","193","138"
"41","29","165","187","132"
"42","29","207","229","174"
"43","29","215","237","182"
"44","29","231","253","198"
"45","29","6","28","229"
"46","29","248","14","215"
"47","29","242","8","209"
"48","29","17","39","240"
"49","29","3","25","226"
"50","29","253","19","220"
"51","29","17","39","240"
"52","29","14","36","237"
"53","29","19","41","242"
"54","29","61","83","28"
"55","29","58","80","25"
"56","29","74","96","41"
"57","29","127","149","94"
"58","29","113","135","80"
"59","29","63","85","30"
"60","29","61","83","50"
"61","29","47","69","36"
"62","29","41","63","30"
"63","29","50","72","39"
"64","29","36","58","47"
"65","29","30","52","19"
"66","29","39","61","6"
"67","29","14","36","237"
"68","29","19","52","231"
"69","29","72","105","28"
"70","29","91","124","47"
"71","29","96","129","52"
"72","29","138","160","105"
"73","29","135","157","124"
"74","29","96","118","85"
"75","29","61","83","50"
"76","29","36","58","25"
"77","29","19","41","8"
"78","29","17","39","240"
"79","29","3","36","215"
"80","29","176","242","132"
"81","29","149","226","50"
"82","29","150","249","208"
"83","29","18","128","233"
"84","29","170","46","30"
"85","29","79","222","118"
"86","29","95","249","112"
"87","29","82","236","132"
"88","29","101","255","118"
"89","29","95","249","112"
"90","29","115","13","132"
"91","29","101","244","140"
"92","29","95","238","134"
"93","29","115","2","154"
"94","29","101","255","118"
"95","29","95","249","112"
"96","29","115","13","132"
"97","29","101","255","118"
"98","29","95","249","112"
"99","29","115","13","132"
"0","30","101","255","118"
"1","30","95","249","112"
"2","30","115","13","132"
"3","30","101","255","118"
"4","30","95","249","112"
"5","30","115","13","132"
"6","30","101","255","118"
"7","30","95","249","112"
"8","30","115","13","132"
"9","30","101","255","118"
"10","30","95","249","112"
"11","30","115","13","132"
"12","30","101","255","118"
"13","30","95","249","112"
"14","30","115","13","132"
"15","30","101","244","173"
"16","30","84","172","255"
"17","30","211","255","214"
"18","30","182","215","240"
"19","30","66","88","201"
"20","30","152","163","108"
"21","30","237","237","237"
"22","30","8","19","63"
"23","30","218","229","17"
"24","30","237","3","248"
"25","30","220","242","187"
"26","30","240","17","174"
"27","30","248","25","160"
"28","30","242","19","176"
"29","30","240","17","196"
"30","30","204","226","215"
"31","30","187","198","220"
"32","30","229","251","240"
"33","30","215","237","204"
"34","30","220","242","209"
"35","30","251","17","240"
"36","30","3","25","248"
"37","30","253","19","242"
"38","30","251","17","218"
"39","30","215","237","182"
"40","30","209","231","176"
"41","30","229","251","196"
"42","30","237","3","204"
"43","30","242","8","209"
"44","30","28","50","251"
"45","30","14","36","237"
"46","30","253","19","220"
"47","30","6","28","229"
"48","30","248","14","215"
"49","30","242","8","209"
"50","30","6","28","229"
"51","30","248","14","215"
"52","30","253","19","220"
"53","30","39","61","6"
"54","30","58","80","25"
"55","30","74","96","41"
"56","30","127","149","94"
"57","30","102","124","69"
"58","30","85","107","74"
"59","30","72","94","61"
"60","30","47","69","36"
"61","30","30","52","19"
"62","30","50","72","39"
"63","30","36","58","25"
"64","30","52","74","41"
"65","30","72","94","61"
"66","30","47","69","14"
"67","30","41","63","8"
"68","30","83","105","50"
"69","30","113","135","80"
"70","30","118","140","107"
"71","30","127","149","116"
"72","30","113","135","124"
"73","30","52","74","63"
"74","30","28","50","39"
"75","30","3","25","14"
"76","30","19","41","8"
"77","30","72","94","61"
"78","30","69","91","36"
"79","30","63","96","19"
"80","30","17","72","6"
"81","30","102","168","36"
"82","30","182","14","17"
"83","30","16","126","8"
"84","30","79","211","217"
"85","30","139","26","200"
"86","30","60","214","132"
"87","30","189","87","173"
"88","30","95","249","112"
"89","30","115","13","132"
"90","30","101","255","118"
"91","30","95","238","134"
"92","30","115","2","154"
"93","30","101","244","140"
"94","30","95","249","112"
"95","30","115","13","132"
"96","30","101","255","118"
"97","30","95","249","112"
"98","30","115","13","132"
"99","30","101","255","118"
"0","31","95","249","112"
"1","31","115","13","132"
"2","31","101","255","118"
"3","31","95","249","112"
"4","31","115","13","132"
"5","31","101","255","118"
"6","31","95","249","112"
"7","31","115","13","132"
"8","31","101","255","118"
"9","31","95","249","112"
"10","31","115","13","132"
"11","31","101","255","118"
"12","31","95","249","112"
"13","31","115","2","154"
"14","31","101","244","173"
"15","31","117","205","10"
"16","31","142","186","145"
"17","31","251","28","75"
"18","31","165","187","33"
"19","31","6","28","163"
"20","31","3","14","204"
"21","31","242","242","242"
"22","31","251","6","50"
"23","31","248","3","47"
"24","31","242","8","253"
"25","31","218","240","185"
"26","31","193","226","127"
"27","31","220","253","132"
"28","31","28","61","218"
"29","31","25","58","237"
"30","31","8","30","19"
"31","31","28","39","61"
"32","31","248","14","3"
"33","31","220","242","209"
"34","31","240","6","229"
"35","31","3","25","248"
"36","31","8","30","231"
"37","31","28","50","251"
"38","31","3","25","226"
"39","31","253","19","220"
"40","31","39","61","6"
"41","31","36","58","3"
"42","31","30","52","253"
"43","31","61","83","28"
"44","31","47","69","14"
"45","31","19","41","242"
"46","31","28","39","229"
"47","31","237","3","204"
"48","31","231","253","198"
"49","31","229","28","218"
"50","31","204","3","193"
"51","31","209","231","176"
"52","31","240","6","207"
"53","31","248","14","215"
"54","31","19","41","242"
"55","31","72","94","39"
"56","31","124","146","91"
"57","31","85","107","74"
"58","31","83","105","72"
"59","31","58","80","47"
"60","31","41","63","30"
"61","31","50","72","39"
"62","31","36","58","25"
"63","31","30","52","19"
"64","31","61","83","50"
"65","31","58","80","47"
"66","31","19","74","30"
"67","31","72","94","61"
"68","31","69","124","80"
"69","31","118","140","107"
"70","31","138","160","149"
"71","31","102","124","113"
"72","31","85","107","96"
"73","31","94","94","94"
"74","31","58","80","69"
"75","31","30","52","41"
"76","31","50","72","39"
"77","31","69","91","58"
"78","31","74","96","63"
"79","31","28","83","17"
"80","31","36","91","25"
"81","31","8","63","242"
"82","31","72","149","229"
"83","31","100","188","180"
"84","31","18","139","211"
"85","31","104","236","198"
"86","31","123","21","140"
"87","31","73","227","112"
"88","31","115","13","132"
"89","31","101","255","118"
"90","31","95","249","112"
"91","31","115","2","154"
"92","31","101","255","118"
"93","31","95","249","112"
"94","31","115","13","132"
"95","31","101","255","118"
"96","31","95","249","112"
"97","31","115","13","132"
"98","31","101","255","118"
"99","31","95","249","112"
"0","32","115","13","132"
"1","32","101","255","118"
"2","32","95","249","112"
"3","32","115","13","132"
"4","32","101","244","140"
"5","32","95","238","134"
"6","32","115","13","132"
"7","32","101","255","118"
"8","32","73","227","112"
"9","32","170","68","165"
"10","32","68","222","118"
"11","32","62","216","112"
"12","32","137","2","132"
"13","32","211","65","250"
"14","32","7","95","178"
"15","32","211","21","247"
"16","32","193","215","61"
"17","32","88","99","11"
"18","32","141","152","64"
"19","32","248","3","193"
"20","32","19","30","231"
"21","32","28","28","6"
"22","32","3","3","237"
"23","32","220","220","198"
"24","32","174","174","152"
"25","32","204","215","160"
"26","32","242","253","187"
"27","32","17","28","218"
"28","32","248","3","193"
"29","32","231","242","187"
"30","32","6","6","240"
"31","32","14","14","248"
"32","32","242","8","253"
"33","32","251","17","6"
"34","32","248","14","237"
"35","32","209","231","176"
"36","32","6","17","207"
"37","32","3","14","182"
"38","32","209","242","143"
"39","32","39","72","251"
"40","32","237","36","226"
"41","32","8","63","19"
"42","32","50","105","61"
"43","32","47","69","36"
"44","32","8","30","231"
"45","32","28","39","229"
"46","32","3","3","171"
"47","32","220","231","165"
"48","32","207","6","218"
"49","32","182","248","204"
"50","32","176","242","198"
"51","32","207","6","218"
"52","32","226","248","193"
"53","32","231","253","198"
"54","32","6","28","229"
"55","32","3","25","226"
"56","32","74","129","85"
"57","32","72","116","105"
"58","32","36","80","69"
"59","32","52","74","63"
"60","32","50","72","61"
"61","32","36","36","14"
"62","32","30","30","8"
"63","32","72","72","50"
"64","32","14","69","25"
"65","32","8","52","41"
"66","32","39","105","105"
"67","32","58","102","113"
"68","32","52","118","118"
"69","32","94","138","149"
"70","32","91","113","102"
"71","32","74","96","85"
"72","32","105","116","61"
"73","32","113","102","58"
"74","32","96","107","41"
"75","32","94","105","50"
"76","32","69","91","58"
"77","32","74","96","85"
"78","32","83","127","138"
"79","32","58","102","91"
"80","32","52","107","41"
"81","32","127","160","83"
"82","32","237","14","193"
"83","32","118","162","8"
"84","32","109","208","145"
"85","32","2","123","173"
"86","32","128","15","189"
"87","32","126","24","132"
"88","32","101","255","118"
"89","32","95","249","112"
"90","32","115","13","132"
"91","32","101","255","118"
"92","32","95","249","112"
"93","32","115","13","132"
"94","32","101","255","118"
"95","32","95","249","112"
"96","32","115","13","132"
"97","32","101","255","118"
"98","32","95","249","112"
"99","32","115","13","132"
"0","33","101","255","118"
"1","33","95","249","112"
"2","33","115","13","132"
"3","33","101","255","118"
"4","33","95","238","134"
"5","33","115","2","154"
"6","33","101","255","118"
"7","33","95","249","112"
"8","33","137","35","132"
"9","33","24","178","118"
"10","33","128","26","123"
"11","33","159","57","154"
"12","33","134","10","118"
"13","33","62","172","112"
"14","33","104","181","74"
"15","33","144","188","1"
"16","33","165","176","88"
"17","33","141","152","97"
"18","33","171","182","127"
"19","33","242","253","198"
"20","33","28","39","240"
"21","33","248","3","204"
"22","33","231","242","187"
"23","33","240","251","196"
"24","33","149","160","105"
"25","33","187","198","143"
"26","33","251","6","207"
"27","33","237","248","193"
"28","33","242","253","198"
"29","33","17","28","229"
"30","33","248","3","204"
"31","33","220","220","198"
"32","33","17","17","17"
"33","33","226","226","226"
"34","33","253","253","231"
"35","33","17","28","218"
"36","33","3","14","182"
"37","33","8","19","187"
"38","33","6","17","185"
"39","33","3","36","215"
"40","33","187","242","176"
"41","33","240","39","251"
"42","33","248","36","25"
"43","33","231","19","8"
"44","33","251","17","240"
"45","33","237","248","193"
"46","33","242","242","154"
"47","33","240","251","185"
"48","33","182","237","193"
"49","33","154","220","198"
"50","33","163","218","174"
"51","33","149","204","160"
"52","33","176","198","143"
"53","33","240","251","196"
"54","33","3","14","215"
"55","33","8","30","231"
"56","33","72","94","61"
"57","33","36","80","69"
"58","33","30","74","63"
"59","33","50","61","83"
"60","33","36","36","36"
"61","33","19","19","253"
"62","33","50","39","251"
"63","33","36","47","248"
"64","33","19","74","30"
"65","33","28","94","72"
"66","33","25","91","91"
"67","33","41","96","129"
"68","33","72","127","160"
"69","33","80","124","157"
"70","33","85","107","96"
"71","33","94","116","83"
"72","33","80","91","36"
"73","33","96","85","30"
"74","33","127","127","39"
"75","33","102","113","47"
"76","33","96","118","85"
"77","33","149","160","182"
"78","33","124","168","201"
"79","33","118","162","173"
"80","33","149","171","116"
"81","33","80","113","36"
"82","33","74","96","63"
"83","33","83","116","17"
"84","33","174","6","9"
"85","33","150","4","131"
"86","33","104","236","198"
"87","33","79","233","118"
"88","33","95","249","112"
"89","33","115","13","132"
"90","33","101","255","118"
"91","33","95","249","112"
"92","33","115","13","132"
"93","33","101","255","118"
"94","33","95","249","112"
"95","33","115","13","132"
"96","33","101","255","118"
"97","33","95","249","112"
"98","33","115","13","132"
"99","33","101","255","118"
"0","34","95","249","112"
"1","34","115","13","132"
"2","34","101","255","118"
"3","34","95","249","112"
"4","34","115","2","154"
"5","34","101","244","140"
"6","34","95","249","112"
"7","34","115","13","132"
"8","34","134","32","129"
"9","34","40","194","112"
"10","34","159","57","154"
"11","34","90","244","118"
"12","34","128","249","112"
"13","34","71","181","143"
"14","34","197","18","189"
"15","34","143","187","22"
"16","34","152","163","75"
"17","34","182","193","138"
"18","34","220","231","176"
"19","34","17","28","229"
"20","34","14","25","226"
"21","34","231","242","187"
"22","34","229","240","185"
"23","34","226","237","182"
"24","34","143","154","99"
"25","34","196","207","152"
"26","34","215","226","171"
"27","34","231","242","187"
"28","34","6","17","218"
"29","34","3","14","215"
"30","34","231","242","187"
"31","34","207","207","185"
"32","34","14","248","3"
"33","34","198","176","187"
"34","34","17","6","240"
"35","34","25","14","215"
"36","34","242","242","154"
"37","34","28","28","196"
"38","34","237","248","160"
"39","34","220","231","165"
"40","34","207","229","174"
"41","34","237","3","226"
"42","34","231","19","8"
"43","34","240","28","17"
"44","34","204","3","215"
"45","34","220","242","187"
"46","34","240","17","196"
"47","34","237","248","182"
"48","34","209","231","198"
"49","34","218","240","229"
"50","34","204","204","182"
"51","34","198","209","154"
"52","34","240","229","174"
"53","34","248","237","182"
"54","34","19","8","220"
"55","34","39","50","251"
"56","34","36","58","25"
"57","34","63","85","74"
"58","34","94","116","105"
"59","34","47","69","58"
"60","34","30","30","8"
"61","34","50","50","28"
"62","34","47","36","248"
"63","34","19","30","231"
"64","34","50","72","39"
"65","34","25","69","58"
"66","34","30","74","85"
"67","34","61","105","116"
"68","34","69","113","146"
"69","34","74","118","151"
"70","34","105","127","116"
"71","34","91","113","80"
"72","34","74","85","30"
"73","34","105","116","61"
"74","34","91","102","36"
"75","34","96","107","41"
"76","34","138","160","127"
"77","34","157","179","168"
"78","34","129","173","184"
"79","34","149","193","204"
"80","34","146","168","135"
"81","34","41","63","8"
"82","34","116","138","105"
"83","34","124","157","80"
"84","34","52","140","165"
"85","34","156","10","137"
"86","34","46","178","140"
"87","34","95","238","134"
"88","34","115","2","154"
"89","34","101","244","140"
"90","34","95","238","134"
"91","34","115","13","132"
"92","34","101","255","118"
"93","34","95","249","112"
"94","34","115","13","132"
"95","34","101","255","118"
"96","34","95","249","112"
"97","34","115","13","132"
"98","34","101","255","118"
"99","34","95","249","112"
"0","35","115","13","132"
"1","35","101","255","118"
"2","35","95","249","112"
"3","35","115","13","132"
"4","35","101","244","140"
"5","35","95","238","134"
"6","35","115","13","132"
"7","35","101","255","118"
"8","35","84","238","112"
"9","35","170","68","187"
"10","35","79","233","118"
"11","35","40","194","112"
"12","35","159","24","132"
"13","35","79","189","151"
"14","35","141","218","133"
"15","35","207","251","86"
"16","35","127","138","50"
"17","35","220","231","176"
"18","35","6","17","218"
"19","35","248","3","204"
"20","35","8","19","220"
"21","35","6","17","218"
"22","35","215","226","171"
"23","35","220","231","176"
"24","35","174","185","130"
"25","35","171","182","127"
"26","35","198","209","154"
"27","35","251","6","207"
"28","35","248","3","204"
"29","35","209","220","165"
"30","35","207","218","163"
"31","35","193","193","171"
"32","35","8","242","253"
"33","35","196","174","185"
"34","35","237","226","204"
"35","35","253","242","198"
"36","35","218","207","152"
"37","35","237","226","171"
"38","35","209","220","154"
"39","35","174","196","141"
"40","35","215","237","204"
"41","35","231","19","8"
"42","35","28","72","61"
"43","35","248","36","25"
"44","35","220","19","231"
"45","35","229","28","240"
"46","35","204","3","193"
"47","35","220","242","187"
"48","35","251","17","240"
"49","35","248","248","226"
"50","35","242","253","198"
"51","35","17","6","218"
"52","35","3","248","193"
"53","35","253","242","187"
"54","35","17","6","218"
"55","35","248","3","204"
"56","35","19","41","8"
"57","35","72","127","83"
"58","35","80","124","113"
"59","35","52","74","63"
"60","35","39","61","28"
"61","35","47","58","3"
"62","35","41","52","242"
"63","35","39","50","240"
"64","35","14","36","237"
"65","35","253","52","8"
"66","35","39","83","72"
"67","35","47","91","102"
"68","35","63","107","118"
"69","35","94","138","149"
"70","35","91","102","124"
"71","35","74","96","85"
"72","35","94","116","83"
"73","35","80","91","36"
"74","35","74","85","19"
"75","35","105","116","61"
"76","35","102","124","91"
"77","35","118","140","129"
"78","35","116","160","171"
"79","35","91","135","146"
"80","35","96","118","85"
"81","35","116","138","105"
"82","35","91","113","102"
"83","35","107","129","74"
"84","35","50","138","163"
"85","35","59","169","51"
"86","35","252","128","112"
"87","35","148","35","187"
"88","35","101","244","140"
"89","35","95","238","134"
"90","35","115","2","154"
"91","35","101","244","140"
"92","35","95","249","112"
"93","35","115","13","132"
"94","35","101","244","140"
"95","35","95","238","134"
"96","35","115","13","132"
"97","35","101","255","118"
"98","35","95","249","112"
"99","35","115","13","132"
"0","36","101","255","118"
"1","36","95","249","112"
"2","36","115","13","132"
"3","36","101","255","118"
"4","36","95","238","156"
"5","36","115","2","176"
"6","36","101","255","118"
"7","36","95","249","112"
"8","36","93","247","132"
"9","36","156","54","173"
"10","36","51","205","112"
"11","36","137","35","154"
"12","36","156","21","151"
"13","36","51","150","145"
"14","36","213","23","227"
"15","36","160","204","39"
"16","36","132","143","55"
"17","36","251","6","207"
"18","36","3","14","215"
"19","36","231","242","187"
"20","36","28","39","240"
"21","36","14","25","226"
"22","36","220","231","176"
"23","36","240","251","196"
"24","36","182","193","138"
"25","36","143","154","99"
"26","36","196","207","152"
"27","36","248","3","204"
"28","36","220","231","176"
"29","36","174","185","130"
"30","36","149","160","105"
"31","36","198","198","176"
"32","36","251","17","6"
"33","36","105","149","138"
"34","36","154","209","165"
"35","36","185","240","174"
"36","36","149","182","105"
"37","36","187","220","143"
"38","36","218","251","174"
"39","36","138","193","127"
"40","36","220","19","231"
"41","36","6","72","50"
"42","36","14","80","58"
"43","36","242","52","30"
"44","36","240","50","6"
"45","36","193","3","215"
"46","36","165","242","165"
"47","36","174","229","163"
"48","36","226","248","215"
"49","36","231","231","209"
"50","36","251","6","207"
"51","36","248","237","193"
"52","36","242","231","176"
"53","36","6","251","196"
"54","36","226","237","171"
"55","36","209","231","176"
"56","36","28","83","39"
"57","36","58","124","80"
"58","36","74","140","96"
"59","36","39","105","61"
"60","36","248","69","248"
"61","36","253","52","242"
"62","36","17","72","251"
"63","36","14","47","226"
"64","36","8","41","220"
"65","36","50","72","17"
"66","36","58","80","47"
"67","36","74","96","85"
"68","36","116","127","149"
"69","36","91","102","124"
"70","36","30","74","85"
"71","36","28","72","61"
"72","36","36","91","47"
"73","36","52","74","41"
"74","36","72","94","39"
"75","36","80","102","47"
"76","36","96","118","85"
"77","36","127","149","116"
"78","36","113","135","124"
"79","36","107","129","118"
"80","36","94","116","83"
"81","36","157","179","146"
"82","36","107","118","140"
"83","36","17","39","6"
"84","36","168","245","47"
"85","36","47","146","61"
"86","36","27","159","165"
"87","36","123","10","184"
"88","36","95","238","156"
"89","36","115","2","176"
"90","36","101","244","162"
"91","36","95","238","134"
"92","36","115","13","132"
"93","36","101","255","118"
"94","36","95","238","134"
"95","36","115","2","154"
"96","36","101","255","118"
"97","36","95","249","112"
"98","36","115","13","132"
"99","36","101","255","118"
"0","37","95","249","112"
"1","37","115","13","132"
"2","37","101","255","118"
"3","37","95","249","112"
"4","37","115","2","176"
"5","37","101","244","162"
"6","37","95","249","112"
"7","37","115","13","132"
"8","37","101","255","118"
"9","37","95","249","112"
"10","37","115","2","154"
"11","37","112","255","151"
"12","37","117","238","112"
"13","37","170","13","8"
"14","37","119","185","133"
"15","37","143","187","33"
"16","37","185","196","130"
"17","37","237","248","193"
"18","37","253","8","209"
"19","37","6","17","218"
"20","37","3","14","215"
"21","37","8","19","220"
"22","37","6","17","218"
"23","37","237","248","193"
"24","37","198","209","154"
"25","37","174","185","130"
"26","37","171","182","127"
"27","37","209","220","165"
"28","37","218","229","174"
"29","37","149","160","105"
"30","37","154","165","110"
"31","37","240","6","207"
"32","37","193","3","215"
"33","37","110","176","132"
"34","37","163","240","163"
"35","37","149","226","149"
"36","37","132","209","121"
"37","37","207","6","196"
"38","37","204","3","193"
"39","37","198","253","209"
"40","37","17","61","50"
"41","37","25","69","58"
"42","37","30","74","85"
"43","37","28","72","83"
"44","37","3","47","36"
"45","37","220","19","231"
"46","37","207","6","196"
"47","37","160","215","171"
"48","37","220","242","209"
"49","37","229","251","218"
"50","37","204","226","193"
"51","37","209","220","165"
"52","37","240","251","185"
"53","37","248","3","193"
"54","37","8","19","209"
"55","37","39","61","6"
"56","37","58","113","69"
"57","37","74","140","96"
"58","37","105","171","127"
"59","37","47","113","69"
"60","37","8","85","8"
"61","37","50","105","39"
"62","37","36","91","14"
"63","37","41","74","253"
"64","37","94","105","39"
"65","37","91","102","47"
"66","37","85","107","52"
"67","37","127","149","138"
"68","37","113","135","124"
"69","37","74","85","107"
"70","37","39","83","94"
"71","37","248","36","47"
"72","37","242","30","19"
"73","37","6","61","17"
"74","37","14","69","25"
"75","37","63","85","52"
"76","37","105","127","94"
"77","37","102","124","91"
"78","37","107","129","118"
"79","37","149","171","160"
"80","37","124","146","113"
"81","37","74","96","85"
"82","37","105","116","138"
"83","37","80","102","69"
"84","37","107","184","8"
"85","37","86","185","100"
"86","37","90","222","228"
"87","37","106","249","178"
"88","37","115","2","176"
"89","37","101","244","162"
"90","37","95","238","156"
"91","37","115","2","176"
"92","37","101","255","118"
"93","37","95","249","112"
"94","37","115","2","154"
"95","37","101","244","140"
"96","37","95","249","112"
"97","37","115","13","132"
"98","37","101","255","118"
"99","37","95","249","112"
"0","38","115","13","132"
"1","38","101","255","118"
"2","38","95","249","112"
"3","38","115","13","132"
"4","38","101","244","140"
"5","38","95","238","134"
"6","38","115","13","132"
"7","38","101","255","118"
"8","38","95","249","112"
"9","38","115","2","154"
"10","38","112","255","151"
"11","38","62","205","112"
"12","38","115","236","132"
"13","38","222","65","82"
"14","38","157","223","193"
"15","38","163","207","53"
"16","38","204","237","160"
"17","38","220","242","187"
"18","38","17","39","240"
"19","38","248","14","215"
"20","38","209","231","176"
"21","38","240","6","207"
"22","38","248","14","215"
"23","38","231","253","198"
"24","38","229","251","196"
"25","38","182","204","149"
"26","38","165","187","132"
"27","38","196","218","163"
"28","38","182","204","149"
"29","38","187","209","154"
"30","38","240","6","207"
"31","38","14","36","237"
"32","38","231","52","231"
"33","38","185","39","207"
"34","38","182","36","204"
"35","38","187","8","187"
"36","38","218","39","218"
"37","38","237","58","237"
"38","38","231","30","220"
"39","38","61","83","50"
"40","38","47","69","58"
"41","38","52","52","74"
"42","38","83","61","94"
"43","38","58","36","69"
"44","38","63","41","52"
"45","38","83","61","72"
"46","38","36","36","14"
"47","38","253","253","231"
"48","38","17","39","28"
"49","38","248","14","3"
"50","38","231","253","220"
"51","38","17","17","251"
"52","38","14","25","226"
"53","38","52","63","8"
"54","38","105","116","61"
"55","38","102","124","91"
"56","38","107","162","118"
"57","38","127","171","160"
"58","38","102","146","135"
"59","38","74","118","107"
"60","38","83","138","94"
"61","38","91","113","80"
"62","38","107","118","63"
"63","38","138","149","94"
"64","38","135","146","80"
"65","38","129","140","85"
"66","38","160","171","116"
"67","38","146","146","146"
"68","38","129","129","129"
"69","38","116","127","149"
"70","38","47","91","102"
"71","38","19","63","74"
"72","38","251","61","61"
"73","38","248","58","36"
"74","38","8","74","52"
"75","38","72","127","83"
"76","38","69","124","80"
"77","38","85","107","74"
"78","38","127","149","116"
"79","38","146","146","124"
"80","38","173","195","162"
"81","38","94","116","105"
"82","38","91","102","124"
"83","38","173","195","162"
"84","38","251","72","152"
"85","38","50","149","64"
"86","38","128","4","10"
"87","38","115","2","176"
"88","38","101","244","140"
"89","38","95","238","134"
"90","38","115","2","176"
"91","38","101","244","162"
"92","38","95","249","112"
"93","38","115","13","132"
"94","38","101","244","140"
"95","38","95","238","134"
"96","38","115","13","132"
"97","38","101","255","118"
"98","38","95","249","112"
"99","38","115","13","132"
"0","39","101","255","118"
"1","39","95","249","112"
"2","39","115","13","132"
"3","39","101","255","118"
"4","39","95","238","134"
"5","39","115","2","154"
"6","39","101","255","118"
"7","39","95","249","112"
"8","39","104","2","132"
"9","39","134","21","173"
"10","39","84","227","123"
"11","39","137","24","176"
"12","39","123","244","140"
"13","39","95","194","211"
"14","39","122","188","158"
"15","39","215","248","127"
"16","39","220","253","176"
"17","39","240","6","207"
"18","39","25","47","248"
"19","39","8","30","231"
"20","39","207","229","174"
"21","39","204","226","171"
"22","39","253","19","220"
"23","39","6","28","229"
"24","39","248","14","215"
"25","39","220","242","187"
"26","39","207","229","174"
"27","39","160","182","127"
"28","39","187","209","154"
"29","39","17","39","240"
"30","39","47","69","14"
"31","39","41","63","8"
"32","39","61","116","39"
"33","39","25","80","3"
"34","39","19","74","8"
"35","39","17","72","6"
"36","39","3","80","3"
"37","39","19","74","30"
"38","39","17","72","28"
"39","39","80","102","91"
"40","39","52","52","74"
"41","39","72","50","83"
"42","39","69","14","58"
"43","39","63","8","52"
"44","39","105","61","72"
"45","39","91","69","80"
"46","39","74","52","63"
"47","39","61","61","61"
"48","39","248","36","47"
"49","39","242","52","52"
"50","39","17","61","50"
"51","39","47","69","58"
"52","39","63","85","52"
"53","39","116","116","94"
"54","39","124","124","102"
"55","39","129","151","140"
"56","39","160","182","171"
"57","39","102","146","157"
"58","39","74","118","129"
"59","39","116","127","149"
"60","39","91","113","102"
"61","39","96","96","96"
"62","39","149","138","116"
"63","39","157","146","124"
"64","39","162","173","118"
"65","39","160","182","127"
"66","39","146","168","135"
"67","39","151","151","151"
"68","39","171","171","171"
"69","39","146","146","168"
"70","39","107","118","140"
"71","39","94","138","149"
"72","39","36","102","102"
"73","39","41","107","107"
"74","39","83","149","127"
"75","39","91","157","135"
"76","39","85","140","96"
"77","39","105","127","94"
"78","39","102","124","91"
"79","39","151","151","129"
"80","39","204","226","193"
"81","39","190","212","201"
"82","39","129","140","162"
"83","39","94","116","83"
"84","39","135","212","36"
"85","39","234","77","248"
"86","39","115","247","231"
"87","39","79","222","140"
"88","39","95","238","134"
"89","39","115","2","154"
"90","39","101","244","140"
"91","39","95","238","134"
"92","39","115","13","132"
"93","39","101","255","118"
"94","39","95","249","112"
"95","39","115","2","154"
"96","39","101","255","118"
"97","39","95","249","112"
"98","39","115","13","132"
"99","39","101","255","118"
"0","40","95","249","112"
"1","40","115","13","132"
"2","40","101","255","118"
"3","40","95","249","112"
"4","40","115","2","154"
"5","40","101","244","140"
"6","40","95","249","112"
"7","40","115","13","132"
"8","40","156","54","173"
"9","40","62","205","112"
"10","40","115","2","176"
"11","40","112","255","173"
"12","40","106","227","123"
"13","40","71","170","187"
"14","40","232","31","34"
"15","40","74","107","242"
"16","40","251","28","207"
"17","40","237","3","226"
"18","40","30","52","19"
"19","40","6","28","251"
"20","40","127","149","116"
"21","40","165","187","154"
"22","40","17","39","6"
"23","40","226","248","215"
"24","40","8","30","253"
"25","40","28","50","17"
"26","40","3","25","248"
"27","40","231","253","220"
"28","40","6","28","251"
"29","40","25","47","14"
"30","40","52","74","41"
"31","40","94","105","50"
"32","40","113","102","47"
"33","40","74","41","242"
"34","40","149","138","94"
"35","40","69","80","25"
"36","40","52","74","41"
"37","40","94","116","105"
"38","40","248","3","25"
"39","40","63","74","96"
"40","40","61","50","105"
"41","40","3","237","36"
"42","40","8","209","19"
"43","40","83","28","94"
"44","40","69","47","80"
"45","40","52","30","63"
"46","40","72","72","94"
"47","40","80","124","135"
"48","40","107","195","228"
"49","40","105","215","237"
"50","40","69","157","179"
"51","40","96","151","184"
"52","40","116","160","171"
"53","40","135","146","168"
"54","40","195","206","228"
"55","40","160","171","215"
"56","40","102","113","157"
"57","40","74","85","129"
"58","40","105","116","171"
"59","40","80","91","146"
"60","40","74","63","118"
"61","40","182","160","193"
"62","40","212","168","179"
"63","40","74","52","63"
"64","40","105","127","94"
"65","40","168","223","179"
"66","40","107","151","140"
"67","40","182","204","193"
"68","40","179","179","179"
"69","40","184","184","184"
"70","40","138","149","171"
"71","40","113","157","168"
"72","40","118","184","184"
"73","40","127","193","193"
"74","40","80","179","168"
"75","40","74","140","118"
"76","40","83","138","94"
"77","40","102","124","91"
"78","40","129","151","96"
"79","40","182","193","138"
"80","40","179","201","146"
"81","40","151","173","140"
"82","40","171","193","182"
"83","40","179","201","146"
"84","40","217","38","96"
"85","40","205","59","197"
"86","40","24","156","140"
"87","40","128","15","167"
"88","40","115","13","132"
"89","40","101","255","118"
"90","40","95","249","112"
"91","40","115","13","132"
"92","40","101","255","118"
"93","40","95","249","112"
"94","40","115","13","132"
"95","40","101","255","118"
"96","40","95","249","112"
"97","40","115","13","132"
"98","40","101","255","118"
"99","40","95","249","112"
"0","41","115","13","132"
"1","41","101","255","118"
"2","41","95","249","112"
"3","41","115","13","132"
"4","41","101","244","140"
"5","41","95","238","134"
"6","41","115","13","132"
"7","41","101","255","118"
"8","41","62","216","112"
"9","41","104","247","143"
"10","41","178","65","239"
"11","41","51","194","112"
"12","41","181","46","198"
"13","41","156","255","16"
"14","41","128","183","186"
"15","41","144","177","56"
"16","41","25","47","248"
"17","41","242","8","231"
"18","41","6","28","251"
"19","41","215","237","204"
"20","41","132","154","121"
"21","41","218","240","207"
"22","41","25","47","14"
"23","41","231","253","220"
"24","41","28","50","17"
"25","41","25","47","14"
"26","41","19","41","8"
"27","41","39","61","28"
"28","41","36","58","25"
"29","41","63","85","52"
"30","41","105","127","94"
"31","41","113","124","69"
"32","41","129","74","30"
"33","41","105","50","6"
"34","41","47","36","248"
"35","41","198","198","176"
"36","41","83","127","138"
"37","41","226","25","58"
"38","41","30","118","151"
"39","41","94","182","215"
"40","41","91","146","190"
"41","41","52","107","151"
"42","41","6","61","105"
"43","41","193","248","36"
"44","41","176","8","30"
"45","41","28","116","138"
"46","41","102","234","234"
"47","41","140","38","49"
"48","41","108","50","94"
"49","41","224","166","210"
"50","41","22","187","242"
"51","41","204","102","135"
"52","41","14","135","157"
"53","41","63","173","195"
"54","41","28","138","160"
"55","41","3","80","146"
"56","41","8","107","162"
"57","41","28","105","171"
"58","41","47","124","212"
"59","41","118","195","27"
"60","41","193","248","58"
"61","41","113","146","201"
"62","41","63","74","118"
"63","41","94","105","149"
"64","41","69","135","135"
"65","41","242","85","74"
"66","41","138","204","204"
"67","41","135","179","168"
"68","41","107","129","118"
"69","41","171","171","171"
"70","41","190","201","223"
"71","41","173","184","206"
"72","41","138","182","193"
"73","41","113","179","179"
"74","41","74","173","162"
"75","41","105","171","171"
"76","41","80","146","124"
"77","41","118","140","107"
"78","41","149","171","116"
"79","41","157","168","113"
"80","41","184","206","151"
"81","41","171","193","160"
"82","41","223","245","234"
"83","41","140","162","107"
"84","41","133","221","246"
"85","41","145","255","137"
"86","41","40","172","134"
"87","41","115","2","154"
"88","41","101","255","118"
"89","41","95","249","112"
"90","41","115","13","132"
"91","41","101","255","118"
"92","41","95","249","112"
"93","41","115","13","132"
"94","41","101","255","118"
"95","41","95","249","112"
"96","41","115","13","132"
"97","41","101","255","118"
"98","41","95","249","112"
"99","41","115","13","132"
"0","42","101","255","118"
"1","42","95","249","112"
"2","42","115","13","132"
"3","42","101","255","118"
"4","42","95","238","134"
"5","42","115","2","154"
"6","42","101","255","118"
"7","42","95","249","112"
"8","42","148","46","165"
"9","42","79","222","118"
"10","42","62","205","112"
"11","42","170","57","209"
"12","42","112","233","129"
"13","42","18","117","134"
"14","42","203","13","239"
"15","42","229","6","141"
"16","42","253","19","220"
"17","42","240","6","229"
"18","42","237","3","226"
"19","42","198","220","187"
"20","42","163","185","152"
"21","42","193","215","182"
"22","42","253","19","242"
"23","42","251","17","240"
"24","42","226","248","215"
"25","42","253","19","242"
"26","42","50","72","39"
"27","42","36","58","25"
"28","42","52","74","41"
"29","42","94","116","83"
"30","42","91","113","80"
"31","42","96","96","74"
"32","42","171","127","94"
"33","42","91","47","14"
"34","42","41","63","52"
"35","42","6","72","72"
"36","42","182","47","69"
"37","42","220","129","162"
"38","42","196","149","193"
"39","42","152","127","182"
"40","42","207","182","215"
"41","42","122","97","130"
"42","42","149","124","135"
"43","42","121","129","129"
"44","42","108","138","127"
"45","42","94","157","135"
"46","42","102","198","187"
"47","42","37","122","144"
"48","42","40","147","202"
"49","42","158","9","64"
"50","42","10","95","128"
"51","42","232","50","72"
"52","42","176","228","5"
"53","42","196","215","3"
"54","42","36","44","88"
"55","42","253","228","27"
"56","42","185","193","237"
"57","42","237","201","22"
"58","42","157","121","198"
"59","42","191","144","221"
"60","42","229","160","237"
"61","42","74","239","38"
"62","42","83","237","14"
"63","42","215","113","146"
"64","42","19","173","184"
"65","42","28","182","193"
"66","42","91","201","212"
"67","42","140","206","206"
"68","42","193","215","204"
"69","42","190","190","190"
"70","42","184","184","184"
"71","42","105","127","116"
"72","42","102","146","157"
"73","42","85","151","151"
"74","42","83","182","171"
"75","42","91","157","157"
"76","42","96","162","140"
"77","42","149","171","138"
"78","42","135","157","102"
"79","42","140","151","96"
"80","42","160","182","127"
"81","42","146","168","135"
"82","42","151","173","162"
"83","42","138","171","94"
"84","42","17","105","130"
"85","42","117","227","109"
"86","42","126","2","220"
"87","42","79","222","118"
"88","42","95","249","112"
"89","42","115","13","132"
"90","42","101","255","118"
"91","42","95","249","112"
"92","42","115","13","132"
"93","42","101","255","118"
"94","42","95","249","112"
"95","42","115","13","132"
"96","42","101","255","118"
"97","42","95","249","112"
"98","42","115","13","132"
"99","42","101","255","118"
"0","43","95","249","112"
"1","43","115","13","132"
"2","43","101","255","118"
"3","43","95","249","112"
"4","43","115","2","154"
"5","43","101","244","140"
"6","43","95","249","112"
"7","43","115","13","132"
"8","43","123","21","140"
"9","43","51","194","112"
"10","43","159","46","198"
"11","43","68","211","118"
"12","43","161","26","178"
"13","43","60","159","176"
"14","43","205","15","241"
"15","43","253","41","143"
"16","43","152","185","108"
"17","43","182","204","171"
"18","43","242","8","231"
"19","43","251","17","240"
"20","43","160","182","149"
"21","43","143","165","132"
"22","43","218","240","207"
"23","43","215","237","204"
"24","43","187","209","176"
"25","43","251","17","240"
"26","43","25","47","14"
"27","43","41","63","30"
"28","43","72","94","61"
"29","43","69","91","58"
"30","43","63","85","52"
"31","43","72","94","61"
"32","43","58","58","36"
"33","43","74","96","85"
"34","43","17","105","127"
"35","43","17","182","215"
"36","43","212","220","8"
"37","43","221","28","72"
"38","43","246","97","152"
"39","43","103","232","42"
"40","43","79","208","252"
"41","43","153","59","70"
"42","43","12","174","185"
"43","43","43","227","227"
"44","43","7","213","191"
"45","43","191","163","152"
"46","43","145","139","117"
"47","43","43","59","81"
"48","43","158","141","196"
"49","43","233","216","26"
"50","43","54","15","81"
"51","43","191","130","174"
"52","43","208","136","158"
"53","43","37","199","232"
"54","43","196","69","113"
"55","43","238","111","177"
"56","43","92","221","31"
"57","43","166","39","105"
"58","43","98","227","37"
"59","43","18","125","202"
"60","43","144","229","28"
"61","43","191","254","64"
"62","43","116","168","212"
"63","43","99","118","162"
"64","43","64","39","72"
"65","43","91","33","55"
"66","43","19","173","184"
"67","43","61","149","171"
"68","43","113","157","168"
"69","43","151","151","151"
"70","43","182","182","182"
"71","43","146","146","146"
"72","43","63","107","96"
"73","43","72","138","138"
"74","43","36","135","124"
"75","43","41","140","129"
"76","43","105","171","149"
"77","43","124","168","157"
"78","43","140","162","129"
"79","43","160","171","116"
"80","43","168","190","135"
"81","43","173","195","162"
"82","43","171","193","182"
"83","43","58","91","14"
"84","43","30","118","143"
"85","43","200","54","192"
"86","43","24","156","140"
"87","43","139","26","178"
"88","43","115","13","132"
"89","43","101","255","118"
"90","43","95","249","112"
"91","43","115","13","132"
"92","43","101","255","118"
"93","43","95","249","112"
"94","43","115","13","132"
"95","43","101","255","118"
"96","43","95","249","112"
"97","43","115","13","132"
"98","43","101","255","118"
"99","43","95","249","112"
"0","44","115","13","132"
"1","44","101","255","118"
"2","44","95","249","112"
"3","44","115","13","132"
"4","44","101","244","140"
"5","44","95","238","134"
"6","44","115","13","132"
"7","44","101","255","118"
"8","44","84","238","112"
"9","44","104","2","132"
"10","44","167","65","184"
"11","44","29","183","112"
"12","44","181","46","176"
"13","44","112","211","206"
"14","44","207","17","221"
"15","44","240","28","130"
"16","44","94","127","50"
"17","44","143","165","132"
"18","44","229","251","218"
"19","44","237","3","226"
"20","44","187","209","176"
"21","44","174","196","163"
"22","44","182","204","171"
"23","44","198","220","187"
"24","44","218","240","207"
"25","44","248","14","237"
"26","44","41","63","30"
"27","44","72","94","61"
"28","44","58","80","47"
"29","44","63","85","52"
"30","44","72","94","61"
"31","44","25","69","58"
"32","44","198","41","8"
"33","44","160","36","36"
"34","44","20","240","251"
"35","44","246","42","86"
"36","44","244","139","205"
"37","44","131","92","169"
"38","44","103","130","207"
"39","44","101","139","216"
"40","44","142","191","235"
"41","44","81","108","163"
"42","44","68","95","139"
"43","44","65","114","147"
"44","44","26","108","108"
"45","44","13","117","128"
"46","44","32","158","180"
"47","44","103","229","17"
"48","44","101","194","15"
"49","44","76","147","235"
"50","44","191","229","50"
"51","44","178","205","26"
"52","44","109","136","191"
"53","44","158","163","229"
"54","44","123","128","194"
"55","44","120","125","191"
"56","44","191","218","17"
"57","44","255","26","103"
"58","44","62","89","166"
"59","44","133","138","226"
"60","44","164","147","213"
"61","44","106","67","133"
"62","44","177","116","160"
"63","44","95","1","34"
"64","44","169","232","20"
"65","44","201","209","253"
"66","44","127","69","91"
"67","44","124","245","11"
"68","44","173","217","228"
"69","44","193","193","193"
"70","44","113","113","91"
"71","44","85","85","85"
"72","44","94","116","105"
"73","44","58","102","91"
"74","44","30","96","96"
"75","44","39","138","127"
"76","44","80","146","146"
"77","44","107","151","140"
"78","44","160","182","149"
"79","44","157","157","135"
"80","44","173","195","162"
"81","44","116","138","105"
"82","44","135","146","168"
"83","44","85","107","52"
"84","44","83","160","218"
"85","44","183","37","175"
"86","44","252","128","112"
"87","44","137","24","198"
"88","44","101","244","140"
"89","44","95","238","134"
"90","44","115","2","154"
"91","44","101","255","118"
"92","44","95","249","112"
"93","44","115","13","132"
"94","44","101","255","118"
"95","44","95","249","112"
"96","44","115","13","132"
"97","44","101","255","118"
"98","44","95","249","112"
"99","44","115","13","132"
"0","45","101","255","118"
"1","45","95","249","112"
"2","45","115","13","132"
"3","45","101","255","118"
"4","45","95","238","134"
"5","45","115","2","154"
"6","45","101","255","118"
"7","45","95","249","112"
"8","45","126","24","132"
"9","45","112","10","129"
"10","45","62","216","112"
"11","45","159","57","176"
"12","45","112","233","118"
"13","45","18","117","112"
"14","45","175","241","189"
"15","45","182","226","72"
"16","45","143","176","99"
"17","45","163","185","152"
"18","45","171","193","160"
"19","45","198","220","187"
"20","45","251","17","240"
"21","45","226","248","215"
"22","45","209","231","198"
"23","45","240","6","229"
"24","45","237","3","226"
"25","45","19","41","8"
"26","45","72","94","61"
"27","45","58","80","47"
"28","45","41","63","30"
"29","45","61","83","50"
"30","45","47","69","36"
"31","45","253","63","41"
"32","45","251","127","127"
"33","45","204","168","179"
"34","45","254","50","94"
"35","45","21","150","216"
"36","45","186","158","1"
"37","45","81","141","6"
"38","45","68","183","48"
"39","45","43","169","34"
"40","45","249","108","207"
"41","45","90","172","26"
"42","45","87","158","224"
"43","45","48","119","185"
"44","45","79","172","227"
"45","45","120","213","34"
"46","45","81","196","39"
"47","45","46","161","26"
"48","45","87","202","67"
"49","45","158","240","116"
"50","45","68","128","249"
"51","45","175","213","78"
"52","45","246","28","127"
"53","45","211","249","92"
"54","45","29","67","166"
"55","45","12","50","149"
"56","45","244","59","147"
"57","45","241","45","166"
"58","45","246","50","171"
"59","45","32","92","213"
"60","45","84","122","221"
"61","45","144","182","3"
"62","45","219","246","45"
"63","45","249","210","20"
"64","45","97","226","36"
"65","45","103","144","221"
"66","45","91","44","110"
"67","45","253","151","162"
"68","45","83","149","149"
"69","45","179","201","190"
"70","45","184","173","151"
"71","45","182","171","149"
"72","45","124","124","102"
"73","45","74","118","107"
"74","45","72","138","138"
"75","45","47","146","135"
"76","45","85","151","151"
"77","45","138","182","193"
"78","45","168","190","179"
"79","45","184","184","162"
"80","45","149","171","138"
"81","45","124","146","135"
"82","45","74","85","129"
"83","45","160","182","149"
"84","45","146","223","47"
"85","45","174","17","188"
"86","45","38","170","176"
"87","45","112","255","173"
"88","45","95","238","134"
"89","45","115","2","154"
"90","45","101","244","140"
"91","45","95","238","134"
"92","45","115","13","132"
"93","45","101","255","118"
"94","45","95","249","112"
"95","45","115","13","132"
"96","45","101","255","118"
"97","45","95","249","112"
"98","45","115","13","132"
"99","45","101","255","118"
"0","46","95","249","112"
"1","46","115","13","132"
"2","46","101","255","118"
"3","46","95","249","112"
"4","46","115","2","154"
"5","46","101","244","140"
"6","46","95","249","112"
"7","46","115","13","132"
"8","46","79","233","118"
"9","46","95","249","112"
"10","46","137","35","154"
"11","46","112","10","129"
"12","46","161","26","134"
"13","46","60","170","132"
"14","46","65","142","57"
"15","46","165","209","44"
"16","46","207","240","163"
"17","46","171","193","160"
"18","46","154","176","143"
"19","46","229","251","218"
"20","46","14","36","3"
"21","46","8","30","253"
"22","46","17","39","6"
"23","46","25","47","14"
"24","46","8","30","253"
"25","46","61","83","50"
"26","46","69","91","58"
"27","46","52","74","41"
"28","46","39","61","28"
"29","46","25","47","14"
"30","46","19","41","8"
"31","46","6","72","72"
"32","46","80","0","0"
"33","46","36","44","88"
"34","46","43","117","205"
"35","46","117","23","122"
"36","46","92","108","240"
"37","46","123","194","92"
"38","46","76","202","100"
"39","46","26","152","50"
"40","46","68","172","59"
"41","46","32","92","246"
"42","46","59","75","207"
"43","46","134","128","15"
"44","46","142","136","45"
"45","46","114","108","17"
"46","46","145","139","59"
"47","46","164","169","111"
"48","46","136","141","83"
"49","46","156","161","103"
"50","46","230","235","155"
"51","46","224","218","138"
"52","46","178","172","81"
"53","46","230","202","89"
"54","46","246","240","127"
"55","46","21","15","180"
"56","46","7","23","177"
"57","46","78","105","3"
"58","46","54","81","235"
"59","46","40","67","221"
"60","46","144","182","47"
"61","46","153","191","56"
"62","46","139","155","9"
"63","46","75","47","146"
"64","46","183","78","177"
"65","46","213","20","108"
"66","46","88","52","129"
"67","46","72","237","14"
"68","46","102","201","190"
"69","46","206","228","217"
"70","46","171","160","138"
"71","46","135","124","102"
"72","46","173","173","151"
"73","46","160","204","193"
"74","46","124","190","190"
"75","46","118","184","184"
"76","46","138","204","204"
"77","46","146","190","201"
"78","46","184","206","195"
"79","46","226","248","237"
"80","46","157","179","168"
"81","46","239","250","16"
"82","46","160","171","215"
"83","46","102","124","113"
"84","46","118","184","30"
"85","46","37","136","73"
"86","46","214","90","118"
"87","46","172","59","244"
"88","46","115","2","176"
"89","46","101","244","162"
"90","46","95","238","156"
"91","46","115","2","154"
"92","46","101","255","118"
"93","46","95","249","112"
"94","46","115","13","132"
"95","46","101","244","140"
"96","46","95","249","112"
"97","46","115","13","132"
"98","46","101","255","118"
"99","46","95","249","112"
"0","47","115","13","132"
"1","47","101","255","118"
"2","47","95","249","112"
"3","47","115","13","132"
"4","47","101","244","140"
"5","47","95","238","134"
"6","47","115","13","132"
"7","47","101","255","118"
"8","47","106","4","112"
"9","47","148","46","143"
"10","47","46","200","118"
"11","47","106","4","123"
"12","47","148","13","165"
"13","47","79","178","195"
"14","47","251","61","9"
"15","47","163","207","53"
"16","47","171","193","138"
"17","47","176","198","187"
"18","47","218","240","207"
"19","47","248","14","215"
"20","47","8","63","253"
"21","47","28","50","17"
"22","47","25","25","3"
"23","47","85","85","85"
"24","47","72","94","83"
"25","47","80","102","69"
"26","47","85","107","74"
"27","47","72","94","39"
"28","47","36","47","248"
"29","47","19","19","253"
"30","47","39","61","28"
"31","47","215","69","58"
"32","47","154","162","184"
"33","47","40","125","180"
"34","47","7","158","246"
"35","47","169","141","6"
"36","47","233","4","158"
"37","47","76","180","89"
"38","47","37","152","83"
"39","47","57","172","103"
"40","47","54","125","45"
"41","47","92","152","50"
"42","47","134","150","48"
"43","47","131","92","12"
"44","47","136","97","17"
"45","47","211","172","92"
"46","47","208","169","100"
"47","47","169","152","105"
"48","47","233","238","202"
"49","47","197","202","166"
"50","47","224","207","160"
"51","47","211","172","103"
"52","47","18","235","155"
"53","47","78","50","193"
"54","47","10","238","125"
"55","47","84","56","199"
"56","47","67","61","204"
"57","47","76","48","191"
"58","47","117","89","232"
"59","47","122","72","226"
"60","47","87","37","191"
"61","47","172","144","9"
"62","47","20","248","113"
"63","47","7","235","78"
"64","47","103","9","130"
"65","47","218","80","190"
"66","47","213","20","86"
"67","47","58","11","77"
"68","47","85","195","206"
"69","47","171","193","182"
"70","47","113","113","91"
"71","47","228","217","173"
"72","47","226","248","215"
"73","47","190","245","201"
"74","47","151","250","217"
"75","47","160","3","248"
"76","47","168","212","201"
"77","47","162","206","195"
"78","47","204","248","237"
"79","47","201","245","234"
"80","47","228","239","5"
"81","47","182","193","215"
"82","47","190","201","223"
"83","47","107","129","96"
"84","47","237","47","149"
"85","47","31","130","89"
"86","47","252","117","156"
"87","47","159","46","231"
"88","47","101","244","140"
"89","47","95","238","156"
"90","47","115","2","176"
"91","47","101","244","162"
"92","47","95","238","134"
"93","47","115","13","132"
"94","47","101","255","118"
"95","47","95","249","112"
"96","47","115","13","132"
"97","47","101","255","118"
"98","47","95","249","112"
"99","47","115","13","132"
"0","48","101","255","118"
"1","48","95","238","134"
"2","48","115","2","154"
"3","48","101","244","140"
"4","48","95","238","134"
"5","48","115","13","132"
"6","48","101","255","118"
"7","48","95","249","112"
"8","48","115","24","132"
"9","48","79","233","118"
"10","48","117","15","112"
"11","48","104","247","165"
"12","48","68","200","184"
"13","48","249","103","208"
"14","48","130","218","210"
"15","48","61","127","251"
"16","48","88","110","99"
"17","48","207","218","240"
"18","48","193","248","204"
"19","48","30","85","8"
"20","48","218","39","207"
"21","48","237","36","226"
"22","48","19","253","8"
"23","48","39","240","28"
"24","48","14","14","36"
"25","48","74","96","85"
"26","48","28","83","17"
"27","48","47","80","3"
"28","48","85","30","242"
"29","48","61","6","229"
"30","48","58","113","69"
"31","48","52","5","239"
"32","48","81","210","232"
"33","48","175","158","213"
"34","48","235","240","72"
"35","48","189","227","70"
"36","48","175","235","122"
"37","48","114","185","83"
"38","48","68","172","59"
"39","48","65","169","56"
"40","48","48","130","6"
"41","48","134","194","59"
"42","48","120","136","12"
"43","48","147","163","17"
"44","48","189","205","59"
"45","48","131","147","1"
"46","48","147","185","50"
"47","48","200","4","147"
"48","48","175","224","177"
"49","48","180","196","160"
"50","48","211","216","158"
"51","48","252","246","166"
"52","48","191","185","72"
"53","48","32","37","147"
"54","48","29","34","122"
"55","48","12","251","61"
"56","48","54","15","81"
"57","48","73","224","56"
"58","48","188","6","116"
"59","48","95","147","12"
"60","48","180","232","97"
"61","48","108","204","69"
"62","48","29","191","34"
"63","48","15","199","53"
"64","48","97","47","201"
"65","48","216","144","20"
"66","48","202","119","196"
"67","48","193","0","66"
"68","48","116","14","47"
"69","48","146","190","223"
"70","48","129","151","140"
"71","48","171","193","160"
"72","48","179","234","168"
"73","48","162","5","206"
"74","48","182","69","248"
"75","48","168","33","245"
"76","48","195","217","184"
"77","48","215","215","215"
"78","48","168","234","212"
"79","48","184","250","228"
"80","48","193","237","226"
"81","48","179","201","190"
"82","48","162","184","129"
"83","48","160","193","116"
"84","48","91","157","25"
"85","48","146","234","237"
"86","48","115","236","19"
"87","48","68","211","129"
"88","48","95","249","112"
"89","48","115","2","154"
"90","48","101","244","173"
"91","48","95","227","189"
"92","48","115","2","154"
"93","48","101","255","118"
"94","48","95","249","112"
"95","48","115","13","132"
"96","48","101","255","118"
"97","48","95","249","112"
"98","48","115","13","132"
"99","48","101","255","118"
"0","49","95","238","134"
"1","49","115","2","154"
"2","49","101","244","140"
"3","49","95","238","156"
"4","49","115","2","154"
"5","49","101","255","118"
"6","49","95","249","112"
"7","49","115","13","132"
"8","49","112","21","118"
"9","49","117","26","112"
"10","49","126","24","132"
"11","49","79","222","140"
"12","49","128","249","32"
"13","49","126","236","118"
"14","49","141","229","221"
"15","49","176","242","88"
"16","49","97","119","108"
"17","49","193","204","248"
"18","49","198","220","165"
"19","49","218","39","207"
"20","49","248","102","237"
"21","49","30","107","19"
"22","49","17","251","6"
"23","49","226","171","215"
"24","49","19","8","63"
"25","49","6","50","61"
"26","49","14","91","14"
"27","49","85","118","41"
"28","49","138","50","17"
"29","49","146","91","58"
"30","49","184","250","206"
"31","49","97","83","61"
"32","49","18","246","23"
"33","49","246","61","127"
"34","49","21","59","158"
"35","49","208","246","111"
"36","49","70","97","251"
"37","49","189","249","136"
"38","49","109","169","56"
"39","49","81","141","28"
"40","49","178","216","81"
"41","49","164","169","23"
"42","49","191","163","28"
"43","49","255","227","70"
"44","49","197","169","12"
"45","49","191","196","50"
"46","49","21","59","158"
"47","49","153","235","111"
"48","49","158","6","171"
"49","49","178","249","191"
"50","49","208","235","144"
"51","49","202","218","116"
"52","49","21","26","114"
"53","49","241","224","23"
"54","49","100","72","105"
"55","49","62","246","246"
"56","49","34","152","163"
"57","49","3","77","99"
"58","49","210","207","17"
"59","49","28","248","69"
"60","49","198","195","27"
"61","49","20","61","160"
"62","49","213","64","163"
"63","49","108","14","135"
"64","49","95","45","221"
"65","49","202","174","61"
"66","49","185","146","223"
"67","49","48","155","232"
"68","49","182","91","146"
"69","49","151","206","250"
"70","49","193","237","226"
"71","49","179","234","190"
"72","49","151","206","140"
"73","49","149","248","193"
"74","49","113","22","201"
"75","49","140","5","195"
"76","49","226","226","204"
"77","49","212","212","212"
"78","49","173","239","217"
"79","49","171","14","237"
"80","49","168","212","201"
"81","49","184","206","173"
"82","49","138","171","94"
"83","49","58","91","248"
"84","49","151","217","85"
"85","49","111","199","202"
"86","49","68","189","228"
"87","49","128","15","189"
"88","49","115","13","132"
"89","49","101","255","118"
"90","49","95","238","167"
"91","49","115","247","209"
"92","49","101","244","140"
"93","49","95","249","112"
"94","49","115","13","132"
"95","49","101","255","118"
"96","49","95","249","112"
"97","49","115","13","132"
"98","49","101","255","118"
"99","49","95","249","112"
"0","50","115","13","132"
"1","50","101","244","140"
"2","50","95","238","134"
"3","50","115","2","154"
"4","50","101","244","140"
"5","50","95","249","112"
"6","50","115","13","132"
"7","50","101","255","118"
"8","50","62","227","112"
"9","50","93","247","132"
"10","50","79","233","118"
"11","50","73","216","134"
"12","50","159","35","41"
"13","50","2","112","239"
"14","50","116","215","174"
"15","50","50","94","185"
"16","50","94","94","72"
"17","50","187","187","209"
"18","50","28","50","251"
"19","50","248","58","204"
"20","50","19","140","242"
"21","50","251","72","240"
"22","50","3","237","248"
"23","50","107","85","118"
"24","50","39","50","94"
"25","50","248","36","47"
"26","50","242","52","8"
"27","50","50","105","39"
"28","50","113","58","25"
"29","50","129","85","74"
"30","50","204","47","14"
"31","50","141","149","171"
"32","50","235","218","28"
"33","50","32","114","246"
"34","50","175","180","100"
"35","50","191","185","105"
"36","50","65","26","213"
"37","50","186","147","67"
"38","50","114","108","17"
"39","50","167","161","48"
"40","50","98","48","180"
"41","50","213","119","240"
"42","50","233","95","227"
"43","50","252","92","235"
"44","50","34","152","28"
"45","50","244","150","37"
"46","50","197","169","56"
"47","50","147","207","94"
"48","50","156","26","158"
"49","50","142","12","144"
"50","50","180","6","116"
"51","50","244","15","92"
"52","50","84","23","67"
"53","50","163","36","58"
"54","50","100","174","152"
"55","50","105","124","91"
"56","50","176","162","129"
"57","50","39","3","248"
"58","50","69","33","44"
"59","50","19","250","27"
"60","50","174","171","237"
"61","50","25","44","121"
"62","50","132","184","49"
"63","50","150","246","133"
"64","50","92","9","174"
"65","50","207","179","66"
"66","50","48","9","86"
"67","50","67","174","251"
"68","50","154","63","118"
"69","50","226","25","69"
"70","50","157","201","212"
"71","50","107","151","140"
"72","50","149","204","160"
"73","50","135","201","157"
"74","50","96","239","162"
"75","50","149","14","226"
"76","50","223","223","223"
"77","50","239","217","250"
"78","50","215","3","14"
"79","50","179","245","245"
"80","50","173","217","228"
"81","50","171","193","182"
"82","50","91","113","58"
"83","50","107","140","41"
"84","50","160","237","61"
"85","50","53","152","111"
"86","50","40","161","200"
"87","50","148","35","209"
"88","50","101","255","118"
"89","50","95","249","112"
"90","50","115","2","176"
"91","50","101","244","173"
"92","50","95","238","134"
"93","50","115","13","132"
"94","50","101","255","118"
"95","50","95","249","112"
"96","50","115","13","132"
"97","50","101","255","118"
"98","50","95","249","112"
"99","50","115","13","132"
"0","51","101","255","118"
"1","51","95","249","112"
"2","51","115","2","154"
"3","51","101","244","140"
"4","51","95","238","134"
"5","51","115","2","154"
"6","51","101","255","118"
"7","51","95","249","112"
"8","51","148","46","132"
"9","51","68","222","118"
"10","51","117","15","112"
"11","51","137","24","198"
"12","51","90","222","206"
"13","51","241","106","178"
"14","51","51","150","65"
"15","51","215","14","50"
"16","51","176","187","132"
"17","51","240","218","229"
"18","51","58","69","3"
"19","51","242","52","198"
"20","51","17","138","240"
"21","51","215","36","204"
"22","51","209","209","187"
"23","51","39","17","50"
"24","51","14","25","47"
"25","51","242","52","52"
"26","51","185","28","229"
"27","51","226","25","215"
"28","51","107","96","52"
"29","51","72","61","39"
"30","51","124","223","212"
"31","51","102","121","165"
"32","51","54","70","180"
"33","51","208","56","199"
"34","51","246","240","160"
"35","51","43","205","158"
"36","51","230","114","34"
"37","51","246","130","28"
"38","51","139","34","133"
"39","51","56","207","39"
"40","51","94","201","22"
"41","51","1","42","141"
"42","51","9","229","72"
"43","51","25","223","99"
"44","51","122","108","6"
"45","51","9","61","215"
"46","51","152","47","223"
"47","51","255","249","158"
"48","51","186","45","166"
"49","51","147","17","138"
"50","51","178","4","114"
"51","51","18","45","122"
"52","51","23","218","28"
"53","51","100","207","6"
"54","51","58","77","121"
"55","51","242","217","250"
"56","51","152","127","160"
"57","51","185","193","215"
"58","51","50","124","146"
"59","51","161","246","23"
"60","51","216","67","122"
"61","51","152","3","80"
"62","51","199","39","160"
"63","51","229","91","223"
"64","51","163","80","245"
"65","51","172","122","254"
"66","51","246","207","28"
"67","51","17","124","179"
"68","51","86","251","50"
"69","51","157","212","0"
"70","51","74","140","140"
"71","51","149","193","182"
"72","51","124","179","135"
"73","51","118","184","162"
"74","51","127","248","204"
"75","51","135","234","201"
"76","51","206","206","228"
"77","51","248","226","3"
"78","51","190","234","245"
"79","51","184","228","239"
"80","51","215","226","248"
"81","51","146","168","157"
"82","51","74","96","41"
"83","51","94","127","28"
"84","51","135","223","248"
"85","51","229","72","243"
"86","51","27","159","165"
"87","51","112","255","173"
"88","51","95","249","112"
"89","51","115","13","132"
"90","51","101","244","140"
"91","51","95","238","156"
"92","51","115","2","154"
"93","51","101","255","118"
"94","51","95","249","112"
"95","51","115","13","132"
"96","51","101","255","118"
"97","51","95","249","112"
"98","51","115","13","132"
"99","51","101","255","118"
"0","52","95","249","112"
"1","52","115","13","132"
"2","52","101","244","140"
"3","52","95","238","134"
"4","52","115","2","176"
"5","52","101","244","140"
"6","52","95","249","112"
"7","52","115","13","132"
"8","52","123","21","118"
"9","52","73","227","112"
"10","52","137","35","132"
"11","52","123","10","162"
"12","52","106","238","200"
"13","52","82","203","242"
"14","52","230","84","189"
"15","52","165","231","201"
"16","52","185","185","75"
"17","52","237","226","182"
"18","52","85","96","30"
"19","52","17","50","207"
"20","52","204","36","171"
"21","52","198","19","187"
"22","52","28","50","17"
"23","52","204","204","226"
"24","52","187","231","242"
"25","52","218","28","28"
"26","52","149","248","193"
"27","52","209","19","231"
"28","52","127","127","105"
"29","52","69","69","69"
"30","52","107","217","228"
"31","52","67","86","130"
"32","52","197","235","78"
"33","52","235","83","226"
"34","52","87","48","224"
"35","52","84","191","100"
"36","52","12","64","196"
"37","52","34","53","130"
"38","52","215","245","0"
"39","52","8","239","250"
"40","52","39","248","226"
"41","52","69","201","201"
"42","52","173","206","5"
"43","52","138","171","14"
"44","52","248","58","212"
"45","52","30","206","115"
"46","52","210","6","160"
"47","52","73","246","155"
"48","52","1","28","182"
"49","52","211","37","169"
"50","52","186","246","144"
"51","52","56","83","248"
"52","52","65","26","202"
"53","52","188","83","25"
"54","52","58","165","118"
"55","52","227","56","254"
"56","52","150","34","210"
"57","52","235","185","83"
"58","52","244","4","136"
"59","52","197","12","100"
"60","52","1","72","160"
"61","52","65","92","169"
"62","52","183","144","243"
"63","52","14","198","52"
"64","52","70","254","130"
"65","52","246","152","17"
"66","52","61","234","55"
"67","52","114","199","232"
"68","52","61","226","25"
"69","52","151","206","239"
"70","52","83","149","149"
"71","52","135","179","168"
"72","52","140","162","151"
"73","52","149","193","182"
"74","52","124","223","190"
"75","52","129","228","217"
"76","52","204","204","226"
"77","52","201","179","212"
"78","52","184","195","217"
"79","52","193","237","248"
"80","52","179","190","212"
"81","52","173","195","184"
"82","52","94","116","83"
"83","52","80","113","14"
"84","52","19","107","99"
"85","52","123","233","104"
"86","52","24","156","140"
"87","52","117","4","156"
"88","52","115","13","132"
"89","52","101","255","118"
"90","52","95","249","112"
"91","52","115","2","154"
"92","52","101","244","162"
"93","52","95","238","134"
"94","52","115","13","132"
"95","52","101","255","118"
"96","52","95","249","112"
"97","52","115","13","132"
"98","52","101","255","118"
"99","52","95","249","112"
"0","53","115","13","132"
"1","53","101","255","118"
"2","53","95","249","112"
"3","53","115","2","154"
"4","53","101","244","140"
"5","53","95","238","134"
"6","53","115","2","154"
"7","53","101","255","118"
"8","53","51","205","112"
"9","53","104","2","132"
"10","53","68","222","118"
"11","53","84","227","123"
"12","53","159","46","231"
"13","53","79","211","195"
"14","53","183","48","98"
"15","53","144","221","136"
"16","53","91","91","215"
"17","53","85","52","253"
"18","53","50","61","251"
"19","53","36","69","226"
"20","53","242","63","231"
"21","53","229","50","229"
"22","53","58","80","47"
"23","53","19","41","30"
"24","53","218","6","17"
"25","53","149","215","193"
"26","53","209","19","231"
"27","53","50","105","61"
"28","53","58","58","58"
"29","53","96","107","129"
"30","53","149","237","3"
"31","53","188","163","218"
"32","53","246","207","50"
"33","53","87","103","235"
"34","53","7","147","45"
"35","53","45","75","218"
"36","53","202","166","9"
"37","53","248","190","234"
"38","53","11","209","209"
"39","53","144","64","31"
"40","53","229","116","39"
"41","53","157","0","201"
"42","53","20","42","31"
"43","53","105","116","171"
"44","53","77","154","242"
"45","53","163","61","182"
"46","53","75","127","248"
"47","53","100","6","127"
"48","53","32","48","180"
"49","53","241","45","188"
"50","53","34","61","226"
"51","53","87","92","12"
"52","53","95","56","243"
"53","53","155","61","14"
"54","53","131","227","202"
"55","53","219","59","34"
"56","53","191","86","39"
"57","53","112","62","238"
"58","53","153","191","56"
"59","53","114","185","17"
"60","53","189","4","48"
"61","53","117","133","177"
"62","53","166","105","149"
"63","53","18","169","1"
"64","53","246","141","240"
"65","53","229","91","201"
"66","53","92","221","31"
"67","53","100","152","185"
"68","53","0","154","187"
"69","53","193","248","25"
"70","53","135","201","179"
"71","53","129","173","162"
"72","53","182","182","182"
"73","53","179","201","190"
"74","53","140","206","184"
"75","53","160","226","226"
"76","53","168","168","190"
"77","53","173","151","184"
"78","53","182","193","215"
"79","53","168","212","223"
"80","53","173","184","206"
"81","53","193","215","204"
"82","53","91","113","80"
"83","53","93","126","5"
"84","53","12","111","48"
"85","53","2","123","173"
"86","53","150","26","244"
"87","53","104","247","143"
"88","53","101","255","118"
"89","53","95","249","112"
"90","53","115","13","132"
"91","53","101","255","118"
"92","53","95","238","156"
"93","53","115","2","176"
"94","53","101","255","118"
"95","53","95","249","112"
"96","53","115","13","132"
"97","53","101","255","118"
"98","53","95","249","112"
"99","53","115","13","132"
"0","54","101","255","118"
"1","54","95","249","112"
"2","54","115","13","132"
"3","54","101","244","140"
"4","54","95","238","134"
"5","54","115","2","154"
"6","54","101","244","140"
"7","54","95","249","112"
"8","54","137","35","132"
"9","54","134","32","129"
"10","54","95","249","112"
"11","54","104","247","143"
"12","54","123","10","184"
"13","54","40","172","134"
"14","54","38","170","154"
"15","54","106","183","65"
"16","54","19","30","132"
"17","54","160","127","72"
"18","54","193","204","138"
"19","54","253","30","209"
"20","54","105","160","94"
"21","54","14","80","36"
"22","54","19","41","30"
"23","54","251","17","6"
"24","54","25","47","36"
"25","54","209","253","242"
"26","54","39","94","50"
"27","54","102","124","91"
"28","54","41","41","41"
"29","54","127","138","160"
"30","54","113","168","201"
"31","54","69","223","0"
"32","54","186","205","26"
"33","54","4","67","155"
"34","54","97","61","182"
"35","54","238","169","23"
"36","54","215","124","201"
"37","54","154","63","118"
"38","54","12","210","210"
"39","54","254","207","185"
"40","54","3","212","146"
"41","54","100","31","221"
"42","54","20","185","152"
"43","54","138","58","47"
"44","54","227","191","202"
"45","54","26","78","111"
"46","54","166","72","105"
"47","54","76","59","114"
"48","54","29","45","155"
"49","54","45","72","226"
"50","54","98","114","12"
"51","54","106","78","221"
"52","54","166","94","226"
"53","54","186","48","180"
"54","54","26","78","210"
"55","54","163","171","47"
"56","54","92","100","210"
"57","54","221","28","94"
"58","54","171","33","44"
"59","54","12","130","119"
"60","54","20","149","105"
"61","54","226","55","0"
"62","54","45","64","31"
"63","54","232","240","240"
"64","54","160","223","55"
"65","54","136","210","64"
"66","54","166","229","39"
"67","54","160","135","168"
"68","54","232","97","119"
"69","54","146","201","234"
"70","54","195","5","239"
"71","54","226","25","237"
"72","54","223","223","201"
"73","54","206","206","206"
"74","54","171","237","215"
"75","54","146","212","190"
"76","54","184","184","184"
"77","54","204","204","204"
"78","54","179","201","190"
"79","54","162","206","195"
"80","54","193","204","226"
"81","54","135","157","146"
"82","54","151","173","140"
"83","54","138","182","28"
"84","54","230","84","222"
"85","54","51","183","189"
"86","54","192","79","8"
"87","54","79","233","118"
"88","54","95","249","112"
"89","54","115","13","132"
"90","54","101","10","118"
"91","54","95","249","112"
"92","54","115","2","176"
"93","54","101","244","173"
"94","54","95","249","112"
"95","54","115","13","132"
"96","54","101","255","118"
"97","54","95","249","112"
"98","54","115","13","132"
"99","54","101","255","118"
"0","55","95","249","112"
"1","55","115","13","132"
"2","55","101","255","118"
"3","55","95","249","112"
"4","55","115","2","154"
"5","55","101","244","140"
"6","55","95","238","134"
"7","55","115","2","154"
"8","55","112","10","129"
"9","55","40","194","112"
"10","55","115","13","132"
"11","55","123","21","140"
"12","55","95","238","134"
"13","55","137","24","198"
"14","55","156","43","228"
"15","55","252","84","167"
"16","55","249","4","84"
"17","55","248","237","182"
"18","55","19","30","220"
"19","55","240","6","207"
"20","55","237","36","248"
"21","55","242","30","19"
"22","55","61","105","94"
"23","55","69","91","80"
"24","55","52","74","63"
"25","55","94","94","94"
"26","55","80","80","58"
"27","55","118","118","96"
"28","55","116","116","116"
"29","55","113","135","124"
"30","55","96","140","151"
"31","55","185","17","50"
"32","55","116","25","58"
"33","55","110","63","129"
"34","55","61","248","69"
"35","55","91","22","110"
"36","55","176","140","217"
"37","55","75","72","138"
"38","55","251","14","69"
"39","55","179","231","8"
"40","55","166","218","229"
"41","55","218","14","25"
"42","55","0","63","41"
"43","55","97","149","160"
"44","55","149","245","234"
"45","55","88","206","217"
"46","55","23","207","196"
"47","55","48","243","9"
"48","55","56","251","61"
"49","55","87","249","92"
"50","55","95","1","100"
"51","55","221","116","215"
"52","55","172","34","133"
"53","55","86","160","248"
"54","55","121","162","5"
"55","55","17","36","113"
"56","55","116","135","190"
"57","55","22","74","118"
"58","55","221","39","61"
"59","55","185","3","25"
"60","55","234","30","41"
"61","55","75","127","138"
"62","55","182","212","223"
"63","55","231","239","27"
"64","55","50","69","146"
"65","55","248","0","110"
"66","55","231","228","38"
"67","55","185","127","171"
"68","55","47","135","168"
"69","55","5","49","60"
"70","55","226","36","14"
"71","55","179","234","190"
"72","55","16","5","239"
"73","55","14","3","237"
"74","55","179","223","212"
"75","55","151","217","195"
"76","55","215","237","226"
"77","55","223","223","223"
"78","55","206","228","217"
"79","55","193","237","226"
"80","55","168","190","179"
"81","55","118","140","129"
"82","55","248","14","215"
"83","55","100","144","213"
"84","55","230","84","189"
"85","55","170","46","8"
"86","55","24","167","118"
"87","55","150","48","167"
"88","55","115","13","132"
"89","55","101","255","118"
"90","55","95","4","112"
"91","55","115","13","132"
"92","55","101","244","162"
"93","55","95","238","167"
"94","55","115","13","132"
"95","55","101","255","118"
"96","55","95","249","112"
"97","55","115","13","132"
"98","55","101","255","118"
"99","55","95","249","112"
"0","56","115","13","132"
"1","56","101","255","118"
"2","56","95","249","112"
"3","56","115","13","132"
"4","56","101","244","140"
"5","56","95","238","134"
"6","56","115","2","154"
"7","56","101","244","140"
"8","56","95","249","112"
"9","56","115","13","132"
"10","56","112","10","129"
"11","56","95","249","112"
"12","56","104","2","132"
"13","56","123","10","162"
"14","56","106","249","167"
"15","56","82","181","220"
"16","56","34","67","92"
"17","56","231","242","154"
"18","56","196","207","152"
"19","56","182","204","171"
"20","56","242","8","253"
"21","56","28","72","61"
"22","56","226","14","3"
"23","56","96","118","107"
"24","56","50","50","28"
"25","56","124","113","91"
"26","56","74","63","41"
"27","56","127","116","94"
"28","56","124","146","135"
"29","56","242","8","253"
"30","56","160","204","215"
"31","56","124","190","190"
"32","56","96","228","228"
"33","56","61","25","14"
"34","56","50","80","91"
"35","56","251","80","135"
"36","56","153","70","147"
"37","56","106","34","166"
"38","56","67","17","171"
"39","56","32","238","158"
"40","56","18","191","100"
"41","56","12","196","72"
"42","56","32","216","70"
"43","56","139","56","133"
"44","56","177","83","116"
"45","56","37","166","188"
"46","56","138","0","22"
"47","56","198","250","27"
"48","56","254","6","6"
"49","56","108","72","83"
"50","56","135","110","143"
"51","56","64","72","94"
"52","56","3","55","88"
"53","56","165","250","27"
"54","56","37","166","210"
"55","56","227","122","188"
"56","56","111","6","94"
"57","56","10","172","37"
"58","56","18","158","56"
"59","56","100","240","160"
"60","56","197","92","34"
"61","56","37","243","163"
"62","56","152","113","33"
"63","56","227","144","53"
"64","56","53","94","215"
"65","56","154","118","217"
"66","56","116","69","135"
"67","56","190","88","121"
"68","56","184","239","16"
"69","56","204","248","3"
"70","56","168","234","212"
"71","56","217","16","228"
"72","56","248","237","215"
"73","56","245","234","212"
"74","56","195","250","206"
"75","56","204","14","226"
"76","56","212","234","201"
"77","56","184","206","173"
"78","56","171","226","182"
"79","56","135","190","146"
"80","56","129","151","140"
"81","56","116","138","105"
"82","56","168","201","102"
"83","56","50","105","119"
"84","56","16","137","176"
"85","56","156","43","217"
"86","56","62","205","112"
"87","56","148","46","165"
"88","56","101","255","118"
"89","56","95","249","112"
"90","56","115","24","132"
"91","56","101","10","118"
"92","56","95","238","134"
"93","56","115","2","176"
"94","56","101","244","140"
"95","56","95","249","112"
"96","56","115","13","132"
"97","56","101","255","118"
"98","56","95","249","112"
"99","56","115","13","132"
"0","57","101","255","118"
"1","57","95","249","112"
"2","57","115","13","132"
"3","57","101","255","118"
"4","57","95","238","134"
"5","57","115","2","154"
"6","57","101","244","140"
"7","57","95","238","134"
"8","57","115","13","132"
"9","57","101","255","118"
"10","57","106","4","123"
"11","57","115","13","132"
"12","57","90","244","118"
"13","57","106","4","123"
"14","57","115","2","154"
"15","57","35","167","173"
"16","57","138","193","196"
"17","57","105","138","17"
"18","57","204","237","160"
"19","57","132","154","121"
"20","57","207","218","240"
"21","57","248","3","25"
"22","57","231","19","8"
"23","57","251","17","6"
"24","57","124","124","102"
"25","57","107","96","74"
"26","57","105","61","50"
"27","57","80","58","69"
"28","57","63","107","96"
"29","57","105","171","171"
"30","57","47","113","113"
"31","57","184","250","250"
"32","57","94","226","204"
"33","57","204","168","157"
"34","57","243","61","61"
"35","57","255","183","205"
"36","57","150","155","243"
"37","57","133","149","47"
"38","57","43","26","235"
"39","57","7","246","221"
"40","57","213","163","149"
"41","57","211","172","125"
"42","57","164","158","67"
"43","57","180","152","17"
"44","57","131","92","169"
"45","57","117","12","78"
"46","57","9","94","149"
"47","57","229","237","25"
"48","57","102","0","11"
"49","57","206","60","71"
"50","57","226","91","113"
"51","57","113","55","77"
"52","57","121","140","184"
"53","57","194","56","78"
"54","57","117","56","100"
"55","57","78","61","127"
"56","57","233","238","92"
"57","57","7","235","122"
"58","57","34","207","138"
"59","57","65","227","180"
"60","57","84","23","243"
"61","57","122","72","58"
"62","57","208","1","210"
"63","57","136","130","39"
"64","57","229","25","157"
"65","57","169","111","221"
"66","57","204","135","212"
"67","57","96","239","49"
"68","57","204","36","58"
"69","57","91","157","157"
"70","57","173","38","250"
"71","57","193","3","215"
"72","57","223","212","190"
"73","57","239","228","206"
"74","57","215","14","226"
"75","57","190","0","212"
"76","57","173","228","184"
"77","57","193","215","182"
"78","57","135","190","124"
"79","57","129","184","118"
"80","57","127","149","116"
"81","57","157","179","124"
"82","57","5","49","151"
"83","57","166","232","202"
"84","57","2","134","118"
"85","57","106","4","123"
"86","57","148","46","165"
"87","57","79","233","118"
"88","57","95","249","112"
"89","57","115","13","132"
"90","57","101","10","118"
"91","57","95","4","112"
"92","57","115","2","154"
"93","57","101","244","162"
"94","57","95","238","134"
"95","57","115","13","132"
"96","57","101","255","118"
"97","57","95","249","112"
"98","57","115","13","132"
"99","57","101","255","118"
"0","58","95","249","112"
"1","58","115","13","132"
"2","58","101","255","118"
"3","58","95","249","112"
"4","58","115","13","132"
"5","58","101","255","118"
"6","58","95","249","112"
"7","58","115","13","132"
"8","58","101","255","118"
"9","58","95","249","112"
"10","58","126","24","143"
"11","58","101","255","118"
"12","58","84","238","112"
"13","58","115","13","132"
"14","58","101","255","118"
"15","58","40","172","156"
"16","58","241","84","21"
"17","58","204","25","105"
"18","58","165","231","121"
"19","58","218","240","207"
"20","58","127","138","160"
"21","58","198","209","231"
"22","58","72","116","105"
"23","58","237","3","248"
"24","58","107","96","74"
"25","58","215","171","160"
"26","58","245","201","190"
"27","58","228","228","228"
"28","58","97","185","207"
"29","58","182","58","58"
"30","58","198","52","63"
"31","58","196","50","72"
"32","58","124","245","11"
"33","58","146","99","143"
"34","58","32","117","150"
"35","58","205","122","177"
"36","58","78","50","149"
"37","58","43","15","158"
"38","58","128","45","232"
"39","58","78","207","171"
"40","58","167","40","249"
"41","58","21","172","114"
"42","58","15","243","130"
"43","58","101","106","216"
"44","58","186","191","23"
"45","58","144","105","204"
"46","58","241","103","213"
"47","58","75","83","193"
"48","58","217","82","148"
"49","58","207","28","94"
"50","58","215","58","135"
"51","58","162","93","181"
"52","58","188","229","72"
"53","58","4","177","254"
"54","58","188","215","36"
"55","58","76","147","235"
"56","58","109","169","34"
"57","58","15","31","163"
"58","58","145","62","227"
"59","58","40","180","100"
"60","58","155","6","171"
"61","58","62","202","78"
"62","58","147","119","218"
"63","58","163","91","179"
"64","58","26","78","199"
"65","58","67","53","174"
"66","58","121","74","151"
"67","58","193","102","179"
"68","58","237","102","124"
"69","58","129","239","250"
"70","58","83","248","193"
"71","58","47","168","124"
"72","58","27","27","27"
"73","58","58","36","47"
"74","58","245","44","0"
"75","58","206","16","228"
"76","58","193","248","182"
"77","58","135","190","124"
"78","58","129","162","85"
"79","58","138","160","105"
"80","58","135","157","102"
"81","58","41","74","231"
"82","58","124","179","215"
"83","58","26","103","252"
"84","58","29","161","123"
"85","58","181","79","176"
"86","58","101","255","118"
"87","58","106","4","112"
"88","58","115","13","132"
"89","58","101","255","118"
"90","58","95","249","112"
"91","58","115","13","132"
"92","58","101","255","118"
"93","58","95","238","134"
"94","58","115","13","132"
"95","58","101","255","118"
"96","58","95","249","112"
"97","58","115","13","132"
"98","58","101","255","118"
"99","58","95","249","112"
"0","59","115","13","132"
"1","59","101","255","118"
"2","59","95","249","112"
"3","59","115","13","132"
"4","59","101","255","118"
"5","59","95","249","112"
"6","59","115","13","132"
"7","59","101","255","118"
"8","59","95","249","112"
"9","59","104","2","132"
"10","59","101","255","118"
"11","59","95","249","112"
"12","59","104","2","132"
"13","59","112","10","129"
"14","59","106","4","123"
"15","59","82","214","176"
"16","59","211","65","192"
"17","59","44","132","135"
"18","59","251","61","185"
"19","59","248","14","215"
"20","59","187","187","187"
"21","59","218","218","240"
"22","59","226","14","3"
"23","59","41","63","30"
"24","59","127","138","83"
"25","59","223","212","190"
"26","59","239","217","228"
"27","59","204","248","25"
"28","59","45","221","221"
"29","59","182","146","157"
"30","59","218","160","182"
"31","59","221","163","207"
"32","59","220","173","239"
"33","59","89","130","207"
"34","59","40","202","235"
"35","59","56","17","83"
"36","59","208","191","1"
"37","59","169","130","229"
"38","59","199","50","215"
"39","59","244","51","227"
"40","59","177","240","138"
"41","59","66","162","49"
"42","59","122","50","160"
"43","59","42","14","113"
"44","59","39","11","110"
"45","59","51","1","133"
"46","59","227","78","243"
"47","59","50","102","0"
"48","59","188","130","240"
"49","59","161","92","180"
"50","59","243","185","39"
"51","59","232","240","94"
"52","59","210","61","160"
"53","59","108","36","124"
"54","59","18","56","133"
"55","59","106","177","9"
"56","59","188","226","69"
"57","59","37","42","152"
"58","59","152","58","179"
"59","59","198","38","181"
"60","59","72","168","33"
"61","59","39","157","11"
"62","59","138","55","132"
"63","59","26","199","20"
"64","59","136","232","97"
"65","59","50","91","212"
"66","59","243","251","105"
"67","59","36","0","77"
"68","59","146","88","132"
"69","59","127","69","69"
"70","59","229","193","171"
"71","59","91","11","234"
"72","59","80","124","135"
"73","59","77","77","99"
"74","59","5","71","49"
"75","59","237","80","25"
"76","59","201","11","223"
"77","59","162","217","151"
"78","59","171","193","138"
"79","59","135","168","91"
"80","59","173","195","140"
"81","59","25","58","193"
"82","59","182","248","218"
"83","59","172","4","87"
"84","59","93","236","154"
"85","59","123","21","118"
"86","59","95","249","112"
"87","59","93","247","132"
"88","59","101","255","118"
"89","59","95","249","112"
"90","59","115","13","132"
"91","59","101","255","118"
"92","59","95","249","112"
"93","59","115","13","132"
"94","59","101","255","118"
"95","59","95","249","112"
"96","59","115","13","132"
"97","59","101","255","118"
"98","59","95","249","112"
"99","59","115","13","132"
"0","60","101","244","140"
"1","60","95","238","134"
"2","60","115","13","132"
"3","60","101","255","118"
"4","60","95","249","112"
"5","60","115","13","132"
"6","60","101","255","118"
"7","60","95","249","112"
"8","60","115","13","132"
"9","60","90","244","118"
"10","60","95","238","134"
"11","60","115","2","154"
"12","60","90","244","118"
"13","60","106","4","123"
"14","60","137","35","154"
"15","60","90","233","162"
"16","60","18","139","211"
"17","60","158","1","194"
"18","60","91","135","204"
"19","60","198","231","132"
"20","60","94","83","61"
"21","60","69","69","69"
"22","60","165","220","176"
"23","60","138","193","127"
"24","60","135","157","102"
"25","60","173","173","151"
"26","60","182","193","237"
"27","60","124","223","22"
"28","60","108","127","171"
"29","60","194","23","56"
"30","60","149","201","245"
"31","60","86","149","215"
"32","60","136","254","97"
"33","60","202","130","218"
"34","60","169","174","240"
"35","60","156","183","238"
"36","60","252","1","67"
"37","60","92","53","119"
"38","60","85","192","13"
"39","60","239","24","123"
"40","60","210","229","50"
"41","60","72","91","168"
"42","60","47","154","209"
"43","60","66","217","27"
"44","60","45","207","50"
"45","60","103","243","141"
"46","60","12","97","39"
"47","60","26","111","75"
"48","60","84","224","122"
"49","60","114","20","141"
"50","60","233","139","4"
"51","60","59","243","75"
"52","60","127","55","143"
"53","60","51","12","78"
"54","60","139","122","177"
"55","60","158","141","196"
"56","60","214","175","241"
"57","60","254","171","248"
"58","60","209","71","170"
"59","60","61","157","22"
"60","60","135","231","107"
"61","60","149","0","165"
"62","60","233","139","26"
"63","60","26","188","75"
"64","60","20","182","69"
"65","60","205","89","221"
"66","60","86","160","25"
"67","60","124","165","8"
"68","60","56","75","130"
"69","60","36","66","77"
"70","60","135","198","176"
"71","60","45","31","9"
"72","60","44","99","132"
"73","60","27","38","82"
"74","60","237","47","47"
"75","60","201","44","33"
"76","60","217","27","5"
"77","60","215","14","226"
"78","60","212","223","168"
"79","60","195","206","151"
"80","60","160","193","116"
"81","60","22","66","157"
"82","60","61","138","53"
"83","60","60","159","176"
"84","60","167","54","206"
"85","60","40","194","112"
"86","60","126","24","132"
"87","60","90","244","118"
"88","60","95","249","112"
"89","60","115","2","154"
"90","60","101","244","140"
"91","60","95","249","112"
"92","60","115","13","132"
"93","60","101","255","118"
"94","60","95","249","112"
"95","60","115","2","154"
"96","60","101","255","118"
"97","60","95","249","112"
"98","60","115","13","132"
"99","60","101","255","118"
"0","61","95","238","134"
"1","61","115","2","154"
"2","61","101","255","118"
"3","61","95","249","112"
"4","61","115","13","132"
"5","61","101","255","118"
"6","61","95","249","112"
"7","61","115","13","132"
"8","61","101","255","118"
"9","61","84","238","112"
"10","61","115","2","154"
"11","61","112","255","151"
"12","61","95","249","112"
"13","61","126","24","143"
"14","61","134","32","151"
"15","61","106","249","167"
"16","61","60","192","198"
"17","61","120","230","101"
"18","61","176","231","245"
"19","61","50","72","207"
"20","61","47","36","248"
"21","61","96","85","63"
"22","61","50","127","50"
"23","61","69","146","69"
"24","61","107","129","74"
"25","61","127","149","138"
"26","61","179","234","22"
"27","61","118","27","104"
"28","61","4","133","177"
"29","61","59","254","42"
"30","61","36","187","253"
"31","61","230","125","213"
"32","61","142","103","202"
"33","61","89","94","204"
"34","61","244","59","147"
"35","61","175","246","78"
"36","61","59","97","196"
"37","61","145","150","238"
"38","61","62","224","67"
"39","61","67","185","28"
"40","61","109","183","15"
"41","61","205","34","89"
"42","61","122","251","39"
"43","61","32","183","249"
"44","61","186","92","191"
"45","61","81","243","108"
"46","61","112","252","172"
"47","61","127","22","220"
"48","61","67","83","237"
"49","61","35","95","238"
"50","61","153","191","56"
"51","61","53","69","179"
"52","61","97","102","190"
"53","61","40","23","89"
"54","61","224","185","251"
"55","61","21","216","26"
"56","61","51","246","56"
"57","61","111","50","116"
"58","61","219","147","235"
"59","61","15","199","53"
"60","61","9","193","69"
"61","61","219","136","45"
"62","61","172","89","254"
"63","61","155","105","25"
"64","61","252","213","133"
"65","61","81","53","196"
"66","61","61","223","110"
"67","61","249","111","221"
"68","61","111","218","39"
"69","61","44","129","162"
"70","61","224","108","108"
"71","61","97","149","160"
"72","61","250","93","148"
"73","61","3","36","91"
"74","61","190","245","33"
"75","61","162","250","16"
"76","61","204","14","14"
"77","61","179","223","212"
"78","61","195","195","173"
"79","61","226","215","171"
"80","61","179","190","124"
"81","61","118","162","231"
"82","61","32","120","225"
"83","61","247","101","118"
"84","61","150","37","189"
"85","61","115","13","132"
"86","61","90","244","118"
"87","61","128","26","123"
"88","61","115","13","132"
"89","61","101","244","162"
"90","61","95","238","156"
"91","61","115","2","154"
"92","61","101","255","118"
"93","61","95","249","112"
"94","61","115","13","132"
"95","61","101","244","140"
"96","61","95","249","112"
"97","61","115","13","132"
"98","61","101","255","118"
"99","61","95","249","112"
"0","62","115","2","176"
"1","62","101","244","140"
"2","62","95","249","112"
"3","62","115","13","132"
"4","62","101","255","118"
"5","62","95","249","112"
"6","62","115","13","132"
"7","62","101","255","118"
"8","62","106","4","123"
"9","62","104","2","132"
"10","62","101","244","140"
"11","62","106","249","145"
"12","62","104","247","143"
"13","62","101","244","140"
"14","62","117","15","134"
"15","62","126","13","165"
"16","62","134","10","228"
"17","62","230","95","167"
"18","62","15","81","51"
"19","62","14","36","138"
"20","62","52","19","220"
"21","62","28","17","229"
"22","62","47","124","47"
"23","62","176","30","198"
"24","62","94","149","83"
"25","62","80","146","146"
"26","62","107","206","5"
"27","62","28","248","91"
"28","62","180","141","207"
"29","62","34","72","149"
"30","62","117","122","210"
"31","62","161","133","232"
"32","62","1","207","83"
"33","62","197","169","56"
"34","62","142","180","45"
"35","62","125","196","94"
"36","62","90","194","103"
"37","62","233","81","246"
"38","62","59","130","50"
"39","62","123","183","81"
"40","62","153","180","78"
"41","62","136","152","6"
"42","62","156","183","4"
"43","62","98","125","180"
"44","62","136","141","207"
"45","62","189","194","4"
"46","62","120","103","169"
"47","62","91","96","184"
"48","62","65","125","246"
"49","62","211","37","169"
"50","62","92","174","50"
"51","62","7","67","210"
"52","62","185","223","88"
"53","62","45","39","182"
"54","62","54","26","169"
"55","62","18","224","122"
"56","62","56","28","171"
"57","62","54","70","202"
"58","62","230","34","155"
"59","62","1","83","193"
"60","62","109","191","45"
"61","62","95","155","20"
"62","62","100","94","237"
"63","62","175","169","78"
"64","62","172","232","130"
"65","62","53","113","11"
"66","62","238","232","141"
"67","62","202","152","28"
"68","62","61","223","66"
"69","62","100","17","72"
"70","62","224","152","174"
"71","62","47","132","165"
"72","62","237","124","212"
"73","62","245","33","132"
"74","62","173","250","60"
"75","62","182","14","47"
"76","62","157","223","223"
"77","62","151","173","162"
"78","62","204","193","171"
"79","62","245","201","168"
"80","62","250","5","173"
"81","62","254","53","89"
"82","62","68","156","239"
"83","62","139","249","189"
"84","62","82","225","132"
"85","62","134","32","129"
"86","62","117","15","112"
"87","62","104","2","132"
"88","62","101","244","140"
"89","62","95","238","156"
"90","62","115","2","187"
"91","62","101","244","162"
"92","62","95","4","112"
"93","62","115","24","132"
"94","62","101","255","118"
"95","62","95","238","134"
"96","62","115","13","132"
"97","62","101","255","118"
"98","62","95","249","112"
"99","62","115","13","132"
"0","63","101","244","140"
"1","63","95","238","134"
"2","63","115","13","132"
"3","63","101","255","118"
"4","63","95","249","112"
"5","63","115","13","132"
"6","63","101","255","118"
"7","63","95","249","112"
"8","63","137","35","154"
"9","63","90","244","118"
"10","63","95","238","134"
"11","63","126","13","165"
"12","63","79","222","118"
"13","63","84","227","123"
"14","63","126","24","143"
"15","63","101","244","140"
"16","63","117","4","156"
"17","63","104","236","220"
"18","63","167","244","126"
"19","63","11","55","58"
"20","63","237","237","105"
"21","63","47","58","226"
"22","63","220","41","209"
"23","63","50","160","72"
"24","63","47","102","36"
"25","63","107","173","173"
"26","63","105","204","3"
"27","63","91","55","132"
"28","63","251","190","0"
"29","63","222","37","103"
"30","63","172","243","75"
"31","63","235","39","160"
"32","63","156","172","26"
"33","63","161","177","53"
"34","63","191","218","116"
"35","63","134","194","92"
"36","63","21","125","56"
"37","63","26","141","94"
"38","63","24","161","103"
"39","63","255","136","78"
"40","63","249","119","17"
"41","63","46","150","37"
"42","63","21","81","224"
"43","63","147","185","50"
"44","63","46","84","161"
"45","63","65","103","180"
"46","63","136","185","229"
"47","63","98","169","235"
"48","63","21","136","235"
"49","63","249","119","240"
"50","63","156","26","147"
"51","63","84","166","42"
"52","63","53","113","11"
"53","63","76","81","1"
"54","63","208","202","122"
"55","63","23","17","193"
"56","63","244","249","169"
"57","63","175","235","133"
"58","63","158","28","149"
"59","63","189","81","191"
"60","63","153","45","155"
"61","63","180","39","160"
"62","63","65","103","224"
"63","63","106","122","20"
"64","63","144","204","102"
"65","63","29","100","254"
"66","63","180","240","138"
"67","63","75","113","234"
"68","63","249","254","108"
"69","63","155","116","193"
"70","63","163","102","146"
"71","63","89","174","207"
"72","63","212","99","187"
"73","63","239","38","104"
"74","63","237","36","80"
"75","63","201","0","33"
"76","63","162","206","195"
"77","63","171","193","160"
"78","63","212","201","157"
"79","63","16","16","184"
"80","63","193","226","39"
"81","63","131","208","123"
"82","63","84","183","200"
"83","63","170","24","209"
"84","63","90","233","129"
"85","63","84","238","112"
"86","63","137","35","132"
"87","63","68","222","118"
"88","63","95","238","134"
"89","63","115","2","176"
"90","63","101","244","173"
"91","63","95","238","134"
"92","63","115","13","132"
"93","63","101","255","118"
"94","63","95","249","112"
"95","63","115","2","154"
"96","63","101","255","118"
"97","63","95","249","112"
"98","63","115","13","132"
"99","63","101","255","118"
"0","64","95","249","112"
"1","64","115","13","132"
"2","64","101","255","118"
"3","64","95","249","112"
"4","64","115","13","132"
"5","64","101","255","118"
"6","64","95","249","112"
"7","64","115","13","132"
"8","64","101","255","118"
"9","64","95","249","112"
"10","64","115","13","132"
"11","64","101","255","118"
"12","64","95","249","112"
"13","64","115","13","132"
"14","64","101","255","118"
"15","64","95","249","112"
"16","64","115","13","132"
"17","64","101","244","140"
"18","64","62","161","178"
"19","64","244","65","203"
"20","64","111","155","158"
"21","64","187","231","66"
"22","64","251","61","207"
"23","64","25","80","14"
"24","64","85","107","52"
"25","64","94","138","127"
"26","64","47","135","157"
"27","64","151","93","137"
"28","64","180","31","86"
"29","64","208","213","23"
"30","64","224","105","171"
"31","64","200","125","224"
"32","64","98","235","67"
"33","64","202","61","182"
"34","64","10","70","191"
"35","64","142","169","67"
"36","64","48","75","240"
"37","64","101","161","59"
"38","64","98","169","89"
"39","64","238","86","251"
"40","64","35","139","48"
"41","64","10","59","246"
"42","64","147","152","72"
"43","64","123","117","37"
"44","64","54","48","191"
"45","64","114","152","17"
"46","64","32","125","202"
"47","64","153","34","100"
"48","64","216","141","240"
"49","64","247","161","26"
"50","64","109","1","122"
"51","64","144","248","135"
"52","64","7","67","221"
"53","64","172","199","108"
"54","64","224","229","149"
"55","64","211","238","147"
"56","64","219","23","177"
"57","64","191","6","160"
"58","64","167","37","169"
"59","64","164","34","166"
"60","64","191","39","182"
"61","64","10","81","235"
"62","64","84","111","9"
"63","64","133","149","47"
"64","64","197","213","89"
"65","64","125","152","50"
"66","64","42","124","0"
"67","64","62","177","42"
"68","64","213","39","149"
"69","64","240","0","110"
"70","64","84","1","78"
"71","64","207","226","25"
"72","64","60","181","225"
"73","64","138","193","226"
"74","64","11","55","44"
"75","64","184","239","195"
"76","64","193","248","182"
"77","64","146","179","102"
"78","64","206","217","129"
"79","64","97","130","177"
"80","64","18","106","211"
"81","64","106","238","200"
"82","64","38","181","132"
"83","64","167","54","206"
"84","64","128","26","145"
"85","64","82","236","132"
"86","64","101","255","118"
"87","64","95","249","112"
"88","64","115","13","132"
"89","64","101","244","140"
"90","64","95","238","134"
"91","64","115","13","132"
"92","64","101","255","118"
"93","64","95","249","112"
"94","64","115","13","132"
"95","64","101","255","118"
"96","64","95","249","112"
"97","64","115","13","132"
"98","64","101","255","118"
"99","64","95","249","112"
"0","65","115","13","132"
"1","65","101","255","118"
"2","65","95","249","112"
"3","65","115","13","132"
"4","65","101","255","118"
"5","65","95","249","112"
"6","65","115","13","132"
"7","65","101","255","118"
"8","65","95","249","112"
"9","65","115","13","132"
"10","65","101","255","118"
"11","65","95","249","112"
"12","65","115","13","132"
"13","65","101","255","118"
"14","65","95","249","112"
"15","65","115","13","132"
"16","65","134","32","118"
"17","65","117","15","112"
"18","65","137","247","187"
"19","65","79","178","217"
"20","65","219","40","189"
"21","65","155","210","224"
"22","65","36","102","226"
"23","65","253","30","209"
"24","65","39","61","28"
"25","65","135","157","146"
"26","65","96","162","162"
"27","65","160","58","69"
"28","65","64","116","149"
"29","65","235","196","6"
"30","65","233","114","202"
"31","65","153","122","221"
"32","65","48","240","83"
"33","65","145","37","147"
"34","65","241","67","177"
"35","65","23","61","182"
"36","65","200","216","114"
"37","65","87","114","12"
"38","65","37","108","6"
"39","65","35","139","26"
"40","65","98","169","89"
"41","65","59","108","39"
"42","65","90","95","37"
"43","65","164","125","56"
"44","65","180","174","83"
"45","65","255","26","180"
"46","65","153","12","89"
"47","65","48","196","28"
"48","65","79","15","114"
"49","65","233","169","23"
"50","65","48","196","61"
"51","65","142","246","133"
"52","65","216","20","174"
"53","65","133","160","69"
"54","65","142","169","78"
"55","65","73","100","9"
"56","65","202","17","171"
"57","65","211","26","180"
"58","65","186","34","177"
"59","65","202","50","193"
"60","65","244","92","235"
"61","65","18","89","243"
"62","65","67","127","14"
"63","65","153","169","67"
"64","65","125","119","6"
"65","65","108","124","0"
"66","65","29","133","20"
"67","65","70","196","72"
"68","65","152","22","143"
"69","65","117","155","254"
"70","65","92","221","31"
"71","65","143","151","195"
"72","65","3","124","146"
"73","65","22","66","77"
"74","65","250","16","5"
"75","65","25","47","248"
"76","65","168","223","146"
"77","65","85","151","19"
"78","65","196","240","53"
"79","65","233","54","225"
"80","65","51","183","145"
"81","65","60","214","132"
"82","65","112","10","129"
"83","65","106","4","123"
"84","65","49","203","132"
"85","65","101","255","118"
"86","65","161","59","178"
"87","65","93","247","132"
"88","65","101","255","118"
"89","65","95","249","112"
"90","65","115","13","132"
"91","65","101","255","118"
"92","65","95","249","112"
"93","65","115","13","132"
"94","65","101","255","118"
"95","65","95","249","112"
"96","65","115","13","132"
"97","65","101","255","118"
"98","65","95","249","112"
"99","65","115","13","132"
"0","66","101","255","118"
"1","66","95","249","112"
"2","66","115","13","132"
"3","66","101","255","118"
"4","66","95","249","112"
"5","66","115","13","132"
"6","66","101","255","118"
"7","66","95","249","112"
"8","66","115","13","132"
"9","66","101","255","118"
"10","66","95","249","112"
"11","66","115","13","132"
"12","66","101","255","118"
"13","66","95","249","112"
"14","66","115","13","132"
"15","66","101","255","118"
"16","66","252","161","112"
"17","66","214","112","231"
"18","66","68","189","118"
"19","66","183","37","255"
"20","66","126","214","41"
"21","66","238","48","252"
"22","66","242","63","143"
"23","66","196","229","152"
"24","66","25","47","14"
"25","66","96","118","107"
"26","66","94","149","105"
"27","66","146","22","0"
"28","66","66","96","85"
"29","66","87","4","59"
"30","66","142","224","78"
"31","66","180","94","237"
"32","66","178","114","224"
"33","66","98","12","133"
"34","66","136","6","127"
"35","66","32","114","246"
"36","66","29","89","232"
"37","66","213","39","171"
"38","66","200","48","191"
"39","66","175","45","177"
"40","66","136","240","127"
"41","66","222","26","180"
"42","66","197","202","122"
"43","66","45","39","215"
"44","66","65","81","235"
"45","66","7","34","188"
"46","66","37","152","229"
"47","66","35","183","15"
"48","66","255","180","23"
"49","66","194","119","218"
"50","66","101","227","92"
"51","66","161","243","119"
"52","66","155","215","102"
"53","66","32","59","213"
"54","66","172","199","97"
"55","66","133","160","58"
"56","66","142","213","111"
"57","66","95","166","64"
"58","66","45","149","36"
"59","66","65","169","56"
"60","66","73","177","64"
"61","66","144","215","113"
"62","66","252","56","210"
"63","66","59","86","240"
"64","66","86","102","234"
"65","66","40","56","188"
"66","66","26","130","17"
"67","66","119","245","143"
"68","66","216","31","185"
"69","66","26","31","119"
"70","66","174","36","58"
"71","66","72","47","58"
"72","66","245","99","88"
"73","66","173","217","228"
"74","66","14","25","47"
"75","66","201","223","212"
"76","66","129","184","107"
"77","66","160","237","61"
"78","66","70","136","84"
"79","66","219","51","112"
"80","66","126","13","198"
"81","66","123","21","140"
"82","66","150","48","167"
"83","66","137","35","154"
"84","66","68","222","118"
"85","66","95","249","112"
"86","66","137","35","154"
"87","66","79","233","118"
"88","66","95","249","112"
"89","66","115","13","132"
"90","66","101","255","118"
"91","66","95","249","112"
"92","66","115","13","132"
"93","66","101","255","118"
"94","66","95","249","112"
"95","66","115","13","132"
"96","66","101","255","118"
"97","66","95","249","112"
"98","66","115","13","132"
"99","66","101","255","118"
"0","67","95","249","112"
"1","67","115","13","132"
"2","67","101","255","118"
"3","67","95","249","112"
"4","67","115","13","132"
"5","67","101","255","118"
"6","67","95","249","112"
"7","67","115","13","132"
"8","67","101","255","118"
"9","67","95","249","112"
"10","67","115","13","132"
"11","67","101","255","118"
"12","67","95","249","112"
"13","67","115","13","132"
"14","67","101","255","118"
"15","67","95","249","112"
"16","67","159","68","209"
"17","67","35","200","118"
"18","67","95","249","112"
"19","67","126","247","143"
"20","67","90","189","184"
"21","67","128","205","87"
"22","67","232","64","89"
"23","67","193","226","127"
"24","67","41","63","30"
"25","67","127","127","127"
"26","67","113","135","80"
"27","67","96","217","173"
"28","67","229","215","193"
"29","67","37","166","210"
"30","67","125","163","28"
"31","67","87","213","111"
"32","67","186","122","254"
"33","67","92","28","138"
"34","67","101","249","114"
"35","67","131","1","122"
"36","67","180","39","160"
"37","67","244","114","235"
"38","67","219","111","232"
"39","67","169","61","182"
"40","67","10","136","12"
"41","67","40","111","9"
"42","67","1","28","193"
"43","67","32","37","213"
"44","67","197","213","111"
"45","67","92","152","39"
"46","67","24","139","238"
"47","67","54","202","34"
"48","67","15","163","251"
"49","67","225","117","227"
"50","67","87","202","67"
"51","67","67","149","25"
"52","67","219","246","144"
"53","67","62","89","243"
"54","67","89","116","14"
"55","67","32","59","213"
"56","67","29","89","243"
"57","67","56","127","25"
"58","67","120","224","111"
"59","67","161","9","152"
"60","67","177","25","168"
"61","67","186","34","177"
"62","67","194","9","163"
"63","67","221","248","146"
"64","67","241","1","133"
"65","67","15","31","185"
"66","67","86","157","77"
"67","67","216","31","207"
"68","67","191","251","138"
"69","67","9","226","47"
"70","67","158","243","9"
"71","67","124","88","66"
"72","67","217","60","49"
"73","67","69","80","102"
"74","67","223","212","11"
"75","67","5","5","27"
"76","67","116","149","50"
"77","67","25","113","116"
"78","67","15","103","208"
"79","67","148","2","220"
"80","67","189","76","228"
"81","67","95","249","112"
"82","67","60","214","132"
"83","67","90","244","118"
"84","67","117","15","134"
"85","67","104","2","132"
"86","67","79","233","118"
"87","67","117","15","134"
"88","67","115","13","132"
"89","67","101","255","118"
"90","67","95","249","112"
"91","67","115","13","132"
"92","67","101","255","118"
"93","67","95","249","112"
"94","67","115","13","132"
"95","67","101","255","118"
"96","67","95","249","112"
"97","67","115","13","132"
"98","67","101","255","118"
"99","67","95","249","112"
"0","68","115","13","132"
"1","68","101","255","118"
"2","68","95","249","112"
"3","68","115","13","132"
"4","68","101","255","118"
"5","68","95","249","112"
"6","68","115","13","132"
"7","68","101","255","118"
"8","68","95","249","112"
"9","68","115","13","132"
"10","68","101","255","118"
"11","68","95","249","112"
"12","68","115","13","132"
"13","68","101","255","118"
"14","68","95","249","112"
"15","68","115","2","154"
"16","68","79","244","151"
"17","68","106","15","156"
"18","68","126","24","132"
"19","68","200","65","173"
"20","68","95","238","156"
"21","68","60","181","220"
"22","68","169","12","205"
"23","68","220","8","99"
"24","68","229","6","163"
"25","68","102","113","58"
"26","68","151","162","107"
"27","68","105","171","149"
"28","68","248","190","190"
"29","68","72","157","212"
"30","68","134","84","238"
"31","68","241","56","232"
"32","68","191","105","248"
"33","68","178","114","246"
"34","68","164","78","221"
"35","68","136","28","149"
"36","68","112","4","125"
"37","68","109","1","122"
"38","68","92","17","116"
"39","68","68","249","92"
"40","68","87","213","78"
"41","68","37","152","17"
"42","68","134","194","81"
"43","68","153","180","78"
"44","68","158","185","83"
"45","68","134","194","81"
"46","68","142","1","100"
"47","68","103","240","72"
"48","68","101","238","70"
"49","68","87","202","45"
"50","68","246","72","204"
"51","68","87","147","34"
"52","68","15","42","196"
"53","68","188","204","102"
"54","68","65","81","235"
"55","68","40","67","221"
"56","68","1","61","204"
"57","68","10","92","224"
"58","68","241","89","232"
"59","68","12","116","3"
"60","68","43","147","34"
"61","68","62","166","53"
"62","68","133","204","102"
"63","68","219","23","177"
"64","68","4","31","185"
"65","68","119","135","33"
"66","68","161","210","141"
"67","68","224","28","182"
"68","68","185","190","44"
"69","68","73","246","67"
"70","68","152","204","215"
"71","68","184","104","93"
"72","68","226","69","58"
"73","68","234","245","11"
"74","68","228","217","16"
"75","68","61","61","39"
"76","68","157","201","47"
"77","68","61","127","75"
"78","68","16","148","132"
"79","68","123","10","162"
"80","68","51","205","112"
"81","68","126","24","143"
"82","68","112","10","129"
"83","68","84","238","112"
"84","68","126","24","143"
"85","68","101","255","118"
"86","68","84","238","112"
"87","68","126","24","143"
"88","68","101","255","118"
"89","68","95","249","112"
"90","68","115","13","132"
"91","68","101","255","118"
"92","68","95","249","112"
"93","68","115","13","132"
"94","68","101","255","118"
"95","68","95","249","112"
"96","68","115","13","132"
"97","68","101","255","118"
"98","68","95","249","112"
"99","68","115","13","132"
"0","69","101","255","118"
"1","69","95","249","112"
"2","69","115","13","132"
"3","69","101","255","118"
"4","69","95","249","112"
"5","69","115","13","132"
"6","69","101","255","118"
"7","69","95","249","112"
"8","69","115","13","132"
"9","69","101","255","118"
"10","69","95","249","112"
"11","69","115","13","132"
"12","69","101","255","118"
"13","69","95","249","112"
"14","69","115","13","132"
"15","69","101","244","140"
"16","69","40","227","134"
"17","69","82","247","132"
"18","69","68","222","118"
"19","69","84","216","112"
"20","69","93","247","132"
"21","69","156","32","250"
"22","69","106","216","65"
"23","69","34","133","92"
"24","69","215","3","94"
"25","69","19","30","198"
"26","69","61","72","6"
"27","69","58","102","91"
"28","69","85","239","250"
"29","69","232","251","72"
"30","69","106","246","122"
"31","69","89","105","3"
"32","69","54","202","67"
"33","69","197","133","9"
"34","69","180","94","237"
"35","69","189","103","246"
"36","69","131","45","166"
"37","69","103","17","138"
"38","69","112","48","147"
"39","69","98","23","122"
"40","69","158","50","160"
"41","69","134","249","114"
"42","69","219","23","144"
"43","69","191","218","116"
"44","69","200","227","125"
"45","69","120","180","67"
"46","69","169","28","149"
"47","69","178","37","136"
"48","69","197","56","155"
"49","69","12","94","204"
"50","69","208","12","155"
"51","69","15","42","196"
"52","69","218","234","132"
"53","69","194","210","108"
"54","69","106","122","20"
"55","69","89","105","3"
"56","69","21","48","202"
"57","69","18","78","221"
"58","69","56","127","25"
"59","69","109","213","100"
"60","69","117","221","108"
"61","69","111","215","102"
"62","69","175","246","144"
"63","69","205","9","163"
"64","69","53","80","245"
"65","69","172","177","97"
"66","69","180","207","116"
"67","69","39","55","187"
"68","69","15","232","53"
"69","69","224","97","141"
"70","69","110","118","118"
"71","69","182","80","80"
"72","69","157","223","223"
"73","69","195","195","217"
"74","69","193","193","171"
"75","69","201","212","124"
"76","69","168","223","226"
"77","69","93","181","30"
"78","69","101","244","162"
"79","69","117","15","112"
"80","69","93","247","132"
"81","69","145","43","162"
"82","69","139","37","156"
"83","69","126","24","143"
"84","69","112","10","129"
"85","69","95","249","112"
"86","69","104","2","132"
"87","69","90","244","118"
"88","69","95","249","112"
"89","69","115","13","132"
"90","69","101","255","118"
"91","69","95","249","112"
"92","69","115","13","132"
"93","69","101","255","118"
"94","69","95","249","112"
"95","69","115","13","132"
"96","69","101","255","118"
"97","69","95","249","112"
"98","69","115","13","132"
"99","69","101","255","118"
"0","70","95","249","112"
"1","70","115","13","132"
"2","70","101","255","118"
"3","70","95","249","112"
"4","70","115","13","132"
"5","70","101","255","118"
"6","70","95","249","112"
"7","70","115","13","132"
"8","70","101","255","118"
"9","70","95","249","112"
"10","70","115","13","132"
"11","70","101","255","118"
"12","70","95","249","112"
"13","70","115","13","132"
"14","70","101","255","118"
"15","70","95","249","112"
"16","70","93","35","165"
"17","70","134","43","162"
"18","70","106","4","112"
"19","70","181","79","165"
"20","70","101","255","118"
"21","70","73","216","134"
"22","70","82","225","231"
"23","70","21","131","236"
"24","70","245","55","25"
"25","70","61","94","163"
"26","70","124","135","69"
"27","70","52","63","85"
"28","70","39","138","193"
"29","70","116","69","146"
"30","70","141","215","47"
"31","70","131","92","191"
"32","70","95","210","75"
"33","70","180","94","237"
"34","70","145","59","202"
"35","70","153","67","210"
"36","70","147","83","193"
"37","70","167","103","213"
"38","70","153","89","188"
"39","70","136","61","160"
"40","70","189","70","158"
"41","70","197","23","133"
"42","70","202","240","83"
"43","70","200","216","92"
"44","70","175","213","78"
"45","70","191","251","138"
"46","70","186","12","144"
"47","70","202","28","160"
"48","70","31","91","212"
"49","70","62","100","221"
"50","70","125","163","28"
"51","70","39","55","187"
"52","70","213","229","105"
"53","70","111","127","3"
"54","70","199","215","113"
"55","70","43","59","213"
"56","70","106","133","31"
"57","70","78","138","25"
"58","70","109","169","56"
"59","70","95","177","53"
"60","70","111","182","80"
"61","70","175","246","144"
"62","70","227","42","196"
"63","70","53","113","11"
"64","70","95","122","53"
"65","70","136","141","61"
"66","70","251","245","132"
"67","70","136","97","174"
"68","70","111","6","72"
"69","70","47","110","154"
"70","70","39","248","36"
"71","70","124","234","0"
"72","70","162","206","239"
"73","70","193","193","171"
"74","70","157","179","58"
"75","70","110","143","168"
"76","70","101","178","60"
"77","70","90","189","184"
"78","70","117","4","156"
"79","70","71","247","132"
"80","70","101","255","118"
"81","70","51","205","112"
"82","70","60","214","132"
"83","70","68","222","118"
"84","70","95","249","112"
"85","70","115","13","132"
"86","70","101","255","118"
"87","70","106","4","123"
"88","70","115","13","132"
"89","70","101","255","118"
"90","70","95","249","112"
"91","70","115","13","132"
"92","70","101","255","118"
"93","70","95","249","112"
"94","70","115","13","132"
"95","70","101","255","118"
"96","70","95","249","112"
"97","70","115","13","132"
"98","70","101","255","118"
"99","70","95","249","112"
"0","71","115","13","132"
"1","71","101","255","118"
"2","71","95","249","112"
"3","71","115","13","132"
"4","71","101","255","118"
"5","71","95","249","112"
"6","71","115","13","132"
"7","71","101","255","118"
"8","71","95","249","112"
"9","71","115","13","132"
"10","71","101","255","118"
"11","71","95","249","112"
"12","71","115","13","132"
"13","71","101","255","118"
"14","71","95","249","112"
"15","71","115","13","132"
"16","71","57","255","118"
"17","71","51","216","112"
"18","71","115","13","132"
"19","71","68","222","118"
"20","71","84","238","112"
"21","71","137","35","154"
"22","71","101","10","173"
"23","71","73","216","222"
"24","71","137","247","118"
"25","71","221","20","23"
"26","71","74","74","220"
"27","71","50","50","28"
"28","71","14","69","113"
"29","71","85","250","49"
"30","71","100","119","174"
"31","71","4","155","243"
"32","71","144","182","47"
"33","71","76","180","67"
"34","71","18","166","31"
"35","71","235","127","248"
"36","71","189","103","224"
"37","71","164","100","210"
"38","71","169","94","193"
"39","71","167","59","169"
"40","71","164","23","100"
"41","71","1","72","160"
"42","71","222","4","103"
"43","71","252","12","122"
"44","71","235","17","138"
"45","71","10","37","191"
"46","71","128","188","75"
"47","71","28","88","242"
"48","71","70","108","229"
"49","71","144","160","36"
"50","71","237","253","129"
"51","71","111","127","3"
"52","71","155","171","47"
"53","71","174","190","66"
"54","71","219","235","133"
"55","71","128","144","42"
"56","71","67","94","248"
"57","71","109","136","34"
"58","71","150","177","75"
"59","71","155","215","102"
"60","71","197","1","155"
"61","71","183","254","152"
"62","71","221","36","190"
"63","71","40","100","254"
"64","71","169","196","127"
"65","71","185","201","99"
"66","71","125","97","196"
"67","71","144","61","116"
"68","71","171","0","33"
"69","71","86","94","116"
"70","71","168","77","132"
"71","71","74","162","195"
"72","71","171","193","182"
"73","71","11","22","190"
"74","71","124","146","171"
"75","71","126","192","74"
"76","71","57","156","173"
"77","71","150","4","189"
"78","71","82","247","132"
"79","71","101","21","118"
"80","71","106","4","123"
"81","71","126","24","143"
"82","71","123","21","140"
"83","71","106","4","123"
"84","71","104","2","132"
"85","71","123","21","140"
"86","71","117","15","134"
"87","71","82","236","132"
"88","71","101","255","118"
"89","71","95","249","112"
"90","71","115","13","132"
"91","71","101","255","118"
"92","71","95","249","112"
"93","71","115","13","132"
"94","71","101","255","118"
"95","71","95","249","112"
"96","71","115","13","132"
"97","71","101","255","118"
"98","71","95","249","112"
"99","71","115","13","132"
"0","72","101","255","118"
"1","72","95","249","112"
"2","72","115","13","132"
"3","72","101","255","118"
"4","72","95","249","112"
"5","72","115","13","132"
"6","72","101","255","118"
"7","72","95","249","112"
"8","72","115","13","132"
"9","72","101","255","118"
"10","72","95","249","112"
"11","72","115","13","132"
"12","72","101","255","118"
"13","72","95","249","112"
"14","72","115","13","132"
"15","72","101","255","118"
"16","72","62","4","134"
"17","72","104","13","132"
"18","72","101","255","118"
"19","72","117","249","112"
"20","72","137","13","132"
"21","72","101","255","118"
"22","72","84","249","112"
"23","72","104","2","209"
"24","72","24","145","195"
"25","72","48","125","40"
"26","72","94","105","185"
"27","72","226","226","138"
"28","72","52","96","85"
"29","72","17","127","138"
"30","72","248","212","223"
"31","72","190","253","41"
"32","72","117","78","177"
"33","72","128","166","31"
"34","72","67","149","25"
"35","72","32","158","34"
"36","72","230","122","243"
"37","72","202","116","237"
"38","72","200","92","202"
"39","72","219","89","210"
"40","72","246","83","160"
"41","72","10","48","147"
"42","72","29","56","133"
"43","72","34","39","149"
"44","72","189","205","81"
"45","72","208","235","133"
"46","72","136","163","61"
"47","72","222","249","158"
"48","72","95","111","243"
"49","72","53","69","201"
"50","72","194","210","86"
"51","72","81","97","229"
"52","72","177","193","69"
"53","72","153","169","45"
"54","72","139","155","31"
"55","72","111","127","3"
"56","72","109","125","23"
"57","72","194","210","108"
"58","72","144","160","58"
"59","72","197","224","122"
"60","72","238","9","163"
"61","72","232","36","179"
"62","72","73","133","20"
"63","72","70","130","17"
"64","72","207","234","132"
"65","72","48","53","163"
"66","72","144","83","149"
"67","72","248","110","132"
"68","72","163","193","204"
"69","72","146","88","110"
"70","72","118","239","5"
"71","72","215","25","25"
"72","72","212","245","168"
"73","72","206","239","52"
"74","72","200","10","148"
"75","72","68","145","173"
"76","72","161","15","200"
"77","72","104","225","132"
"78","72","90","255","118"
"79","72","84","249","112"
"80","72","115","13","132"
"81","72","101","255","118"
"82","72","95","249","112"
"83","72","115","13","132"
"84","72","101","255","118"
"85","72","95","249","112"
"86","72","115","13","132"
"87","72","101","255","118"
"88","72","95","249","112"
"89","72","115","13","132"
"90","72","101","255","118"
"91","72","95","249","112"
"92","72","115","13","132"
"93","72","101","255","118"
"94","72","95","249","112"
"95","72","115","13","132"
"96","72","101","255","118"
"97","72","95","249","112"
"98","72","115","13","132"
"99","72","101","255","118"
"0","73","95","249","112"
"1","73","115","13","132"
"2","73","101","255","118"
"3","73","95","249","112"
"4","73","115","13","132"
"5","73","101","255","118"
"6","73","95","249","112"
"7","73","115","13","132"
"8","73","101","255","118"
"9","73","95","249","112"
"10","73","115","13","132"
"11","73","101","255","118"
"12","73","95","249","112"
"13","73","115","13","132"
"14","73","101","255","118"
"15","73","95","249","112"
"16","73","104","13","154"
"17","73","90","255","140"
"18","73","95","249","112"
"19","73","137","13","132"
"20","73","123","255","118"
"21","73","95","4","112"
"22","73","104","24","132"
"23","73","68","255","173"
"24","73","95","238","10"
"25","73","148","225","107"
"26","73","1","23","15"
"27","73","52","63","143"
"28","73","28","61","196"
"29","73","80","157","80"
"30","73","52","217","184"
"31","73","105","113","135"
"32","73","243","116","182"
"33","73","155","116","215"
"34","73","131","147","23"
"35","73","84","166","42"
"36","73","23","149","25"
"37","73","21","169","34"
"38","73","230","100","232"
"39","73","1","83","215"
"40","73","76","114","235"
"41","73","252","12","122"
"42","73","235","240","72"
"43","73","32","37","147"
"44","73","219","235","89"
"45","73","169","185","83"
"46","73","178","205","103"
"47","73","32","37","213"
"48","73","59","53","196"
"49","73","167","161","48"
"50","73","230","246","122"
"51","73","23","39","171"
"52","73","87","103","235"
"53","73","117","133","9"
"54","73","122","138","14"
"55","73","120","136","12"
"56","73","172","188","86"
"57","73","89","83","248"
"58","73","219","235","133"
"59","73","70","86","240"
"60","73","188","204","102"
"61","73","40","67","221"
"62","73","92","119","17"
"63","73","141","179","44"
"64","73","249","9","119"
"65","73","89","50","127"
"66","73","138","11","55"
"67","73","64","116","149"
"68","73","201","165","176"
"69","73","173","49","49"
"70","73","14","113","80"
"71","73","190","245","168"
"72","73","217","5","74"
"73","73","26","70","29"
"74","73","145","222","16"
"75","73","73","161","112"
"76","73","115","236","132"
"77","73","178","43","151"
"78","73","117","37","123"
"79","73","82","247","132"
"80","73","101","255","118"
"81","73","95","249","112"
"82","73","115","13","132"
"83","73","101","255","118"
"84","73","95","249","112"
"85","73","115","13","132"
"86","73","101","255","118"
"87","73","95","249","112"
"88","73","115","13","132"
"89","73","101","255","118"
"90","73","95","249","112"
"91","73","115","13","132"
"92","73","101","255","118"
"93","73","95","249","112"
"94","73","115","13","132"
"95","73","101","255","118"
"96","73","95","249","112"
"97","73","115","13","132"
"98","73","101","255","118"
"99","73","95","249","112"
"0","74","115","13","132"
"1","74","101","255","118"
"2","74","95","249","112"
"3","74","115","13","132"
"4","74","101","255","118"
"5","74","95","249","112"
"6","74","115","13","132"
"7","74","101","255","118"
"8","74","95","249","112"
"9","74","115","13","132"
"10","74","101","255","118"
"11","74","95","249","112"
"12","74","115","13","132"
"13","74","101","255","118"
"14","74","95","249","112"
"15","74","115","2","154"
"16","74","90","255","162"
"17","74","95","238","134"
"18","74","137","13","132"
"19","74","134","255","118"
"20","74","117","4","112"
"21","74","115","24","132"
"22","74","68","10","118"
"23","74","62","249","189"
"24","74","93","236","242"
"25","74","112","233","27"
"26","74","73","139","255"
"27","74","7","40","211"
"28","74","193","237","240"
"29","74","107","184","8"
"30","74","50","171","83"
"31","74","25","223","223"
"32","74","190","242","30"
"33","74","40","158","1"
"34","74","249","210","53"
"35","74","166","204","69"
"36","74","10","125","246"
"37","74","29","155","31"
"38","74","56","127","25"
"39","74","43","103","246"
"40","74","175","191","67"
"41","74","9","14","124"
"42","74","136","108","207"
"43","74","194","199","53"
"44","74","158","174","28"
"45","74","145","161","59"
"46","74","131","147","45"
"47","74","213","218","138"
"48","74","10","4","147"
"49","74","175","169","56"
"50","74","125","141","17"
"51","74","211","227","103"
"52","74","40","78","199"
"53","74","89","127","248"
"54","74","142","158","34"
"55","74","128","144","20"
"56","74","155","149","36"
"57","74","227","199","86"
"58","74","194","188","75"
"59","74","232","226","113"
"60","74","40","34","177"
"61","74","92","108","240"
"62","74","141","179","44"
"63","74","249","9","119"
"64","74","45","50","116"
"65","74","3","176","231"
"66","74","246","75","130"
"67","74","204","179","234"
"68","74","206","104","115"
"69","74","149","248","215"
"70","74","190","22","157"
"71","74","52","140","165"
"72","74","29","128","43"
"73","74","79","167","228"
"74","74","117","227","189"
"75","74","148","13","165"
"76","74","112","233","118"
"77","74","139","4","112"
"78","74","60","236","132"
"79","74","112","32","118"
"80","74","95","249","112"
"81","74","115","13","132"
"82","74","101","255","118"
"83","74","95","249","112"
"84","74","115","13","132"
"85","74","101","255","118"
"86","74","95","249","112"
"87","74","115","13","132"
"88","74","101","255","118"
"89","74","95","249","112"
"90","74","115","13","132"
"91","74","101","255","118"
"92","74","95","249","112"
"93","74","115","13","132"
"94","74","101","255","118"
"95","74","95","249","112"
"96","74","115","13","132"
"97","74","101","255","118"
"98","74","95","249","112"
"99","74","115","13","132"
"0","75","101","255","118"
"1","75","95","249","112"
"2","75","115","13","132"
"3","75","101","255","118"
"4","75","95","249","112"
"5","75","115","13","132"
"6","75","101","255","118"
"7","75","95","249","112"
"8","75","115","13","132"
"9","75","101","255","118"
"10","75","95","249","112"
"11","75","115","13","132"
"12","75","101","255","118"
"13","75","95","249","112"
"14","75","115","13","132"
"15","75","101","244","140"
"16","75","84","238","167"
"17","75","115","2","176"
"18","75","123","255","118"
"19","75","128","249","112"
"20","75","137","24","132"
"21","75","101","10","118"
"22","75","62","4","134"
"23","75","71","13","209"
"24","75","46","222","195"
"25","75","139","15","21"
"26","75","159","247","242"
"27","75","35","90","151"
"28","75","1","67","205"
"29","75","130","185","188"
"30","75","113","201","58"
"31","75","253","129","107"
"32","75","83","47","58"
"33","75","23","86","152"
"34","75","199","116","193"
"35","75","252","1","89"
"36","75","106","188","64"
"37","75","45","149","36"
"38","75","65","125","23"
"39","75","84","111","20"
"40","75","20","14","179"
"41","75","100","72","215"
"42","75","50","22","143"
"43","75","20","25","135"
"44","75","156","172","48"
"45","75","106","122","20"
"46","75","188","204","102"
"47","75","29","34","210"
"48","75","147","141","50"
"49","75","108","102","245"
"50","75","117","133","9"
"51","75","125","141","17"
"52","75","75","113","234"
"53","75","7","45","166"
"54","75","161","177","53"
"55","75","122","116","3"
"56","75","84","56","199"
"57","75","61","33","176"
"58","75","3","209","107"
"59","75","106","78","221"
"60","75","125","97","240"
"61","75","152","146","33"
"62","75","183","199","75"
"63","75","12","17","105"
"64","75","83","44","110"
"65","75","191","97","130"
"66","75","196","215","3"
"67","75","74","239","16"
"68","75","226","69","36"
"69","75","212","22","168"
"70","75","41","129","154"
"71","75","134","233","148"
"72","75","46","167","217"
"73","75","241","117","112"
"74","75","170","57","231"
"75","75","90","211","118"
"76","75","139","4","112"
"77","75","137","2","132"
"78","75","68","222","118"
"79","75","95","4","123"
"80","75","115","13","132"
"81","75","101","255","118"
"82","75","95","249","112"
"83","75","115","13","132"
"84","75","101","255","118"
"85","75","95","249","112"
"86","75","115","13","132"
"87","75","101","255","118"
"88","75","95","249","112"
"89","75","115","13","132"
"90","75","101","255","118"
"91","75","95","249","112"
"92","75","115","13","132"
"93","75","101","255","118"
"94","75","95","249","112"
"95","75","115","13","132"
"96","75","101","255","118"
"97","75","95","249","112"
"98","75","115","13","132"
"99","75","101","255","118"
"0","76","95","249","112"
"1","76","115","13","132"
"2","76","101","255","118"
"3","76","95","249","112"
"4","76","115","13","132"
"5","76","101","255","118"
"6","76","95","249","112"
"7","76","115","13","132"
"8","76","101","255","118"
"9","76","95","249","112"
"10","76","115","13","132"
"11","76","101","255","118"
"12","76","95","249","112"
"13","76","115","13","132"
"14","76","101","255","118"
"15","76","95","238","134"
"16","76","115","2","187"
"17","76","123","233","162"
"18","76","128","238","112"
"19","76","148","13","132"
"20","76","123","255","118"
"21","76","95","249","112"
"22","76","82","24","154"
"23","76","57","10","173"
"24","76","73","26","189"
"25","76","115","13","198"
"26","76","145","10","162"
"27","76","161","4","189"
"28","76","228","38","132"
"29","76","136","191","95"
"30","76","74","151","209"
"31","76","94","215","127"
"32","76","47","212","179"
"33","76","91","99","121"
"34","76","51","158","213"
"35","76","249","210","31"
"36","76","166","204","69"
"37","76","142","213","111"
"38","76","84","111","42"
"39","76","45","50","248"
"40","76","73","34","210"
"41","76","127","99","242"
"42","76","160","132","253"
"43","76","109","114","224"
"44","76","194","210","86"
"45","76","122","149","47"
"46","76","244","15","169"
"47","76","40","45","221"
"48","76","78","72","237"
"49","76","175","169","78"
"50","76","249","9","163"
"51","76","31","58","212"
"52","76","40","100","221"
"53","76","37","75","196"
"54","76","20","36","168"
"55","76","40","34","177"
"56","76","81","53","196"
"57","76","190","140","38"
"58","76","28","212","88"
"59","76","111","39","171"
"60","76","53","3","135"
"61","76","216","188","53"
"62","76","213","218","72"
"63","76","94","66","165"
"64","76","235","174","240"
"65","76","166","17","72"
"66","76","187","162","195"
"67","76","14","124","113"
"68","76","168","201","102"
"69","76","49","82","129"
"70","76","70","147","62"
"71","76","203","68","140"
"72","76","139","37","10"
"73","76","148","57","220"
"74","76","79","233","118"
"75","76","73","227","112"
"76","76","148","13","132"
"77","76","90","211","118"
"78","76","128","26","145"
"79","76","104","2","132"
"80","76","101","255","118"
"81","76","95","249","112"
"82","76","115","13","132"
"83","76","101","255","118"
"84","76","95","249","112"
"85","76","115","13","132"
"86","76","101","255","118"
"87","76","95","249","112"
"88","76","115","13","132"
"89","76","101","255","118"
"90","76","95","249","112"
"91","76","115","13","132"
"92","76","101","255","118"
"93","76","95","249","112"
"94","76","115","13","132"
"95","76","101","255","118"
"96","76","95","249","112"
"97","76","115","13","132"
"98","76","101","255","118"
"99","76","95","249","112"
"0","77","115","13","132"
"1","77","101","255","118"
"2","77","95","249","112"
"3","77","115","13","132"
"4","77","101","255","118"
"5","77","95","249","112"
"6","77","115","13","132"
"7","77","101","255","118"
"8","77","95","249","112"
"9","77","115","13","132"
"10","77","101","255","118"
"11","77","95","249","112"
"12","77","115","13","132"
"13","77","101","255","118"
"14","77","95","249","112"
"15","77","115","2","154"
"16","77","101","244","162"
"17","77","117","227","156"
"18","77","148","2","132"
"19","77","145","233","118"
"20","77","117","238","112"
"21","77","115","13","132"
"22","77","68","10","140"
"23","77","51","4","156"
"24","77","82","46","165"
"25","77","2","200","118"
"26","77","95","249","112"
"27","77","170","13","154"
"28","77","68","134","118"
"29","77","48","114","208"
"30","77","119","207","199"
"31","77","25","146","226"
"32","77","74","195","129"
"33","77","218","160","160"
"34","77","213","42","64"
"35","77","210","149","193"
"36","77","175","213","56"
"37","77","128","188","86"
"38","77","100","127","58"
"39","77","98","81","34"
"40","77","106","67","254"
"41","77","75","36","212"
"42","77","65","59","202"
"43","77","252","12","122"
"44","77","246","28","149"
"45","77","54","81","235"
"46","77","117","144","42"
"47","77","122","127","47"
"48","77","153","147","56"
"49","77","183","177","86"
"50","77","188","204","102"
"51","77","197","224","122"
"52","77","172","232","97"
"53","77","232","36","157"
"54","77","62","100","221"
"55","77","81","75","218"
"56","77","221","193","80"
"57","77","205","122","31"
"58","77","53","215","102"
"59","77","251","157","44"
"60","77","150","78","210"
"61","77","224","174","50"
"62","77","83","55","176"
"63","77","169","119","251"
"64","77","199","105","226"
"65","77","80","143","231"
"66","77","6","204","204"
"67","77","190","11","179"
"68","77","228","239","41"
"69","77","251","251","199"
"70","77","244","54","148"
"71","77","84","216","222"
"72","77","71","2","198"
"73","77","68","10","140"
"74","77","51","227","112"
"75","77","137","35","132"
"76","77","145","21","118"
"77","77","73","194","112"
"78","77","93","236","132"
"79","77","112","255","151"
"80","77","95","249","112"
"81","77","115","13","132"
"82","77","101","255","118"
"83","77","95","249","112"
"84","77","115","13","132"
"85","77","101","255","118"
"86","77","95","249","112"
"87","77","115","13","132"
"88","77","101","255","118"
"89","77","95","249","112"
"90","77","115","13","132"
"91","77","101","255","118"
"92","77","95","249","112"
"93","77","115","13","132"
"94","77","101","255","118"
"95","77","95","249","112"
"96","77","115","13","132"
"97","77","101","255","118"
"98","77","95","249","112"
"99","77","115","13","132"
"0","78","101","255","118"
"1","78","95","249","112"
"2","78","115","13","132"
"3","78","101","255","118"
"4","78","95","249","112"
"5","78","115","13","132"
"6","78","101","255","118"
"7","78","95","249","112"
"8","78","115","13","132"
"9","78","101","255","118"
"10","78","95","249","112"
"11","78","115","13","132"
"12","78","101","255","118"
"13","78","95","249","112"
"14","78","115","13","132"
"15","78","101","255","118"
"16","78","117","238","112"
"17","78","137","2","132"
"18","78","134","233","140"
"19","78","139","216","134"
"20","78","137","247","176"
"21","78","101","244","162"
"22","78","51","15","134"
"23","78","60","46","132"
"24","78","101","87","140"
"25","78","29","238","112"
"26","78","137","46","132"
"27","78","123","233","118"
"28","78","216","37","244"
"29","78","38","115","176"
"30","78","208","29","200"
"31","78","132","231","0"
"32","78","83","193","72"
"33","78","91","11","234"
"34","78","204","22","22"
"35","78","51","224","23"
"36","78","249","9","119"
"37","78","89","149","47"
"38","78","109","136","67"
"39","78","161","144","97"
"40","78","155","116","47"
"41","78","65","26","202"
"42","78","62","56","199"
"43","78","100","116","226"
"44","78","76","136","1"
"45","78","73","133","20"
"46","78","12","72","215"
"47","78","54","81","246"
"48","78","95","111","9"
"49","78","133","127","36"
"50","78","197","213","111"
"51","78","205","232","130"
"52","78","221","25","168"
"53","78","18","78","221"
"54","78","37","75","196"
"55","78","31","47","179"
"56","78","73","23","155"
"57","78","92","20","152"
"58","78","75","237","124"
"59","78","117","23","166"
"60","78","34","196","61"
"61","78","39","223","77"
"62","78","147","108","207"
"63","78","177","105","237"
"64","78","237","121","41"
"65","78","254","39","160"
"66","78","168","77","44"
"67","78","27","104","162"
"68","78","61","72","243"
"69","78","7","29","112"
"70","78","29","106","134"
"71","78","148","24","8"
"72","78","68","255","195"
"73","78","95","48","200"
"74","78","93","13","132"
"75","78","57","222","118"
"76","78","161","37","112"
"77","78","159","35","132"
"78","78","68","211","129"
"79","78","95","238","156"
"80","78","115","2","154"
"81","78","101","255","118"
"82","78","95","249","112"
"83","78","115","13","132"
"84","78","101","255","118"
"85","78","95","249","112"
"86","78","115","13","132"
"87","78","101","255","118"
"88","78","95","249","112"
"89","78","115","13","132"
"90","78","101","255","118"
"91","78","95","249","112"
"92","78","115","13","132"
"93","78","101","255","118"
"94","78","95","249","112"
"95","78","115","13","132"
"96","78","101","255","118"
"97","78","95","249","112"
"98","78","115","13","132"
"99","78","101","255","118"
"0","79","95","249","112"
"1","79","115","13","132"
"2","79","101","255","118"
"3","79","95","249","112"
"4","79","115","13","132"
"5","79","101","255","118"
"6","79","95","249","112"
"7","79","115","13","132"
"8","79","101","255","118"
"9","79","95","249","112"
"10","79","115","13","132"
"11","79","101","255","118"
"12","79","95","249","112"
"13","79","115","13","132"
"14","79","101","255","118"
"15","79","95","249","112"
"16","79","137","2","132"
"17","79","123","244","118"
"18","79","128","227","134"
"19","79","148","247","176"
"20","79","123","233","173"
"21","79","95","238","156"
"22","79","82","24","132"
"23","79","57","21","118"
"24","79","29","4","112"
"25","79","126","79","132"
"26","79","101","10","118"
"27","79","106","227","112"
"28","79","148","247","176"
"29","79","145","233","228"
"30","79","95","183","244"
"31","79","170","13","184"
"32","79","81","180","205"
"33","79","209","107","220"
"34","79","28","58","215"
"35","79","235","119","97"
"36","79","254","215","25"
"37","79","175","191","67"
"38","79","183","210","119"
"39","79","56","83","14"
"40","79","98","103","45"
"41","79","128","122","42"
"42","79","78","72","215"
"43","79","32","48","158"
"44","79","18","56","177"
"45","79","169","229","116"
"46","79","255","70","224"
"47","79","230","34","188"
"48","79","246","17","171"
"49","79","32","59","213"
"50","79","40","100","243"
"51","79","89","149","36"
"52","79","142","224","100"
"53","79","161","243","97"
"54","79","232","14","113"
"55","79","40","56","166"
"56","79","70","42","163"
"57","79","97","47","201"
"58","79","183","100","31"
"59","79","158","75","6"
"60","79","251","168","77"
"61","79","125","31","174"
"62","79","122","28","149"
"63","79","25","143","253"
"64","79","78","130","251"
"65","79","146","121","132"
"66","79","52","184","30"
"67","79","106","172","120"
"68","79","167","222","27"
"69","79","139","183","145"
"70","79","181","13","220"
"71","79","101","244","173"
"72","79","62","249","167"
"73","79","49","247","132"
"74","79","90","10","118"
"75","79","95","4","112"
"76","79","148","24","132"
"77","79","90","222","118"
"78","79","150","37","189"
"79","79","93","236","154"
"80","79","101","244","140"
"81","79","95","249","112"
"82","79","115","13","132"
"83","79","101","255","118"
"84","79","95","249","112"
"85","79","115","13","132"
"86","79","101","255","118"
"87","79","95","249","112"
"88","79","115","13","132"
"89","79","101","255","118"
"90","79","95","249","112"
"91","79","115","13","132"
"92","79","101","255","118"
"93","79","95","249","112"
"94","79","115","13","132"
"95","79","101","255","118"
"96","79","95","249","112"
"97","79","115","13","132"
"98","79","101","255","118"
"99","79","95","249","112"
"0","80","115","13","132"
"1","80","101","255","118"
"2","80","95","249","112"
"3","80","115","13","132"
"4","80","101","255","118"
"5","80","95","249","112"
"6","80","115","13","132"
"7","80","101","255","118"
"8","80","95","249","112"
"9","80","115","13","132"
"10","80","101","255","118"
"11","80","95","249","112"
"12","80","115","13","132"
"13","80","101","255","118"
"14","80","95","249","112"
"15","80","115","2","154"
"16","80","101","244","140"
"17","80","95","238","156"
"18","80","137","2","154"
"19","80","123","244","140"
"20","80","95","238","134"
"21","80","115","13","132"
"22","80","90","10","118"
"23","80","84","4","112"
"24","80","104","24","132"
"25","80","90","10","118"
"26","80","95","249","112"
"27","80","115","13","132"
"28","80","123","244","118"
"29","80","117","238","134"
"30","80","115","2","176"
"31","80","101","233","217"
"32","80","175","51","145"
"33","80","211","120","35"
"34","80","94","47","61"
"35","80","121","162","253"
"36","80","172","56","12"
"37","80","4","221","31"
"38","80","133","193","80"
"39","80","87","191","100"
"40","80","73","144","64"
"41","80","213","6","193"
"42","80","76","92","246"
"43","80","62","56","199"
"44","80","180","196","72"
"45","80","43","70","224"
"46","80","131","235","144"
"47","80","125","229","138"
"48","80","178","4","136"
"49","80","197","23","155"
"50","80","224","83","204"
"51","80","21","136","1"
"52","80","40","155","254"
"53","80","100","193","14"
"54","80","197","246","34"
"55","80","249","254","64"
"56","80","31","36","146"
"57","80","62","56","221"
"58","80","103","108","72"
"59","80","163","157","154"
"60","80","249","199","185"
"61","80","199","94","47"
"62","80","3","99","242"
"63","80","111","130","174"
"64","80","91","33","157"
"65","80","253","151","132"
"66","80","244","109","247"
"67","80","192","57","118"
"68","80","161","15","200"
"69","80","82","203","132"
"70","80","167","32","140"
"71","80","95","249","112"
"72","80","104","24","132"
"73","80","90","10","118"
"74","80","95","249","112"
"75","80","115","13","132"
"76","80","101","255","118"
"77","80","95","249","112"
"78","80","115","13","132"
"79","80","101","255","118"
"80","80","95","249","112"
"81","80","115","13","132"
"82","80","101","255","118"
"83","80","95","249","112"
"84","80","115","13","132"
"85","80","101","255","118"
"86","80","95","249","112"
"87","80","115","13","132"
"88","80","101","255","118"
"89","80","95","249","112"
"90","80","115","13","132"
"91","80","101","255","118"
"92","80","95","249","112"
"93","80","115","13","132"
"94","80","101","255","118"
"95","80","95","249","112"
"96","80","115","13","132"
"97","80","101","255","118"
"98","80","95","249","112"
"99","80","115","13","132"
"0","81","101","255","118"
"1","81","95","249","112"
"2","81","115","13","132"
"3","81","101","255","118"
"4","81","95","249","112"
"5","81","115","13","132"
"6","81","101","255","118"
"7","81","95","249","112"
"8","81","115","13","132"
"9","81","101","255","118"
"10","81","95","249","112"
"11","81","115","13","132"
"12","81","101","255","118"
"13","81","95","249","112"
"14","81","115","13","132"
"15","81","101","244","140"
"16","81","95","238","156"
"17","81","115","2","176"
"18","81","101","244","140"
"19","81","95","238","134"
"20","81","115","13","132"
"21","81","101","255","118"
"22","81","95","249","112"
"23","81","115","13","132"
"24","81","101","255","118"
"25","81","95","249","112"
"26","81","115","13","132"
"27","81","101","255","118"
"28","81","95","249","112"
"29","81","115","13","132"
"30","81","101","255","118"
"31","81","95","238","134"
"32","81","203","79","41"
"33","81","13","156","195"
"34","81","95","15","120"
"35","81","139","103","51"
"36","81","42","105","163"
"37","81","207","124","69"
"38","81","241","246","56"
"39","81","150","210","97"
"40","81","23","94","14"
"41","81","153","202","133"
"42","81","230","246","144"
"43","81","12","6","149"
"44","81","32","26","169"
"45","81","164","191","89"
"46","81","125","229","138"
"47","81","200","59","246"
"48","81","175","246","144"
"49","81","180","6","138"
"50","81","211","59","202"
"51","81","230","78","221"
"52","81","34","116","226"
"53","81","109","180","12"
"54","81","183","210","9"
"55","81","210","215","25"
"56","81","252","1","111"
"57","81","15","31","185"
"58","81","119","146","77"
"59","81","205","210","152"
"60","81","133","83","3"
"61","81","237","132","231"
"62","81","188","240","17"
"63","81","240","204","105"
"64","81","185","72","20"
"65","81","181","46","118"
"66","81","13","145","151"
"67","81","117","249","211"
"68","81","104","247","143"
"69","81","156","54","151"
"70","81","117","15","112"
"71","81","82","236","132"
"72","81","101","255","118"
"73","81","95","249","112"
"74","81","115","13","132"
"75","81","101","255","118"
"76","81","95","249","112"
"77","81","115","13","132"
"78","81","101","255","118"
"79","81","95","249","112"
"80","81","115","13","132"
"81","81","101","255","118"
"82","81","95","249","112"
"83","81","115","13","132"
"84","81","101","255","118"
"85","81","95","249","112"
"86","81","115","13","132"
"87","81","101","255","118"
"88","81","95","249","112"
"89","81","115","13","132"
"90","81","101","255","118"
"91","81","95","249","112"
"92","81","115","13","132"
"93","81","101","255","118"
"94","81","95","249","112"
"95","81","115","13","132"
"96","81","101","255","118"
"97","81","95","249","112"
"98","81","115","13","132"
"99","81","101","255","118"
"0","82","95","249","112"
"1","82","115","13","132"
"2","82","101","255","118"
"3","82","95","249","112"
"4","82","115","13","132"
"5","82","101","255","118"
"6","82","95","249","112"
"7","82","115","13","132"
"8","82","101","255","118"
"9","82","95","249","112"
"10","82","115","13","132"
"11","82","101","255","118"
"12","82","95","249","112"
"13","82","115","13","132"
"14","82","101","255","118"
"15","82","95","249","112"
"16","82","115","2","154"
"17","82","101","244","140"
"18","82","95","238","134"
"19","82","115","13","132"
"20","82","101","255","118"
"21","82","95","249","112"
"22","82","115","13","132"
"23","82","101","255","118"
"24","82","95","249","112"
"25","82","115","13","132"
"26","82","101","255","118"
"27","82","95","249","112"
"28","82","115","13","132"
"29","82","101","255","118"
"30","82","95","249","112"
"31","82","137","2","154"
"32","82","112","211","140"
"33","82","150","249","178"
"34","82","71","214","143"
"35","82","247","178","195"
"36","82","95","125","252"
"37","82","153","249","18"
"38","82","1","174","141"
"39","82","188","149","248"
"40","82","186","180","100"
"41","82","161","144","97"
"42","82","78","72","248"
"43","82","76","70","213"
"44","82","29","45","177"
"45","82","45","105","226"
"46","82","255","103","246"
"47","82","208","56","221"
"48","82","1","50","237"
"49","82","32","81","12"
"50","82","51","100","31"
"51","82","78","127","58"
"52","82","164","191","100"
"53","82","205","221","97"
"54","82","9","237","102"
"55","82","51","23","122"
"56","82","70","42","141"
"57","82","196","168","11"
"58","82","161","133","232"
"59","82","144","83","127"
"60","82","25","165","143"
"61","82","133","229","108"
"62","82","191","210","1"
"63","82","106","59","7"
"64","82","184","93","154"
"65","82","68","200","184"
"66","82","194","70","32"
"67","82","82","225","154"
"68","82","68","211","129"
"69","82","117","4","156"
"70","82","27","170","132"
"71","82","156","54","173"
"72","82","95","249","112"
"73","82","115","13","132"
"74","82","101","255","118"
"75","82","95","249","112"
"76","82","115","13","132"
"77","82","101","255","118"
"78","82","95","249","112"
"79","82","115","13","132"
"80","82","101","255","118"
"81","82","95","249","112"
"82","82","115","13","132"
"83","82","101","255","118"
"84","82","95","249","112"
"85","82","115","13","132"
"86","82","101","255","118"
"87","82","95","249","112"
"88","82","115","13","132"
"89","82","101","255","118"
"90","82","95","249","112"
"91","82","115","13","132"
"92","82","101","255","118"
"93","82","95","249","112"
"94","82","115","13","132"
"95","82","101","255","118"
"96","82","95","249","112"
"97","82","115","13","132"
"98","82","101","255","118"
"99","82","95","249","112"
"0","83","115","13","132"
"1","83","101","255","118"
"2","83","95","249","112"
"3","83","115","13","132"
"4","83","101","255","118"
"5","83","95","249","112"
"6","83","115","13","132"
"7","83","101","255","118"
"8","83","95","249","112"
"9","83","115","13","132"
"10","83","101","255","118"
"11","83","95","249","112"
"12","83","115","13","132"
"13","83","101","255","118"
"14","83","95","249","112"
"15","83","115","13","132"
"16","83","101","255","118"
"17","83","95","249","112"
"18","83","115","13","132"
"19","83","101","255","118"
"20","83","95","249","112"
"21","83","115","13","132"
"22","83","101","255","118"
"23","83","95","249","112"
"24","83","115","13","132"
"25","83","101","255","118"
"26","83","95","249","112"
"27","83","115","13","132"
"28","83","101","255","118"
"29","83","95","249","112"
"30","83","115","2","154"
"31","83","123","244","140"
"32","83","117","205","112"
"33","83","214","46","165"
"34","83","123","233","118"
"35","83","150","59","222"
"36","83","27","236","242"
"37","83","236","10","137"
"38","83","100","185","243"
"39","83","158","31","221"
"40","83","125","20","108"
"41","83","188","105","14"
"42","83","186","147","67"
"43","83","161","155","75"
"44","83","78","94","248"
"45","83","43","103","246"
"46","83","241","67","199"
"47","83","34","105","3"
"48","83","76","103","34"
"49","83","106","111","75"
"50","83","144","149","91"
"51","83","208","191","144"
"52","83","227","221","141"
"53","83","20","237","157"
"54","83","95","45","199"
"55","83","103","53","185"
"56","83","152","80","190"
"57","83","70","9","75"
"58","83","144","50","61"
"59","83","25","154","77"
"60","83","166","251","53"
"61","83","213","243","180"
"62","83","230","216","43"
"63","83","93","24","41"
"64","83","156","54","239"
"65","83","95","238","134"
"66","83","49","192","132"
"67","83","145","32","217"
"68","83","139","26","211"
"69","83","82","225","154"
"70","83","123","10","195"
"71","83","73","216","134"
"72","83","115","2","154"
"73","83","101","255","118"
"74","83","95","249","112"
"75","83","115","13","132"
"76","83","101","255","118"
"77","83","95","249","112"
"78","83","115","13","132"
"79","83","101","255","118"
"80","83","95","249","112"
"81","83","115","13","132"
"82","83","101","255","118"
"83","83","95","249","112"
"84","83","115","13","132"
"85","83","101","255","118"
"86","83","95","249","112"
"87","83","115","13","132"
"88","83","101","255","118"
"89","83","95","249","112"
"90","83","115","13","132"
"91","83","101","255","118"
"92","83","95","249","112"
"93","83","115","13","132"
"94","83","101","255","118"
"95","83","95","249","112"
"96","83","115","13","132"
"97","83","101","255","118"
"98","83","95","249","112"
"99","83","115","13","132"
"0","84","101","255","118"
"1","84","95","249","112"
"2","84","115","13","132"
"3","84","101","255","118"
"4","84","95","249","112"
"5","84","115","13","132"
"6","84","101","255","118"
"7","84","95","249","112"
"8","84","115","13","132"
"9","84","101","255","118"
"10","84","95","249","112"
"11","84","115","13","132"
"12","84","101","255","118"
"13","84","95","249","112"
"14","84","115","13","132"
"15","84","101","255","118"
"16","84","95","249","112"
"17","84","115","13","132"
"18","84","101","255","118"
"19","84","95","249","112"
"20","84","115","13","132"
"21","84","101","255","118"
"22","84","95","249","112"
"23","84","115","2","154"
"24","84","101","255","118"
"25","84","95","238","134"
"26","84","115","2","154"
"27","84","101","244","140"
"28","84","95","238","134"
"29","84","115","2","154"
"30","84","101","244","140"
"31","84","117","238","112"
"32","84","181","13","132"
"33","84","134","222","118"
"34","84","139","249","112"
"35","84","82","225","132"
"36","84","123","54","228"
"37","84","252","216","189"
"38","84","195","181","8"
"39","84","230","4","197"
"40","84","185","14","105"
"41","84","81","199","210"
"42","84","92","20","152"
"43","84","210","160","146"
"44","84","219","213","210"
"45","84","117","144","75"
"46","84","177","215","80"
"47","84","186","224","89"
"48","84","183","188","108"
"49","84","221","204","157"
"50","84","51","12","199"
"51","84","81","20","218"
"52","84","97","47","223"
"53","84","194","111","42"
"54","84","246","152","105"
"55","84","39","212","143"
"56","84","158","64","185"
"57","84","177","50","94"
"58","84","168","19","198"
"59","84","23","86","122"
"60","84","161","169","51"
"61","84","252","205","222"
"62","84","60","13","176"
"63","84","79","255","118"
"64","84","84","238","112"
"65","84","137","35","132"
"66","84","123","21","140"
"67","84","18","161","112"
"68","84","82","214","176"
"69","84","134","10","228"
"70","84","84","216","178"
"71","84","137","24","209"
"72","84","101","244","162"
"73","84","95","249","112"
"74","84","115","13","132"
"75","84","101","255","118"
"76","84","95","249","112"
"77","84","115","13","132"
"78","84","101","255","118"
"79","84","95","238","134"
"80","84","115","13","132"
"81","84","101","255","118"
"82","84","95","249","112"
"83","84","115","13","132"
"84","84","101","255","118"
"85","84","95","249","112"
"86","84","115","13","132"
"87","84","101","255","118"
"88","84","95","249","112"
"89","84","115","13","132"
"90","84","101","255","118"
"91","84","95","249","112"
"92","84","115","13","132"
"93","84","101","255","118"
"94","84","95","249","112"
"95","84","115","13","132"
"96","84","101","255","118"
"97","84","95","249","112"
"98","84","115","13","132"
"99","84","101","255","118"
"0","85","95","249","112"
"1","85","115","13","132"
"2","85","101","255","118"
"3","85","95","249","112"
"4","85","115","13","132"
"5","85","101","255","118"
"6","85","95","249","112"
"7","85","115","13","132"
"8","85","101","255","118"
"9","85","95","249","112"
"10","85","115","13","132"
"11","85","101","255","118"
"12","85","95","249","112"
"13","85","115","13","132"
"14","85","101","255","118"
"15","85","95","249","112"
"16","85","115","13","132"
"17","85","101","255","118"
"18","85","95","249","112"
"19","85","115","13","132"
"20","85","101","255","118"
"21","85","95","249","112"
"22","85","115","2","154"
"23","85","101","244","140"
"24","85","95","238","134"
"25","85","115","2","154"
"26","85","101","244","140"
"27","85","95","238","134"
"28","85","115","2","154"
"29","85","101","255","118"
"30","85","95","249","112"
"31","85","137","2","132"
"32","85","68","178","118"
"33","85","194","37","178"
"34","85","115","236","132"
"35","85","68","211","118"
"36","85","62","205","112"
"37","85","115","24","187"
"38","85","156","87","27"
"39","85","230","172","244"
"40","85","27","35","27"
"41","85","241","59","227"
"42","85","229","124","223"
"43","85","15","210","174"
"44","85","92","86","83"
"45","85","9","14","212"
"46","85","40","45","155"
"47","85","249","254","86"
"48","85","53","47","212"
"49","85","117","78","254"
"50","85","147","97","251"
"51","85","207","102","22"
"52","85","4","155","75"
"53","85","45","196","138"
"54","85","105","11","220"
"55","85","180","86","39"
"56","85","232","116","14"
"57","85","58","176","198"
"58","85","175","216","117"
"59","85","13","255","2"
"60","85","241","183","21"
"61","85","49","203","154"
"62","85","112","10","129"
"63","85","117","26","112"
"64","85","137","46","132"
"65","85","57","222","118"
"66","85","128","26","123"
"67","85","126","13","165"
"68","85","101","244","173"
"69","85","117","249","211"
"70","85","71","203","165"
"71","85","101","244","173"
"72","85","95","238","134"
"73","85","115","13","132"
"74","85","101","255","118"
"75","85","95","249","112"
"76","85","115","13","132"
"77","85","101","255","118"
"78","85","95","249","112"
"79","85","115","2","154"
"80","85","101","255","118"
"81","85","95","249","112"
"82","85","115","13","132"
"83","85","101","255","118"
"84","85","95","249","112"
"85","85","115","13","132"
"86","85","101","255","118"
"87","85","95","249","112"
"88","85","115","13","132"
"89","85","101","255","118"
"90","85","95","249","112"
"91","85","115","13","132"
"92","85","101","255","118"
"93","85","95","249","112"
"94","85","115","13","132"
"95","85","101","255","118"
"96","85","95","249","112"
"97","85","115","13","132"
"98","85","101","255","118"
"99","85","95","249","112"
"0","86","115","13","132"
"1","86","101","255","118"
"2","86","95","249","112"
"3","86","115","13","132"
"4","86","101","255","118"
"5","86","95","249","112"
"6","86","115","13","132"
"7","86","101","255","118"
"8","86","95","249","112"
"9","86","115","13","132"
"10","86","101","255","118"
"11","86","95","249","112"
"12","86","115","13","132"
"13","86","101","255","118"
"14","86","95","249","112"
"15","86","115","13","132"
"16","86","101","255","118"
"17","86","95","249","112"
"18","86","115","13","132"
"19","86","101","255","118"
"20","86","95","249","112"
"21","86","115","13","132"
"22","86","101","255","118"
"23","86","95","249","112"
"24","86","115","13","132"
"25","86","101","255","118"
"26","86","95","249","112"
"27","86","115","13","132"
"28","86","101","255","118"
"29","86","95","249","112"
"30","86","115","13","132"
"31","86","101","255","118"
"32","86","84","249","156"
"33","86","93","247","176"
"34","86","79","10","173"
"35","86","106","15","156"
"36","86","148","35","187"
"37","86","123","244","140"
"38","86","73","161","112"
"39","86","104","225","41"
"40","86","46","222","192"
"41","86","153","150","40"
"42","86","65","194","216"
"43","86","125","53","185"
"44","86","141","135","44"
"45","86","4","254","163"
"46","86","224","185","28"
"47","86","61","22","121"
"48","86","48","53","163"
"49","86","45","50","160"
"50","86","138","66","154"
"51","86","202","108","207"
"52","86","232","138","3"
"53","86","248","154","41"
"54","86","12","174","127"
"55","86","254","160","113"
"56","86","80","220","118"
"57","86","194","23","78"
"58","86","93","90","2"
"59","86","7","172","197"
"60","86","93","225","85"
"61","86","134","233","250"
"62","86","194","48","244"
"63","86","82","203","132"
"64","86","57","211","118"
"65","86","106","15","112"
"66","86","126","24","132"
"67","86","123","21","140"
"68","86","84","227","145"
"69","86","93","236","165"
"70","86","112","255","173"
"71","86","95","238","134"
"72","86","115","13","132"
"73","86","101","255","118"
"74","86","95","249","112"
"75","86","115","13","132"
"76","86","101","255","118"
"77","86","95","249","112"
"78","86","115","13","132"
"79","86","101","244","140"
"80","86","95","249","112"
"81","86","115","13","132"
"82","86","101","255","118"
"83","86","95","249","112"
"84","86","115","13","132"
"85","86","101","255","118"
"86","86","95","249","112"
"87","86","115","13","132"
"88","86","101","255","118"
"89","86","95","249","112"
"90","86","115","13","132"
"91","86","101","255","118"
"92","86","95","249","112"
"93","86","115","13","132"
"94","86","101","255","118"
"95","86","95","249","112"
"96","86","115","13","132"
"97","86","101","255","118"
"98","86","95","249","112"
"99","86","115","13","132"
"0","87","101","255","118"
"1","87","95","249","112"
"2","87","115","13","132"
"3","87","101","255","118"
"4","87","95","249","112"
"5","87","115","13","132"
"6","87","101","255","118"
"7","87","95","249","112"
"8","87","115","13","132"
"9","87","101","255","118"
"10","87","95","249","112"
"11","87","115","13","132"
"12","87","101","255","118"
"13","87","95","249","112"
"14","87","115","13","132"
"15","87","101","255","118"
"16","87","95","249","112"
"17","87","115","13","132"
"18","87","101","255","118"
"19","87","95","249","112"
"20","87","115","13","132"
"21","87","101","255","118"
"22","87","95","249","112"
"23","87","115","13","132"
"24","87","101","255","118"
"25","87","95","249","112"
"26","87","115","13","132"
"27","87","101","255","118"
"28","87","95","249","112"
"29","87","115","13","132"
"30","87","101","255","118"
"31","87","84","4","112"
"32","87","104","35","209"
"33","87","13","211","151"
"34","87","51","249","189"
"35","87","82","13","187"
"36","87","90","222","184"
"37","87","117","205","200"
"38","87","148","203","8"
"39","87","211","10","170"
"40","87","15","158","194"
"41","87","79","54","211"
"42","87","150","12","23"
"43","87","155","83","171"
"44","87","131","136","246"
"45","87","183","188","42"
"46","87","86","47","124"
"47","87","227","188","9"
"48","87","246","6","116"
"49","87","17","22","110"
"50","87","114","75","141"
"51","87","188","105","182"
"52","87","226","143","220"
"53","87","213","119","240"
"54","87","100","50","226"
"55","87","50","223","154"
"56","87","1","141","39"
"57","87","15","78","144"
"58","87","230","183","139"
"59","87","137","24","93"
"60","87","112","211","148"
"61","87","95","161","21"
"62","87","115","192","253"
"63","87","145","244","239"
"64","87","139","26","178"
"65","87","82","236","132"
"66","87","101","255","118"
"67","87","84","238","112"
"68","87","126","13","165"
"69","87","145","32","184"
"70","87","73","227","112"
"71","87","104","2","132"
"72","87","101","255","118"
"73","87","95","249","112"
"74","87","115","13","132"
"75","87","101","255","118"
"76","87","95","249","112"
"77","87","115","13","132"
"78","87","101","255","118"
"79","87","95","238","134"
"80","87","115","13","132"
"81","87","101","255","118"
"82","87","95","249","112"
"83","87","115","13","132"
"84","87","101","255","118"
"85","87","95","249","112"
"86","87","115","13","132"
"87","87","101","255","118"
"88","87","95","249","112"
"89","87","115","13","132"
"90","87","101","255","118"
"91","87","95","249","112"
"92","87","115","13","132"
"93","87","101","255","118"
"94","87","95","249","112"
"95","87","115","13","132"
"96","87","101","255","118"
"97","87","95","249","112"
"98","87","115","13","132"
"99","87","101","255","118"
"0","88","95","249","112"
"1","88","115","13","132"
"2","88","101","255","118"
"3","88","95","249","112"
"4","88","115","13","132"
"5","88","101","255","118"
"6","88","95","249","112"
"7","88","115","13","132"
"8","88","101","255","118"
"9","88","95","249","112"
"10","88","115","13","132"
"11","88","101","255","118"
"12","88","95","249","112"
"13","88","115","13","132"
"14","88","101","255","118"
"15","88","95","249","112"
"16","88","115","13","132"
"17","88","101","255","118"
"18","88","95","249","112"
"19","88","115","13","132"
"20","88","101","255","118"
"21","88","95","249","112"
"22","88","115","13","132"
"23","88","101","255","118"
"24","88","84","238","112"
"25","88","115","13","132"
"26","88","112","10","118"
"27","88","106","4","112"
"28","88","115","13","132"
"29","88","90","244","118"
"30","88","84","249","112"
"31","88","104","24","132"
"32","88","35","233","118"
"33","88","106","59","222"
"34","88","82","24","242"
"35","88","24","200","217"
"36","88","95","183","32"
"37","88","60","93","30"
"38","88","68","68","60"
"39","88","216","227","51"
"40","88","54","164","65"
"41","88","238","202","191"
"42","88","232","83","138"
"43","88","131","92","169"
"44","88","95","122","199"
"45","88","100","127","204"
"46","88","120","136","180"
"47","88","150","155","221"
"48","88","166","204","47"
"49","88","62","100","199"
"50","88","114","119","185"
"51","88","174","135","201"
"52","88","37","232","42"
"53","88","1","185","17"
"54","88","196","146","44"
"55","88","59","232","141"
"56","88","177","61","193"
"57","88","108","149","226"
"58","88","68","244","233"
"59","88","32","142","43"
"60","88","106","150","219"
"61","88","104","137","162"
"62","88","189","244","247"
"63","88","117","216","131"
"64","88","104","225","8"
"65","88","79","211","173"
"66","88","106","249","178"
"67","88","137","24","176"
"68","88","90","244","118"
"69","88","73","227","112"
"70","88","104","2","132"
"71","88","90","244","118"
"72","88","84","238","112"
"73","88","104","2","132"
"74","88","90","244","118"
"75","88","95","249","112"
"76","88","115","13","132"
"77","88","101","255","118"
"78","88","95","249","112"
"79","88","115","13","132"
"80","88","101","255","118"
"81","88","95","249","112"
"82","88","115","13","132"
"83","88","101","255","118"
"84","88","95","249","112"
"85","88","115","13","132"
"86","88","101","255","118"
"87","88","95","249","112"
"88","88","115","13","132"
"89","88","101","255","118"
"90","88","95","249","112"
"91","88","115","13","132"
"92","88","101","255","118"
"93","88","95","249","112"
"94","88","115","13","132"
"95","88","101","255","118"
"96","88","95","249","112"
"97","88","115","13","132"
"98","88","101","255","118"
"99","88","95","249","112"
"0","89","115","13","132"
"1","89","101","255","118"
"2","89","95","249","112"
"3","89","115","13","132"
"4","89","101","255","118"
"5","89","95","249","112"
"6","89","115","13","132"
"7","89","101","255","118"
"8","89","95","249","112"
"9","89","115","13","132"
"10","89","101","255","118"
"11","89","95","249","112"
"12","89","115","13","132"
"13","89","101","255","118"
"14","89","95","249","112"
"15","89","115","13","132"
"16","89","101","255","118"
"17","89","95","249","112"
"18","89","115","13","132"
"19","89","101","255","118"
"20","89","95","249","112"
"21","89","115","13","132"
"22","89","101","255","118"
"23","89","95","249","112"
"24","89","115","13","132"
"25","89","101","255","118"
"26","89","95","249","112"
"27","89","104","2","132"
"28","89","90","244","118"
"29","89","84","238","112"
"30","89","104","2","132"
"31","89","101","255","118"
"32","89","106","15","134"
"33","89","71","2","176"
"34","89","35","211","228"
"35","89","51","161","32"
"36","89","71","115","118"
"37","89","35","46","126"
"38","89","84","62","186"
"39","89","137","126","71"
"40","89","175","18","241"
"41","89","254","218","229"
"42","89","29","136","213"
"43","89","29","246","89"
"44","89","246","6","116"
"45","89","43","114","202"
"46","89","40","89","133"
"47","89","89","127","204"
"48","89","186","246","133"
"49","89","150","210","97"
"50","89","31","47","157"
"51","89","172","155","221"
"52","89","136","97","174"
"53","89","141","102","179"
"54","89","183","133","9"
"55","89","114","42","152"
"56","89","229","91","201"
"57","89","92","111","166"
"58","89","241","161","161"
"59","89","161","4","205"
"60","89","82","148","38"
"61","89","167","200","79"
"62","89","194","4","128"
"63","89","13","90","148"
"64","89","164","7","178"
"65","89","172","37","109"
"66","89","60","192","198"
"67","89","112","244","206"
"68","89","128","26","145"
"69","89","104","2","132"
"70","89","90","255","118"
"71","89","117","26","112"
"72","89","137","35","132"
"73","89","123","21","118"
"74","89","106","4","123"
"75","89","115","13","132"
"76","89","101","255","118"
"77","89","95","249","112"
"78","89","115","13","132"
"79","89","101","255","118"
"80","89","95","249","112"
"81","89","115","13","132"
"82","89","101","255","118"
"83","89","95","249","112"
"84","89","115","13","132"
"85","89","101","255","118"
"86","89","95","249","112"
"87","89","115","13","132"
"88","89","101","255","118"
"89","89","95","249","112"
"90","89","115","13","132"
"91","89","101","255","118"
"92","89","95","249","112"
"93","89","115","13","132"
"94","89","101","255","118"
"95","89","95","249","112"
"96","89","115","13","132"
"97","89","101","255","118"
"98","89","95","249","112"
"99","89","115","13","132"
"0","90","101","255","118"
"1","90","95","249","112"
"2","90","115","13","132"
"3","90","101","255","118"
"4","90","95","249","112"
"5","90","115","13","132"
"6","90","101","255","118"
"7","90","95","249","112"
"8","90","115","13","132"
"9","90","101","255","118"
"10","90","95","249","112"
"11","90","115","13","132"
"12","90","101","255","118"
"13","90","95","249","112"
"14","90","115","13","132"
"15","90","101","255","118"
"16","90","95","238","134"
"17","90","115","2","154"
"18","90","101","255","118"
"19","90","95","249","112"
"20","90","115","13","132"
"21","90","101","255","118"
"22","90","95","249","112"
"23","90","115","13","132"
"24","90","112","10","118"
"25","90","95","249","112"
"26","90","104","2","132"
"27","90","90","244","118"
"28","90","84","227","123"
"29","90","115","2","154"
"30","90","101","244","140"
"31","90","95","238","134"
"32","90","137","2","154"
"33","90","101","211","173"
"34","90","205","37","142"
"35","90","13","57","60"
"36","90","123","101","225"
"37","90","51","18","197"
"38","90","93","60","5"
"39","90","247","2","203"
"40","90","18","117","84"
"41","90","200","142","142"
"42","90","95","180","235"
"43","90","213","141","251"
"44","90","189","205","103"
"45","90","219","23","166"
"46","90","202","28","138"
"47","90","211","37","169"
"48","90","252","67","243"
"49","90","56","105","58"
"50","90","175","180","100"
"51","90","249","243","130"
"52","90","31","3","124"
"53","90","18","235","78"
"54","90","26","210","64"
"55","90","119","14","113"
"56","90","37","122","177"
"57","90","147","155","199"
"58","90","15","169","169"
"59","90","27","126","93"
"60","90","145","200","134"
"61","90","15","70","4"
"62","90","13","68","2"
"63","90","131","219","98"
"64","90","78","166","191"
"65","90","24","123","60"
"66","90","46","156","27"
"67","90","73","194","233"
"68","90","148","35","220"
"69","90","90","244","118"
"70","90","73","227","112"
"71","90","115","13","132"
"72","90","101","255","118"
"73","90","95","249","112"
"74","90","104","247","143"
"75","90","90","233","129"
"76","90","84","227","123"
"77","90","115","13","132"
"78","90","101","255","118"
"79","90","106","4","112"
"80","90","115","13","132"
"81","90","101","255","118"
"82","90","95","249","112"
"83","90","115","13","132"
"84","90","101","255","118"
"85","90","95","249","112"
"86","90","115","13","132"
"87","90","101","255","118"
"88","90","95","249","112"
"89","90","115","13","132"
"90","90","101","255","118"
"91","90","95","249","112"
"92","90","115","13","132"
"93","90","101","255","118"
"94","90","95","249","112"
"95","90","115","13","132"
"96","90","101","255","118"
"97","90","95","249","112"
"98","90","115","13","132"
"99","90","101","255","118"
"0","91","95","249","112"
"1","91","115","13","132"
"2","91","101","255","118"
"3","91","95","249","112"
"4","91","115","13","132"
"5","91","101","255","118"
"6","91","95","249","112"
"7","91","115","13","132"
"8","91","101","255","118"
"9","91","95","249","112"
"10","91","115","13","132"
"11","91","101","255","118"
"12","91","95","249","112"
"13","91","115","13","132"
"14","91","101","255","118"
"15","91","95","249","112"
"16","91","115","2","154"
"17","91","101","244","140"
"18","91","95","249","112"
"19","91","115","13","132"
"20","91","101","255","118"
"21","91","95","249","112"
"22","91","115","13","132"
"23","91","101","255","118"
"24","91","95","249","112"
"25","91","115","13","132"
"26","91","101","244","140"
"27","91","95","238","156"
"28","91","126","2","220"
"29","91","112","244","228"
"30","91","106","238","222"
"31","91","148","247","8"
"32","91","123","200","228"
"33","91","139","183","32"
"34","91","57","90","49"
"35","91","131","109","200"
"36","91","238","205","128"
"37","91","181","137","104"
"38","91","145","101","68"
"39","91","29","29","7"
"40","91","217","60","5"
"41","91","148","68","57"
"42","91","227","23","34"
"43","91","87","216","26"
"44","91","175","125","1"
"45","91","48","64","218"
"46","91","123","183","81"
"47","91","87","158","100"
"48","91","114","163","138"
"49","91","32","48","34"
"50","91","7","34","221"
"51","91","235","229","138"
"52","91","109","81","224"
"53","91","172","133","232"
"54","91","199","94","193"
"55","91","29","103","191"
"56","91","238","1","45"
"57","91","70","12","34"
"58","91","250","126","126"
"59","91","90","189","156"
"60","91","4","70","48"
"61","91","134","189","145"
"62","91","76","131","87"
"63","91","147","202","136"
"64","91","211","21","123"
"65","91","21","109","134"
"66","91","128","227","186"
"67","91","115","225","96"
"68","91","101","222","5"
"69","91","106","238","200"
"70","91","115","2","176"
"71","91","79","222","118"
"72","91","95","238","134"
"73","91","115","2","176"
"74","91","90","233","151"
"75","91","84","227","145"
"76","91","115","2","154"
"77","91","101","255","118"
"78","91","106","4","112"
"79","91","126","24","132"
"80","91","101","255","118"
"81","91","95","249","112"
"82","91","115","13","132"
"83","91","101","255","118"
"84","91","95","249","112"
"85","91","115","13","132"
"86","91","101","255","118"
"87","91","95","249","112"
"88","91","115","13","132"
"89","91","101","255","118"
"90","91","95","249","112"
"91","91","115","13","132"
"92","91","101","255","118"
"93","91","95","249","112"
"94","91","115","13","132"
"95","91","101","255","118"
"96","91","95","249","112"
"97","91","115","13","132"
"98","91","101","255","118"
"99","91","95","249","112"
"0","92","115","13","132"
"1","92","101","255","118"
"2","92","95","249","112"
"3","92","115","13","132"
"4","92","101","255","118"
"5","92","95","249","112"
"6","92","115","13","132"
"7","92","101","255","118"
"8","92","95","249","112"
"9","92","115","13","132"
"10","92","101","255","118"
"11","92","95","249","112"
"12","92","115","13","132"
"13","92","101","255","118"
"14","92","95","249","112"
"15","92","115","13","132"
"16","92","101","244","140"
"17","92","95","238","134"
"18","92","115","13","132"
"19","92","101","255","118"
"20","92","95","249","112"
"21","92","115","13","132"
"22","92","101","255","118"
"23","92","95","249","112"
"24","92","115","2","154"
"25","92","101","244","162"
"26","92","95","227","189"
"27","92","115","247","253"
"28","92","101","222","16"
"29","92","95","216","32"
"30","92","93","203","74"
"31","92","101","178","93"
"32","92","139","183","164"
"33","92","148","170","195"
"34","92","178","167","203"
"35","92","227","205","40"
"36","92","35","13","137"
"37","92","32","255","178"
"38","92","227","238","183"
"39","92","203","225","192"
"40","92","68","134","90"
"41","92","7","150","73"
"42","92","184","137","71"
"43","92","90","131","76"
"44","92","191","53","75"
"45","92","255","161","26"
"46","92","65","48","23"
"47","92","103","97","105"
"48","92","145","139","136"
"49","92","87","92","56"
"50","92","180","185","127"
"51","92","21","15","191"
"52","92","230","202","89"
"53","92","67","229","94"
"54","92","153","4","81"
"55","92","51","70","114"
"56","92","84","26","26"
"57","92","49","181","181"
"58","92","167","10","255"
"59","92","81","147","125"
"60","92","79","123","112"
"61","92","109","164","120"
"62","92","70","125","81"
"63","92","79","101","46"
"64","92","10","43","200"
"65","92","238","26","128"
"66","92","247","35","104"
"67","92","189","244","247"
"68","92","139","216","131"
"69","92","170","2","107"
"70","92","156","244","49"
"71","92","106","205","222"
"72","92","148","247","242"
"73","92","134","244","206"
"74","92","128","238","178"
"75","92","148","2","187"
"76","92","134","255","151"
"77","92","117","238","112"
"78","92","137","2","132"
"79","92","123","244","118"
"80","92","95","249","112"
"81","92","115","13","132"
"82","92","101","255","118"
"83","92","95","249","112"
"84","92","115","13","132"
"85","92","101","255","118"
"86","92","95","249","112"
"87","92","115","13","132"
"88","92","101","255","118"
"89","92","95","249","112"
"90","92","115","13","132"
"91","92","101","255","118"
"92","92","95","249","112"
"93","92","115","13","132"
"94","92","101","255","118"
"95","92","95","249","112"
"96","92","115","13","132"
"97","92","101","255","118"
"98","92","95","249","112"
"99","92","115","13","132"
"0","93","101","255","118"
"1","93","95","249","112"
"2","93","115","13","132"
"3","93","101","255","118"
"4","93","95","249","112"
"5","93","115","13","132"
"6","93","101","255","118"
"7","93","95","249","112"
"8","93","115","13","132"
"9","93","101","255","118"
"10","93","95","249","112"
"11","93","115","13","132"
"12","93","101","255","118"
"13","93","95","249","112"
"14","93","115","13","132"
"15","93","101","255","118"
"16","93","95","238","134"
"17","93","115","2","154"
"18","93","101","255","118"
"19","93","95","249","112"
"20","93","115","13","132"
"21","93","101","255","118"
"22","93","95","249","112"
"23","93","115","13","132"
"24","93","101","244","162"
"25","93","106","238","200"
"26","93","115","247","253"
"27","93","90","211","27"
"28","93","62","172","54"
"29","93","49","148","85"
"30","93","24","123","82"
"31","93","18","106","131"
"32","93","82","115","250"
"33","93","101","112","24"
"34","93","73","73","197"
"35","93","126","104","228"
"36","93","189","189","79"
"37","93","205","216","150"
"38","93","203","225","192"
"39","93","222","10","255"
"40","93","216","26","238"
"41","93","170","247","170"
"42","93","46","178","46"
"43","93","186","106","252"
"44","93","16","236","214"
"45","93","76","117","194"
"46","93","235","108","61"
"47","93","134","40","37"
"48","93","142","103","23"
"49","93","147","108","28"
"50","93","145","139","48"
"51","93","120","114","23"
"52","93","202","152","28"
"53","93","87","238","70"
"54","93","120","172","216"
"55","93","186","128","150"
"56","93","104","236","214"
"57","93","21","87","65"
"58","93","158","224","202"
"59","93","156","200","189"
"60","93","21","65","54"
"61","93","4","48","37"
"62","93","2","24","225"
"63","93","211","233","178"
"64","93","194","227","150"
"65","93","181","214","137"
"66","93","189","222","101"
"67","93","205","249","95"
"68","93","192","236","49"
"69","93","145","200","214"
"70","93","139","216","131"
"71","93","148","225","107"
"72","93","112","200","5"
"73","93","106","205","222"
"74","93","126","236","198"
"75","93","123","233","162"
"76","93","117","238","134"
"77","93","148","13","143"
"78","93","134","255","118"
"79","93","128","249","112"
"80","93","115","13","132"
"81","93","101","255","118"
"82","93","95","249","112"
"83","93","115","13","132"
"84","93","101","255","118"
"85","93","95","249","112"
"86","93","115","13","132"
"87","93","101","255","118"
"88","93","95","249","112"
"89","93","115","13","132"
"90","93","101","255","118"
"91","93","95","249","112"
"92","93","115","13","132"
"93","93","101","255","118"
"94","93","95","249","112"
"95","93","115","13","132"
"96","93","101","255","118"
"97","93","95","249","112"
"98","93","115","13","132"
"99","93","101","255","118"
"0","94","95","249","112"
"1","94","115","13","132"
"2","94","101","255","118"
"3","94","95","249","112"
"4","94","115","13","132"
"5","94","101","255","118"
"6","94","95","249","112"
"7","94","115","13","132"
"8","94","101","255","118"
"9","94","95","249","112"
"10","94","115","13","132"
"11","94","101","255","118"
"12","94","95","249","112"
"13","94","115","13","132"
"14","94","101","255","118"
"15","94","95","249","112"
"16","94","115","2","154"
"17","94","101","244","140"
"18","94","95","249","112"
"19","94","115","13","132"
"20","94","101","255","118"
"21","94","95","249","112"
"22","94","115","13","132"
"23","94","101","244","140"
"24","94","95","238","167"
"25","94","115","247","231"
"26","94","90","211","5"
"27","94","51","161","43"
"28","94","38","137","96"
"29","94","2","90","115"
"30","94","252","73","153"
"31","94","27","93","217"
"32","94","236","57","236"
"33","94","51","106","62"
"34","94","93","115","60"
"35","94","90","101","35"
"36","94","84","106","51"
"37","94","93","148","104"
"38","94","79","145","123"
"39","94","139","205","161"
"40","94","225","24","214"
"41","94","21","32","200"
"42","94","81","103","216"
"43","94","46","68","203"
"44","94","101","167","123"
"45","94","84","238","249"
"46","94","57","54","120"
"47","94","241","59","169"
"48","94","158","75","130"
"49","94","156","117","183"
"50","94","186","158","1"
"51","94","213","185","50"
"52","94","112","40","128"
"53","94","101","208","29"
"54","94","40","48","70"
"55","94","247","123","123"
"56","94","208","18","252"
"57","94","224","246","213"
"58","94","145","167","156"
"59","94","32","43","65"
"60","94","227","15","26"
"61","94","214","236","225"
"62","94","189","200","145"
"63","94","183","194","128"
"64","94","203","225","170"
"65","94","134","156","101"
"66","94","139","161","106"
"67","94","203","225","170"
"68","94","167","200","123"
"69","94","139","172","73"
"70","94","170","214","27"
"71","94","167","222","225"
"72","94","139","216","109"
"73","94","148","236","41"
"74","94","123","222","217"
"75","94","106","216","145"
"76","94","126","247","143"
"77","94","123","244","118"
"78","94","128","249","123"
"79","94","159","24","154"
"80","94","101","255","118"
"81","94","95","249","112"
"82","94","115","13","132"
"83","94","101","255","118"
"84","94","95","249","112"
"85","94","115","13","132"
"86","94","101","255","118"
"87","94","95","249","112"
"88","94","115","13","132"
"89","94","101","255","118"
"90","94","95","249","112"
"91","94","115","13","132"
"92","94","101","255","118"
"93","94","95","249","112"
"94","94","115","13","132"
"95","94","101","255","118"
"96","94","95","249","112"
"97","94","115","13","132"
"98","94","101","255","118"
"99","94","95","249","112"
"0","95","115","13","132"
"1","95","101","255","118"
"2","95","95","249","112"
"3","95","115","13","132"
"4","95","101","255","118"
"5","95","95","249","112"
"6","95","115","13","132"
"7","95","101","255","118"
"8","95","95","249","112"
"9","95","115","13","132"
"10","95","101","255","118"
"11","95","95","249","112"
"12","95","115","13","132"
"13","95","101","255","118"
"14","95","95","249","112"
"15","95","115","13","132"
"16","95","101","244","140"
"17","95","95","249","112"
"18","95","115","13","132"
"19","95","101","255","118"
"20","95","95","249","112"
"21","95","115","13","132"
"22","95","101","244","162"
"23","95","95","227","211"
"24","95","104","225","8"
"25","95","101","211","60"
"26","95","73","183","65"
"27","95","60","159","118"
"28","95","2","90","115"
"29","95","241","51","153"
"30","95","27","93","239"
"31","95","46","101","35"
"32","95","29","95","73"
"33","95","38","104","82"
"34","95","46","101","57"
"35","95","62","84","51"
"36","95","60","104","93"
"37","95","79","123","112"
"38","95","95","161","139"
"39","95","115","170","126"
"40","95","145","178","101"
"41","95","238","238","150"
"42","95","57","24","181"
"43","95","153","120","43"
"44","95","89","100","45"
"45","95","142","208","186"
"46","95","197","95","95"
"47","95","37","12","23"
"48","95","21","73","84"
"49","95","40","125","147"
"50","95","23","152","196"
"51","95","68","197","241"
"52","95","167","18","73"
"53","95","246","9","53"
"54","95","73","249","249"
"55","95","238","81","70"
"56","95","202","224","191"
"57","95","134","134","112"
"58","95","21","21","21"
"59","95","238","249","15"
"60","95","203","247","236"
"61","95","167","189","178"
"62","95","227","238","183"
"63","95","214","225","170"
"64","95","189","211","156"
"65","95","161","183","150"
"66","95","192","214","203"
"67","95","167","189","178"
"68","95","139","161","128"
"69","95","170","192","137"
"70","95","200","233","134"
"71","95","183","227","62"
"72","95","24","79","82"
"73","95","233","54","225"
"74","95","183","15","98"
"75","95","159","2","41"
"76","95","112","211","228"
"77","95","106","216","178"
"78","95","137","2","154"
"79","95","123","244","118"
"80","95","95","249","112"
"81","95","115","13","132"
"82","95","101","255","118"
"83","95","95","249","112"
"84","95","115","13","132"
"85","95","101","255","118"
"86","95","95","249","112"
"87","95","115","13","132"
"88","95","101","255","118"
"89","95","95","249","112"
"90","95","115","13","132"
"91","95","101","255","118"
"92","95","95","249","112"
"93","95","115","13","132"
"94","95","101","255","118"
"95","95","95","249","112"
"96","95","115","13","132"
"97","95","101","255","118"
"98","95","95","249","112"
"99","95","115","13","132"
"0","96","101","255","118"
"1","96","95","249","112"
"2","96","115","13","132"
"3","96","101","255","118"
"4","96","95","249","112"
"5","96","115","13","132"
"6","96","101","255","118"
"7","96","95","249","112"
"8","96","115","13","132"
"9","96","101","255","118"
"10","96","95","249","112"
"11","96","115","13","132"
"12","96","101","255","118"
"13","96","95","249","112"
"14","96","115","13","132"
"15","96","101","255","118"
"16","96","117","4","156"
"17","96","115","13","132"
"18","96","90","244","118"
"19","96","84","238","112"
"20","96","115","2","154"
"21","96","112","244","206"
"22","96","95","216","10"
"23","96","93","203","85"
"24","96","35","101","71"
"25","96","241","40","54"
"26","96","104","159","195"
"27","96","156","200","13"
"28","96","252","40","142"
"29","96","49","82","239"
"30","96","57","90","13"
"31","96","51","73","40"
"32","96","38","93","49"
"33","96","35","90","46"
"34","96","62","84","51"
"35","96","93","115","82"
"36","96","101","123","90"
"37","96","106","128","95"
"38","96","115","170","126"
"39","96","123","145","112"
"40","96","128","150","95"
"41","96","137","148","93"
"42","96","211","222","167"
"43","96","249","249","227"
"44","96","112","134","101"
"45","96","98","142","131"
"46","96","122","221","210"
"47","96","43","153","142"
"48","96","18","183","150"
"49","96","169","78","45"
"50","96","24","200","189"
"51","96","54","230","219"
"52","96","224","144","133"
"53","96","244","120","98"
"54","96","7","106","73"
"55","96","169","235","213"
"56","96","2","57","13"
"57","96","255","21","244"
"58","96","227","249","216"
"59","96","214","2","247"
"60","96","189","244","200"
"61","96","183","238","194"
"62","96","225","247","214"
"63","96","211","233","200"
"64","96","161","216","172"
"65","96","203","2","214"
"66","96","167","211","200"
"67","96","150","205","161"
"68","96","192","247","181"
"69","96","178","233","167"
"70","96","150","205","139"
"71","96","181","236","159"
"72","96","10","76","200"
"73","96","37","114","194"
"74","96","57","145","170"
"75","96","222","54","57"
"76","96","106","194","186"
"77","96","104","214","85"
"78","96","112","255","184"
"79","96","84","238","112"
"80","96","115","13","132"
"81","96","101","255","118"
"82","96","95","249","112"
"83","96","115","13","132"
"84","96","101","255","118"
"85","96","95","249","112"
"86","96","115","13","132"
"87","96","101","255","118"
"88","96","95","249","112"
"89","96","115","13","132"
"90","96","101","255","118"
"91","96","95","249","112"
"92","96","115","13","132"
"93","96","101","255","118"
"94","96","95","249","112"
"95","96","115","13","132"
"96","96","101","255","118"
"97","96","95","249","112"
"98","96","115","13","132"
"99","96","101","255","118"
"0","97","95","249","112"
"1","97","115","13","132"
"2","97","101","255","118"
"3","97","95","249","112"
"4","97","115","13","132"
"5","97","101","255","118"
"6","97","95","249","112"
"7","97","115","13","132"
"8","97","101","255","118"
"9","97","95","249","112"
"10","97","115","13","132"
"11","97","101","255","118"
"12","97","95","249","112"
"13","97","115","13","132"
"14","97","101","255","118"
"15","97","95","249","112"
"16","97","126","13","165"
"17","97","101","255","118"
"18","97","95","249","112"
"19","97","115","13","132"
"20","97","112","255","173"
"21","97","95","227","233"
"22","97","82","192","63"
"23","97","46","134","126"
"24","97","40","84","175"
"25","97","27","60","195"
"26","97","101","134","13"
"27","97","172","205","84"
"28","97","49","82","239"
"29","97","68","101","24"
"30","97","73","95","40"
"31","97","82","104","71"
"32","97","79","101","68"
"33","97","73","95","62"
"34","97","104","126","93"
"35","97","90","112","79"
"36","97","95","117","84"
"37","97","126","148","115"
"38","97","123","145","112"
"39","97","117","139","106"
"40","97","159","181","148"
"41","97","134","156","123"
"42","97","139","161","150"
"43","97","148","170","159"
"44","97","145","189","178"
"45","97","183","227","216"
"46","97","145","189","178"
"47","97","189","233","222"
"48","97","172","238","194"
"49","97","170","236","192"
"50","97","90","156","112"
"51","97","106","172","128"
"52","97","214","24","236"
"53","97","178","244","200"
"54","97","37","92","48"
"55","97","247","46","2"
"56","97","211","10","222"
"57","97","194","249","205"
"58","97","214","13","225"
"59","97","189","244","200"
"60","97","183","238","194"
"61","97","203","2","214"
"62","97","189","244","200"
"63","97","183","238","194"
"64","97","192","247","203"
"65","97","200","244","233"
"66","97","172","216","205"
"67","97","181","225","214"
"68","97","189","244","178"
"69","97","183","238","172"
"70","97","192","236","225"
"71","97","189","233","222"
"72","97","103","158","92"
"73","97","236","35","214"
"74","97","244","54","200"
"75","97","103","169","37"
"76","97","57","123","225"
"77","97","123","211","203"
"78","97","62","194","178"
"79","97","137","35","154"
"80","97","101","255","118"
"81","97","95","249","112"
"82","97","115","13","132"
"83","97","101","255","118"
"84","97","95","249","112"
"85","97","115","13","132"
"86","97","101","255","118"
"87","97","95","249","112"
"88","97","115","13","132"
"89","97","101","255","118"
"90","97","95","249","112"
"91","97","115","13","132"
"92","97","101","255","118"
"93","97","95","249","112"
"94","97","115","13","132"
"95","97","101","255","118"
"96","97","95","249","112"
"97","97","115","13","132"
"98","97","101","255","118"
"99","97","95","249","112"
"0","98","115","13","132"
"1","98","101","255","118"
"2","98","95","249","112"
"3","98","115","13","132"
"4","98","101","255","118"
"5","98","95","249","112"
"6","98","115","13","132"
"7","98","101","255","118"
"8","98","95","249","112"
"9","98","115","13","132"
"10","98","101","255","118"
"11","98","95","249","112"
"12","98","115","13","132"
"13","98","101","255","118"
"14","98","95","249","112"
"15","98","115","13","132"
"16","98","101","244","140"
"17","98","95","238","134"
"18","98","115","13","132"
"19","98","112","255","151"
"20","98","95","238","167"
"21","98","93","214","253"
"22","98","35","134","49"
"23","98","252","84","109"
"24","98","71","115","217"
"25","98","35","68","225"
"26","98","95","128","29"
"27","98","214","247","148"
"28","98","90","123","46"
"29","98","95","117","62"
"30","98","126","148","115"
"31","98","90","112","101"
"32","98","106","128","95"
"33","98","126","148","115"
"34","98","112","134","101"
"35","98","106","128","95"
"36","98","126","148","115"
"37","98","112","134","101"
"38","98","106","128","95"
"39","98","126","148","115"
"40","98","101","123","90"
"41","98","128","150","117"
"42","98","126","148","137"
"43","98","112","134","123"
"44","98","106","150","139"
"45","98","13","57","46"
"46","98","98","142","131"
"47","98","84","128","117"
"48","98","137","203","159"
"49","98","134","200","156"
"50","98","139","205","161"
"51","98","170","236","192"
"52","98","167","233","189"
"53","98","172","238","194"
"54","98","123","178","134"
"55","98","32","87","43"
"56","98","172","227","183"
"57","98","192","247","203"
"58","98","189","244","200"
"59","98","194","249","205"
"60","98","214","13","225"
"61","98","200","255","211"
"62","98","194","249","205"
"63","98","214","13","225"
"64","98","200","244","233"
"65","98","216","4","249"
"66","98","225","13","2"
"67","98","211","255","244"
"68","98","205","4","194"
"69","98","225","24","236"
"70","98","211","255","10"
"71","98","238","26","37"
"72","98","123","178","134"
"73","98","255","54","244"
"74","98","15","70","249"
"75","98","145","211","101"
"76","98","120","186","76"
"77","98","15","103","106"
"78","98","192","68","74"
"79","98","101","244","140"
"80","98","95","249","112"
"81","98","115","13","132"
"82","98","101","255","118"
"83","98","95","249","112"
"84","98","115","13","132"
"85","98","101","255","118"
"86","98","95","249","112"
"87","98","115","13","132"
"88","98","101","255","118"
"89","98","95","249","112"
"90","98","115","13","132"
"91","98","101","255","118"
"92","98","95","249","112"
"93","98","115","13","132"
"94","98","101","255","118"
"95","98","95","249","112"
"96","98","115","13","132"
"97","98","101","255","118"
"98","98","95","249","112"
"99","98","115","13","132"
"0","99","101","255","118"
"1","99","95","249","112"
"2","99","115","13","132"
"3","99","101","255","118"
"4","99","95","249","112"
"5","99","115","13","132"
"6","99","101","255","118"
"7","99","95","249","112"
"8","99","115","13","132"
"9","99","101","255","118"
"10","99","95","249","112"
"11","99","115","13","132"
"12","99","101","255","118"
"13","99","95","249","112"
"14","99","115","13","132"
"15","99","101","255","118"
"16","99","95","238","134"
"17","99","115","2","154"
"18","99","101","255","118"
"19","99","106","249","145"
"20","99","104","236","198"
"21","99","57","178","228"
"22","99","7","106","43"
"23","99","16","93","151"
"24","99","68","101","236"
"25","99","51","84","7"
"26","99","115","148","71"
"27","99","222","255","178"
"28","99","139","172","95"
"29","99","137","159","104"
"30","99","134","156","123"
"31","99","95","117","106"
"32","99","137","159","126"
"33","99","123","145","112"
"34","99","117","139","106"
"35","99","137","159","126"
"36","99","123","145","112"
"37","99","106","128","95"
"38","99","126","148","115"
"39","99","112","134","101"
"40","99","106","128","95"
"41","99","159","181","148"
"42","99","112","134","123"
"43","99","139","161","150"
"44","99","126","170","159"
"45","99","65","109","98"
"46","99","81","125","114"
"47","99","93","137","126"
"48","99","112","178","134"
"49","99","84","150","106"
"50","99","137","203","159"
"51","99","134","200","156"
"52","99","117","183","139"
"53","99","181","247","203"
"54","99","120","175","131"
"55","99","238","37","249"
"56","99","181","236","192"
"57","99","189","244","200"
"58","99","194","249","205"
"59","99","225","24","236"
"60","99","211","10","222"
"61","99","205","4","216"
"62","99","225","24","236"
"63","99","222","21","233"
"64","99","216","4","249"
"65","99","13","57","46"
"66","99","255","43","54"
"67","99","238","26","15"
"68","99","2","57","13"
"69","99","233","32","244"
"70","99","238","26","37"
"71","99","57","101","112"
"72","99","87","131","120"
"73","99","48","103","59"
"74","99","79","134","57"
"75","99","54","109","32"
"76","99","70","136","26"
"77","99","178","10","35"
"78","99","87","208","247"
"79","99","84","227","145"
"80","99","115","13","132"
"81","99","101","255","118"
"82","99","95","249","112"
"83","99","115","13","132"
"84","99","101","255","118"
"85","99","95","249","112"
"86","99","115","13","132"
"87","99","101","255","118"
"88","99","95","249","112"
"89","99","115","13","132"
"90","99","101","255","118"
"91","99","95","249","112"
"92","99","115","13","132"
"93","99","101","255","118"
"94","99","95","249","112"
"95","99","115","13","132"
"96","99","101","255","118"
"97","99","95","249","112"
"98","99","115","13","132"
"99","99","101","255","118"
